Azimuth_deg,MSE,FinalMaxMin,MaxMin,RadarOnly
-90,3.05300934401475,8.17964725305929,NaN,0.96389623753724
-89.9,3.05300836984477,8.17964534121982,NaN,0.963896237356442
-89.8,3.05300546008107,8.17963959602927,NaN,0.963896234644468
-89.7,3.05300065296296,8.17962998847159,NaN,0.963896222892616
-89.6,3.05299401222467,8.17961647018786,NaN,0.963896191253172
-89.5,3.05298562709834,8.17959897347812,NaN,0.963896124539609
-89.4,3.05297561231824,8.17957741130381,NaN,0.963896003226909
-89.3,3.05296410812609,8.17955167729121,NaN,0.96389580345205
-89.2,3.05295128027751,8.17952164573543,NaN,0.963895497014696
-89.1,3.05293732004948,8.17948717160553,NaN,0.963895051378181
-89,3.0529224442488,8.1794480905504,NaN,0.963894429670824
-88.9,3.05290689522146,8.17940421890568,NaN,0.9638935906877
-88.8,3.0528909408628,8.17935535370185,NaN,0.963892488892935
-88.7,3.05287487462843,8.17930127267334,NaN,0.963891074422657
-88.6,3.05285901554578,8.17924173426905,NaN,0.963889293088704
-88.5,3.05284370822615,8.17917647766416,NaN,0.963887086383239
-88.4,3.05282932287714,8.17910522277345,NaN,0.963884391484406
-88.3,3.05281625531536,8.17902767026625,NaN,0.96388114126318
-88.2,3.05280492697927,8.17894350158316,NaN,0.963877264291595
-88.1,3.05279578494193,8.17885237895458,NaN,0.963872684852498
-88,3.05278930192362,8.17875394542143,NaN,0.96386732295105
-87.9,3.05278597630404,8.17864782485794,NaN,0.963861094328154
-87.8,3.05278633213402,8.17853362199693,NaN,0.963853910476038
-87.7,3.05279091914639,8.17841092245761,NaN,0.963845678656189
-87.6,3.05280031276605,8.17827929277612,NaN,0.963836301919911
-87.5,3.05281511411872,8.17813828043909,NaN,0.96382567913172
-87.4,3.05283595003847,8.17798741392027,NaN,0.963813704995849
-87.3,3.05286347307356,8.17782620272066,NaN,0.963800270086124
-87.2,3.05289836149044,8.17765413741213,NaN,0.963785260879501
-87.1,3.05294131927568,8.17747068968498,NaN,0.963768559793523
-87,3.05299307613555,8.17727531239954,NaN,0.963750045228047
-86.9,3.05305438749292,8.17706743964212,NaN,0.963729591611507
-86.8,3.05312603448137,8.1768464867856,NaN,0.963707069452042
-86.7,3.05320882393594,8.17661185055487,NaN,0.963682345393851
-86.6,3.05330358838056,8.17636290909741,NaN,0.963655282279078
-86.5,3.05341118601159,8.17609902205938,NaN,0.963625739215604
-86.4,3.05353250067725,8.17581953066742,NaN,0.963593571651095
-86.3,3.05366844185261,8.1755237578165,NaN,0.963558631453684
-86.2,3.05381994460984,8.17521100816414,NaN,0.963520766999672
-86.1,3.05398796958329,8.17488056823137,NaN,0.963479823268626
-86,3.05417350292913,8.17453170651065,NaN,0.963435641946281
-85.9,3.05437755627908,8.17416367358117,NaN,0.963388061535667
-85.8,3.05460116668807,8.17377570223195,NaN,0.963336917476856
-85.7,3.05484539657514,8.17336700759281,NaN,0.963282042275764
-85.6,3.05511133365748,8.17293678727406,NaN,0.963223265642455
-85.5,3.05540009087705,8.17248422151471,NaN,0.963160414639371
-85.4,3.0557128063194,8.17200847334004,NaN,0.963093313839941
-85.3,3.05605064312436,8.17150868872872,NaN,0.963021785498044
-85.2,3.05641478938802,8.1709839967898,NaN,0.962945649728753
-85.1,3.05680645805577,8.17043350995021,NaN,0.962864724700876
-85,3.05722688680576,8.16985632415289,NaN,0.962778826841725
-84.9,3.05767733792254,8.16925151906622,NaN,0.962687771054631
-84.8,3.05815909816025,8.16861815830497,NaN,0.962591370949666
-84.7,3.05867347859502,8.16795528966335,NaN,0.962489439088083
-84.6,3.05922181446612,8.16726194536048,NaN,0.962381787240955
-84.5,3.05980546500529,8.16653714229878,NaN,0.962268226662517
-84.4,3.06042581325391,8.1657798823357,NaN,0.96214856837871
-84.3,3.06108426586744,8.16498915256922,NaN,0.96202262349145
-84.2,3.06178225290669,8.16416392563768,NaN,0.961890203499101
-84.1,3.06252122761544,8.16330316003416,NaN,0.96175112063367
-84,3.06330266618392,8.16240580043615,NaN,0.961605188215244
-83.9,3.06412806749763,8.16147077805082,NaN,0.96145222102416
-83.8,3.064998952871,8.16049701097628,NaN,0.961292035691424
-83.7,3.06591686576554,8.15948340457955,NaN,0.961124451107879
-83.6,3.06688337149171,8.15842885189143,NaN,0.960949288852629
-83.5,3.06790005689432,8.15733223401892,NaN,0.96076637364121
-83.4,3.06896853002074,8.15619242057566,NaN,0.960575533794011
-83.3,3.0700904197715,8.1550082701307,NaN,0.960376601725434
-83.2,3.07126737553284,8.15377863067633,NaN,0.960169414454252
-83.1,3.07250106679064,8.15250234011522,NaN,0.959953814135693
-83,3.07379318272526,8.1511782267674,NaN,0.959729648615641
-82.9,3.07514543178685,8.14980510989771,NaN,0.959496772007496
-82.8,3.07655954125061,8.14838180026392,NaN,0.95925504529206
-82.7,3.07803725675152,8.14690710068617,NaN,0.959004336940952
-82.6,3.0795803417981,8.1453798066382,NaN,0.958744523563916
-82.5,3.08119057726475,8.14379870686068,NaN,0.95847549058048
-82.4,3.08286976086216,8.14216258399723,NaN,0.958197132916316
-82.3,3.08461970658548,8.14047021525358,NaN,0.957909355724717
-82.2,3.08644224413954,8.1387203730801,NaN,0.957612075133497
-82.1,3.08833921834114,8.13691182587849,NaN,0.957305219017721
-82,3.09031248849754,8.13504333873268,NaN,0.956988727798501
-81.9,3.0923639277611,8.13311367416464,NaN,0.956662555268222
-81.8,3.09449542245952,8.13112159291533,NaN,0.956326669442444
-81.7,3.09670887140133,8.12906585475122,NaN,0.955981053438687
-81.6,3.09900618515643,8.12694521929687,NaN,0.95562570638239
-81.5,3.10138928531111,8.12475844689367,NaN,0.955260644340165
-81.4,3.10386010369746,8.12250429948549,NaN,0.954885901280553
-81.3,3.10642058159688,8.12018154153113,NaN,0.954501530062371
-81.2,3.10907266891716,8.11778894094424,NaN,0.954107603450763
-81.1,3.11181832334336,8.1153252700608,NaN,0.953704215161027
-81,3.11465950946178,8.11278930663461,NaN,0.953291480930173
-80.9,3.11759819785727,8.11017983486082,NaN,0.952869539616295
-80.8,3.12063636418337,8.10749564642799,NaN,0.952438554325576
-80.7,3.12377598820553,8.10473554159873,NaN,0.951998713566946
-80.6,3.12701905281686,8.1018983303192,NaN,0.951550232434103
-80.5,3.13036754302687,8.09898283335753,NaN,0.951093353814874
-80.4,3.13382344492271,8.09598788347143,NaN,0.950628349627476
-80.3,3.13738874460328,8.09291232660504,NaN,0.95015552208355
-80.2,3.14106542708604,8.08975502311504,NaN,0.949675204977516
-80.1,3.14485547518672,8.08651484902621,NaN,0.949187765001889
-80,3.14876086837204,8.08319069731629,NaN,0.94869360308809
-79.9,3.15278358158564,8.07978147923029,NaN,0.948193155772202
-79.8,3.15692558404736,8.07628612562404,NaN,0.94768689658514
-79.7,3.16118883802631,8.072703588337,NaN,0.947175337466573
-79.6,3.16557529758788,8.06903284159415,NaN,0.946659030201846
-79.5,3.17008690731511,8.06527288343681,NaN,0.946138567881218
-79.4,3.17472560100495,8.06142273718208,NaN,0.945614586380475
-79.3,3.17949330033971,8.05748145291086,NaN,0.945087765862071
-79.2,3.18439191353434,8.0534481089839,NaN,0.944558832295765
-79.1,3.1894233339602,8.04932181358561,NaN,0.944028558997744
-79,3.19458943874572,8.04510170629537,NaN,0.943497768187018
-78.9,3.19989208735491,8.04078695968562,NaN,0.942967332557949
-78.8,3.20533312014443,8.03637678094645,NaN,0.942438176867531
-78.7,3.21091435689991,8.03187041353602,NaN,0.941911279536139
-78.6,3.21663759535257,8.02726713885618,NaN,0.941387674260168
-78.5,3.22250460967709,8.02256627795264,NaN,0.940868451635108
-78.4,3.22851714897166,8.01776719323899,NaN,0.940354760787365
-78.3,3.23467693572145,8.01286929024371,NaN,0.939847811013115
-78.2,3.2409856642465,8.00787201937919,NaN,0.93934887342236
-78.1,3.24744499913545,8.00277487773219,NaN,0.938859282586282
-78,3.25405657366631,7.99757741087425,NaN,0.938380438185931
-77.9,3.26082198821568,7.99227921469137,NaN,0.937913806660038
-77.8,3.26774280865787,7.98687993723164,NaN,0.937460922849922
-77.7,3.27482056475557,7.98137928056955,NaN,0.937023391639026
-77.6,3.28205674854346,7.9757770026859,NaN,0.936602889584841
-77.5,3.28945281270665,7.97007291936164,NaN,0.936201166540627
-77.4,3.29701016895571,7.9642669060845,NaN,0.935820047264413
-77.3,3.30473018639993,7.95835889996658,NaN,0.935461433012528
-77.2,3.31261418992099,7.95234890167151,NaN,0.935127303114959
-77.1,3.32066345854893,7.9462369773494,NaN,0.934819716529558
-77,3.32887922384244,7.94002326057769,NaN,0.934540813372167
-76.9,3.33726266827574,7.93370795430628,NaN,0.934292816419598
-76.8,3.34581492363421,7.92729133280462,NaN,0.934078032582171
-76.7,3.35453706942115,7.92077374360905,NaN,0.933898854342685
-76.6,3.36343013127798,7.91415560946802,NaN,0.933757761158273
-76.5,3.37249507942043,7.90743743028301,NaN,0.933657320821786
-76.4,3.38173282709314,7.90061978504283,NaN,0.933600190779037
-76.3,3.39114422904553,7.89370333374887,NaN,0.933589119398287
-76.2,3.40073008003124,7.88668881932866,NaN,0.933626947188163
-76.1,3.41049111333432,7.87957706953531,NaN,0.933716607960179
-76,3.42042799932465,7.8723689988299,NaN,0.933861129931861
-75.9,3.43054134404576,7.86506561024408,NaN,0.934063636766478
-75.8,3.44083168783775,7.85766799721995,NaN,0.934327348545243
-75.7,3.45129950399852,7.85017734542419,NaN,0.934655582667706
-75.6,3.46194519748632,7.84259493453319,NaN,0.935051754676192
-75.5,3.4727691036667,7.83492213998612,NaN,0.935519378999716
-75.4,3.48377148710716,7.82716043470247,NaN,0.93606206961315
-75.3,3.49495254042259,7.81931139076059,NaN,0.936683540606947
-75.2,3.5063123831749,7.81137668103382,NaN,0.937387606662923
-75.1,3.51785106083009,7.80335808078037,NaN,0.938178183431495
-75,3.52956854377605,7.79525746918334,NaN,0.939059287805612
-74.9,3.54146472640469,7.78707683083693,NaN,0.940035038086636
-74.8,3.55353942626148,7.77881825717496,NaN,0.941109654037452
-74.7,3.56579238326608,7.77048394783748,NaN,0.942287456817905
-74.6,3.57822325900745,7.76207621197155,NaN,0.943572868797681
-74.5,3.59083163611673,7.75359746946166,NaN,0.944970413241851
-74.4,3.60361701772153,7.74505025208567,NaN,0.946484713864003
-74.3,3.616578826985,7.73643720459164,NaN,0.948120494242189
-74.2,3.62971640673292,7.72776108569114,NaN,0.949882577092612
-74.1,3.64302901917265,7.71902476896424,NaN,0.951775883396217
-74,3.65651584570669,7.71023124367169,NaN,0.953805431373194
-73.9,3.67017598684489,7.70138361546928,NaN,0.955976335300547
-73.8,3.6840084622179,7.69248510701956,NaN,0.95829380416774
-73.7,3.69801221069565,7.683539058496,NaN,0.960763140165687
-73.6,3.7121860906137,7.67454892797444,NaN,0.963389737004191
-73.5,3.72652888011064,7.66551829170691,NaN,0.966179078053116
-73.4,3.7410392775796,7.65645084427237,NaN,0.969136734302587
-73.3,3.75571590223667,7.64735039859934,NaN,0.972268362137587
-73.2,3.77055729480922,7.63822088585519,NaN,0.975579700922487
-73.1,3.78556191834647,7.62906635519637,NaN,0.979076570390918
-73,3.80072815915531,7.61989097337469,NaN,0.982764867836817
-72.9,3.81605432786343,7.6106990241938,NaN,0.98665056510233
-72.8,3.8315386606122,7.60149490781071,NaN,0.990739705358478
-72.7,3.84717932038138,7.59228313987664,NaN,0.995038399674681
-72.6,3.86297439844751,7.58306835051184,NaN,0.999552823373302
-72.5,3.87892191597787,7.57385528310887,NaN,1.00428921216559
-72.4,3.89501982576141,7.56464879295868,NaN,1.00925385806557
-72.3,3.91126601407797,7.55545384569409,NaN,1.01445310507856
-72.2,3.92765830270708,7.54627551554531,NaN,1.01989334466128
-72.1,3.94419445107687,7.53711898340166,NaN,1.02558101095079
-72,3.96087215855396,7.52798953467449,NaN,1.03152257575937
-71.9,3.97768906687458,7.51889255695554,NaN,1.03772454333323
-71.8,3.99464276271684,7.50983353746575,NaN,1.04419344487278
-71.7,4.01173078041408,7.50081806028884,NaN,1.05093583281258
-71.6,4.02895060480866,7.49185180338501,NaN,1.05795827485938
-71.5,4.04629967424524,7.48294053537914,NaN,1.06526734778707
-71.4,4.06377538370238,7.47409011211878,NaN,1.07286963098733
-71.3,4.08137508806103,7.4653064729971,NaN,1.08077169977554
-71.2,4.09909610550755,7.45659563703591,NaN,1.08898011845139
-71.1,4.1169357210695,7.44796369872412,NaN,1.09750143311437
-71,4.1348911902809,7.4394168236074,NaN,1.10634216423437
-70.9,4.15295974297444,7.43096124362471,NaN,1.11550879897822
-70.8,4.1711385871965,7.42260325218736,NaN,1.12500778329316
-70.7,4.18942491324145,7.41434919899719,NaN,1.1348455137488
-70.6,4.20781589780068,7.4062054845998,NaN,1.1450283291396
-70.5,4.22630870822142,7.39817855466974,NaN,1.1555625018499
-70.4,4.24490050687002,7.39027489402426,NaN,1.16645422898453
-70.3,4.26358845559409,7.38250102036288,NaN,1.17770962326802
-70.2,4.28236972027694,7.37486347773019,NaN,1.18933470371616
-70.1,4.30124147547766,7.36736882969956,NaN,1.20133538608388
-70,4.32020090914952,7.36002365227578,NaN,1.21371747309404
-69.9,4.33924522742896,7.35283452651516,NaN,1.2264866444523
-69.8,4.35837165948667,7.34580803086166,NaN,1.23964844665332
-69.7,4.37757746243216,7.33895073319848,NaN,1.25320828258461
-69.6,4.39685992626217,7.33226918261433,NaN,1.26717140093418
-69.5,4.41621637884326,7.32576990088475,NaN,1.28154288540929
-69.4,4.43564419091796,7.31945937366865,NaN,1.29632764377372
-69.3,4.45514078112363,7.31334404142104,NaN,1.31153039671144
-69.2,4.47470362101237,7.30743029002356,NaN,1.32715566652544
-69.1,4.49433024006009,7.30172444113441,NaN,1.34320776568062
-69,4.51401823065192,7.29623274226044,NaN,1.35969078520028
-68.9,4.53376525303119,7.29096135655427,NaN,1.37660858292662
-68.8,4.55356904019799,7.28591635234006,NaN,1.39396477165538
-68.7,4.57342740274326,7.28110369237225,NaN,1.41176270715615
-68.6,4.59333823360391,7.27652922283188,NaN,1.43000547608984
-68.5,4.61329951272355,7.27219866206623,NaN,1.4486958838355
-68.4,4.63330931160334,7.2681175890778,NaN,1.46783644223919
-68.3,4.65336579772678,7.26429143176942,NaN,1.48742935729808
-68.2,4.6734672388419,7.26072545495327,NaN,1.50747651679343
-68.1,4.69361200708376,7.25742474813183,NaN,1.52797947788676
-68,4.71379858291993,7.25439421306004,NaN,1.54893945469368
-67.9,4.7340255589011,7.2516385510984,NaN,1.57035730585071
-67.8,4.75429164319857,7.24916225036772,NaN,1.59223352209064
-67.7,4.77459566291015,7.24696957271682,NaN,1.61456821384237
-67.6,4.7949365671157,7.24506454051569,NaN,1.63736109887197
-67.5,4.81531342966298,7.24345092328715,NaN,1.66061148998174
-67.4,4.83572545166481,7.24213222419106,NaN,1.68431828278458
-67.3,4.85617196368752,7.241111666376,NaN,1.70847994357162
-67.2,4.87665242761141,7.24039217921434,NaN,1.733094497291
-67.1,4.89716643814302,7.23997638443739,NaN,1.75815951565648
-67,4.91771372395957,7.23986658218848,NaN,1.78367210540465
-66.9,4.9382941484653,7.2400647370125,NaN,1.80962889671984
-66.8,4.95890771014009,7.24057246380169,NaN,1.83602603184642
-66.7,4.97955454246022,7.24139101371835,NaN,1.86285915390793
-66.6,5.00023491337174,7.24252126011597,NaN,1.89012339595345
-66.5,5.02094922429678,7.24396368448164,NaN,1.91781337025108
-66.4,5.0416980086535,7.24571836242324,NaN,1.94592315784935
-66.3,5.06248192987075,7.24778494972622,NaN,1.97444629842703
-66.2,5.08330177887884,7.25016266850575,NaN,2.00337578045225
-66.1,5.10415847105816,7.2528502934808,NaN,2.032704031672
-66,5.12505304262812,7.25584613839815,NaN,2.06242290995298
-65.9,5.14598664645932,7.25914804263514,NaN,2.09252369449512
-65.8,5.16696054729261,7.26275335801089,NaN,2.12299707743904
-65.7,5.18797611634932,7.26665893583711,NaN,2.15383315588871
-65.6,5.20903482531808,7.27086111424013,NaN,2.18502142437072
-65.5,5.23013823970414,7.27535570578742,NaN,2.21655076775142
-65.4,5.25128801152849,7.28013798545225,NaN,2.24840945463336
-65.3,5.27248587136495,7.28520267895163,NaN,2.28058513125209
-65.2,5.29373361970462,7.2905439514932,NaN,2.31306481589462
-65.1,5.31503311763848,7.29615539696827,NaN,2.34583489386063
-65,5.33638627685002,7.30203002762835,NaN,2.37888111298712
-64.9,5.35779504891171,7.30816026428438,NaN,2.41218857975755
-64.8,5.37926141388002,7.31453792706771,NaN,2.44574175601594
-64.7,5.40078736818608,7.32115422679375,NaN,2.47952445630631
-64.6,5.42237491182027,7.32799975696922,NaN,2.51351984585769
-64.5,5.44402603481111,7.33506448648509,NaN,2.54771043923465
-64.4,5.46574270300086,7.34233775303813,NaN,2.58207809967313
-64.3,5.48752684312211,7.34980825732437,NaN,2.61660403912088
-64.2,5.50938032718181,7.35746405804866,NaN,2.65126881900174
-64.1,5.53130495616167,7.36529256779508,NaN,2.68605235172278
-64,5.55330244304588,7.37328054980333,NaN,2.72093390294255
-63.9,5.57537439518981,7.3814141156971,NaN,2.75589209461916
-63.8,5.59752229604576,7.3896787242103,NaN,2.79090490885567
-63.7,5.61974748626454,7.39805918095792,NaN,2.82594969256087
-63.6,5.64205114419426,7.4065396392982,NaN,2.8610031629425
-63.5,5.66443426580076,7.41510360233317,NaN,2.89604141385
-63.4,5.68689764403677,7.42373392609487,NaN,2.93103992298356
-63.3,5.70944184769002,7.43241282396422,NaN,2.96597355998567
-63.2,5.73206719974366,7.44112187236998,NaN,3.0008165954316
-63.1,5.7547737552853,7.44984201781482,NaN,3.03554271073419
-63,5.77756127900427,7.45855358527516,NaN,3.07012500897887
-62.9,5.80042922232021,7.46723628802172,NaN,3.10453602670388
-62.8,5.82337670018911,7.47586923890649,NaN,3.13874774664103
-62.7,5.8464024676365,7.48443096316208,NaN,3.17273161143149
-62.6,5.86950489607102,7.49289941275812,NaN,3.20645853833152
-62.5,5.89268194943492,7.5012519823593,NaN,3.23989893492245
-62.4,5.91593116025169,7.50946552692803,NaN,3.27302271583935
-62.3,5.93924960563464,7.51751638101433,NaN,3.30579932053246
-62.2,5.96263388332362,7.52538037977423,NaN,3.33819773207576
-62.1,5.98608008782089,7.53303288175645,NaN,3.37018649703661
-62,6.00958378670068,7.54044879349633,NaN,3.4017337464207
-61.9,6.03313999717048,7.54760259595386,NaN,3.43280721770651
-61.8,6.05674316296582,7.55446837283137,NaN,3.46337427798351
-61.7,6.08038713166366,7.56101984080448,NaN,3.49340194820851
-61.6,6.10406513250324,7.5672303816982,NaN,3.52285692859474
-61.5,6.12776975480651,7.57307307663746,NaN,3.55170562514857
-61.4,6.15149292709378,7.57852074219977,NaN,3.57991417736887
-61.3,6.17522589699328,7.58354596859467,NaN,3.60744848712434
-61.2,6.19895921204701,7.58812115989254,NaN,3.63427424872479
-61.1,6.22268270151797,7.59221857632231,NaN,3.6603569802024
-61,6.24638545930688,7.59581037865487,NaN,3.68566205581962
-60.9,6.27005582808981,7.59886867468592,NaN,3.71015473982093
-60.8,6.29368138479012,7.6013655678287,NaN,3.73380022144608
-60.7,6.31724892750152,7.60327320782368,NaN,3.75656365122316
-60.6,6.34074446398068,7.60456384356893,NaN,3.7784101785604
-60.5,6.36415320183051,7.6052098780708,NaN,3.79930499065621
-60.4,6.38745954049703,7.60518392551102,NaN,3.81921335274784
-60.3,6.41064706520452,7.6044588704221,NaN,3.83810064971966
-60.2,6.43369854295503,7.60300792895871,NaN,3.85593242909263
-60.1,6.4565959207199,7.6008047122483,NaN,3.87267444541767
-60,6.47932032595153,7.59782329179994,NaN,3.88829270609615
-59.9,6.50185206954464,7.59403826694515,NaN,3.90275351865149
-59.8,6.52417065137631,7.58942483428026,NaN,3.91602353947671
-59.7,6.5462547685545,7.58395885907426,NaN,3.92806982408373
-59.6,6.56808232650408,7.57761694860123,NaN,3.93885987888032
-59.5,6.58963045301898,7.57037652735123,NaN,3.94836171450229
-59.4,6.61087551540788,7.56221591406764,NaN,3.95654390072823
-59.3,6.63179314085944,7.55311440055387,NaN,3.96337562300525
-59.2,6.65235824015135,7.54305233218627,NaN,3.96882674061477
-59.1,6.67254503482476,7.53201119006434,NaN,3.97286784650752
-59,6.69232708794353,7.51997367472341,NaN,3.97547032883766
-58.9,6.71167733855407,7.50692379132882,NaN,3.97660643422604
-58.8,6.73056813995785,7.49284693626447,NaN,3.97624933278282
-58.7,6.7489713019049,7.47772998502224,NaN,3.97437318491972
-58.6,6.76685813681155,7.46156138129281,NaN,3.97095320998206
-58.5,6.78419951010053,7.44433122715117,NaN,3.9659657567305
-58.4,6.80096589475608,7.42603137422465,NaN,3.95938837570171
-58.3,6.81712743018014,7.40665551572376,NaN,3.95119989347705
-58.2,6.832653985429,7.38619927921029,NaN,3.94138048888677
-58.1,6.84751522690266,7.36466031997,NaN,3.9299117711767
-58,6.86168069055067,7.34203841485086,NaN,3.91677686016265
-57.9,6.87511985865037,7.31833555642101,NaN,3.90196046839637
-57.8,6.88780224120364,7.29355604729409,NaN,3.88544898536453
-57.7,6.89969746198947,7.26770659446299,NaN,3.86723056374059
-57.6,6.91077534929842,7.24079640347624,NaN,3.84729520770597
-57.5,6.92100603136507,7.21283727228524,NaN,3.82563486335473
-57.4,6.93036003650255,7.18384368458383,NaN,3.80224351119201
-57.3,6.93880839793152,7.15383290245503,NaN,3.77711726073328
-57.2,6.94632276328334,7.12282505813446,NaN,3.75025444720663
-57.1,6.95287550874389,7.09084324469292,NaN,3.72165573035638
-57,6.95843985779097,7.05791360543528,NaN,3.69132419534075
-56.9,6.96299000446377,7.02406542180677,NaN,3.65926545571083
-56.8,6.96650124108817,6.98933119959232,NaN,3.62548775845231
-56.7,6.96895009036647,6.95374675318925,NaN,3.59000209106458
-56.6,6.97031444172377,6.91735128772825,NaN,3.5528222906447
-56.5,6.97057369178768,6.88018747881311,NaN,3.51396515493633
-56.4,6.96970888886054,6.84230154964456,NaN,3.47345055529523
-56.3,6.96770288122654,6.80374334528975,NaN,3.43130155151439
-56.2,6.96454046911818,6.76456640385456,NaN,3.38754450844203
-56.1,6.96020856014895,6.72482802431237,NaN,3.34220921431654
-56,6.95469632800002,6.68458933073975,NaN,3.29532900073076
-55.9,6.94799537413077,6.64391533270651,NaN,3.24694086412785
-55.8,6.94009989226353,6.60287498156502,NaN,3.19708558871841
-55.7,6.93100683537383,6.56154122238178,NaN,3.14580787069656
-55.6,6.9207160848982,6.51999104125248,NaN,3.09315644361929
-55.5,6.90923062185165,6.47830550774078,NaN,3.03918420479994
-55.4,6.89655669952778,6.43656981218026,NaN,2.98394834255234
-55.3,6.88270401743417,6.39487329757916,NaN,2.92751046410722
-55.2,6.86768589609669,6.35330948586745,NaN,2.86993672400693
-55.1,6.85151945234603,6.31197609822742,NaN,2.81129795276868
-55,6.83422577468061,6.27097506925003,NaN,2.75166978558968
-54.9,6.81583009828072,6.23041255466174,NaN,2.6911327908506
-54.8,6.79636197922937,6.19039893236929,NaN,2.62977259815591
-54.7,6.77585546747663,6.15104879657321,NaN,2.56768002563175
-54.6,6.75434927806594,6.11248094470534,NaN,2.50495120618309
-54.5,6.73188696012273,6.07481835694992,NaN,2.44168771239344
-54.4,6.70851706308819,6.03818816811393,NaN,2.37799667973035
-54.3,6.68429329966437,6.00272163161786,NaN,2.31399092770091
-54.2,6.65927470492043,5.96855407538585,NaN,2.24978907858098
-54.1,6.63352579099426,5.935824849421,NaN,2.185515673322
-54,6.60711669680947,5.90467726486072,NaN,2.12130128421892
-53.9,6.58012333221362,5.8752585243159,NaN,2.05728262390211
-53.8,6.55262751593103,5.84771964330763,NaN,1.9936026501959
-53.7,6.52471710671169,5.82221536262604,NaN,1.93041066636588
-53.6,6.49648612704751,5.79890405144733,NaN,1.86786241625684
-53.5,6.46803487881758,5.77794760105739,NaN,1.80612017380319
-53.4,6.43947005021637,5.75951130904343,NaN,1.74535282637378
-53.3,6.41090481331205,5.74376375382909,NaN,1.68573595139393
-53.2,6.38245891157713,5.73087665944299,NaN,1.62745188566808
-53.1,6.35425873673012,5.72102475042634,NaN,1.57068978680878
-53,6.32643739422494,5.71438559680134,NaN,1.51564568615953
-52.9,6.29913475672473,5.71113944903914,NaN,1.46252253258236
-52.8,6.27249750489828,5.71146906298398,NaN,1.41153022646505
-52.7,6.24667915488105,5.71555951470845,NaN,1.36288564328805
-52.6,6.22184007174786,5.72359800529439,NaN,1.31681264607727
-52.5,6.19814746835227,5.73577365555348,NaN,1.27354208605609
-52.4,6.17577538889694,5.75227729072259,NaN,1.23331179079954
-52.3,6.15490467661118,5.77330121519011,NaN,1.19636653918308
-52.2,6.13572292492584,5.79903897733143,NaN,1.1629580224109
-52.1,6.11842441155199,5.8296851245543,NaN,1.13334479040247
-52,6.10321001488827,5.86543494867808,NaN,1.10779218281127
-51.9,6.0902871122031,5.90648422179449,NaN,1.08657224394791
-51.8,6.07986945906077,5.95302892278163,NaN,1.06996362087923
-51.7,6.07217704948681,6.00526495466797,NaN,1.05825144397735
-51.6,6.0674359563961,6.06338785306768,NaN,1.05172718919716
-51.5,6.06587815183788,6.12759248593477,NaN,1.05068852136791
-51.4,6.06774130664559,6.19807274490888,NaN,1.05543911779428
-51.3,6.07326856911491,6.27502122855176,NaN,1.06628847147515
-51.2,6.08270832237209,6.35862891780016,NaN,1.08355167326349
-51.1,6.09631392013566,6.44908484398695,NaN,1.10754917230991
-51,6.11434340061794,6.54657574980926,NaN,1.13860651415372
-50.9,6.13705917835889,6.65128574364909,NaN,1.17705405585057
-50.8,6.16472771383344,6.76339594767835,NaN,1.22322665755443
-50.7,6.1976191607241,6.88308414020739,NaN,1.27746335000309
-50.6,6.23600699080423,7.01052439276201,NaN,1.34010697739216
-50.5,6.28016759643285,7.14588670240078,NaN,1.41150381516166
-50.4,6.33037987071991,7.28933661981017,NaN,1.49200316226178
-50.3,6.38692476548079,7.44103487374069,NaN,1.58195690751139
-50.2,6.45008482716138,7.60113699237283,NaN,1.68171906971297
-50.1,6.52014371097885,7.76979292222576,NaN,1.7916453112419
-50,6.59738567358992,7.94714664524645,NaN,1.9120924248866
-49.9,6.68209504466533,8.13333579473981,NaN,2.04341779377722
-49.8,6.77455567782002,8.32849127082377,NaN,2.18597882430746
-49.7,6.87505038141831,8.53273685611463,NaN,2.34013235202326
-49.6,6.9838603298465,8.74618883236914,NaN,2.50623402052587
-49.5,7.10126445591871,8.96895559883014,NaN,2.68463763351474
-49.4,7.22753882515605,9.20113729304067,NaN,2.87569448017609
-49.3,7.36295599275505,9.44282541491013,NaN,3.07975263420853
-49.2,7.50778434413714,9.69410245483205,NaN,3.29715622686537
-49.1,7.66228742004722,9.95504152666815,NaN,3.52824469448493
-49,7.82672322724667,10.2257060064275,NaN,3.7733520010756
-48.9,8.00134353592227,10.5061491774818,NaN,4.0328058366207
-48.8,8.18639316500916,10.7964138831671,NaN,4.30692679186905
-48.7,8.38210925670253,11.0965321876353,NaN,4.59602751048243
-48.6,8.58872054150695,11.4065250458197,NaN,4.90041181951609
-48.5,8.80644659524781,11.7264019833907,NaN,5.2203738393189
-48.4,9.03549708954159,12.0561607875785,NaN,5.5561970740506
-48.3,9.27607103729353,12.3957872097394,NaN,5.90815348412505
-48.2,9.52835603486132,12.7452546805464,NaN,6.27650254200517
-48.1,9.79252750259076,13.1045240386792,NaN,6.6614902728884
-48,10.0687479254952,13.4735432738843,NaN,7.0633482819396
-47.9,10.3571660959133,13.8522472852714,NaN,7.48229276984441
-47.8,10.6579163600383,14.2405576557003,NaN,7.91852353857259
-47.7,10.9711178702717,14.6383824431037,NaN,8.37222298935885
-47.6,11.296873845403,15.0456159895764,NaN,8.84355511502316
-47.5,11.63527084067,15.4621387490458,NaN,9.33266448886805
-47.4,11.9863780297989,15.8878171343206,NaN,9.83967525250369
-47.3,12.3502465011611,16.322503384293,NaN,10.3646901050612
-47.2,12.7269085702239,16.7660354520469,NaN,10.907789296366
-47.1,13.116377110502,17.2182369146,NaN,11.4690296267445
-47,13.5186449052397,17.6789169049773,NaN,12.048443456243
-46.9,13.9336840220792,18.147870067285,NaN,12.6460377261333
-46.8,14.3614452129802,18.6248765354201,NaN,13.2617929956724
-46.7,14.8018573416677,19.1097019360143,NaN,13.8956624971727
-46.6,15.2548268408859,19.602097416176,NaN,14.5475712125214
-46.5,15.7202372017311,20.10179969655,NaN,15.2174149743627
-46.4,16.1979484973271,20.6085311501755,NaN,15.9050595952255
-46.3,16.6877969430865,21.1219999075752,NaN,16.6103400279423
-46.2,17.1895944957789,21.6418999884636,NaN,17.3330595607572
-46.1,17.7031284935916,22.1679114604119,NaN,18.0729890505687
-46,18.2281613393303,22.6997006247548,NaN,18.8298661977843
-45.9,18.7644302288593,23.2369202299745,NaN,19.6033948662988
-45.8,19.3116469268247,23.7792097127352,NaN,20.3932444521142
-45.7,19.8694975916425,24.3261954666934,NaN,21.1990493041365
-45.6,20.4376426516603,24.8774911391409,NaN,22.0204082006705
-45.5,21.0157167343248,25.4326979554837,NaN,22.8568838851232
-45.4,21.6033286500985,25.9914050714944,NaN,23.7080026643945
-45.3,22.2000614327737,26.5531899532129,NaN,24.5732540733943
-45.2,22.8054724377314,27.1176187843065,NaN,25.4520906090724
-45.1,23.4190934995801,27.6842469006332,NaN,26.343927537279
-45,24.0404311504911,28.2526192516863,NaN,27.2481427756938
-44.9,24.6689669004204,28.8222708885302,NaN,28.1640768559691
-44.8,25.3041575802754,29.3927274777692,NaN,29.0910329681222
-44.7,25.9454357489409,29.9635058410233,NaN,30.0282770900901
-44.6,26.5922101649325,30.5341145193148,NaN,30.9750382052263
-44.5,27.2438663232893,31.104054361701,NaN,31.9305086103623
-44.4,27.8997670581577,31.67281913742,NaN,32.8938443168972
-44.3,28.5592532113454,32.2398961707474,NaN,33.8641655471912
-44.2,29.2216443669579,32.8047669976936,NaN,34.8405573283513
-44.1,29.8862396520433,33.3669080436039,NaN,35.8220701852827
-44,30.5523186029888,33.9257913206582,NaN,36.8077209346576
-43.9,31.2191420972248,34.4808851442003,NaN,37.7964935812153
-43.8,31.8859533495927,35.0316548667627,NaN,38.7873403175557
-43.7,32.5519789725416,35.5775636285928,NaN,39.7791826283237
-43.6,33.2164300991118,36.1180731234224,NaN,40.770912499403
-43.5,33.8785035674624,36.6526443781647,NaN,41.7613937324486
-43.4,34.5373831654931,37.1807385451689,NaN,42.7494633647821
-43.3,35.1922409339032,37.7018177056039,NaN,43.7339331943646
-43.2,35.8422385258202,38.2153456824952,NaN,44.7135914092304
-43.1,36.4865286209243,38.7207888618865,NaN,45.6872043204367
-43,37.1242563917846,39.2176170205572,NaN,46.653518197238
-42.9,37.7545610199163,39.705304158677,NaN,47.6112612028387
-42.8,38.3765772588606,40.1833293357468,NaN,48.5591454287239
-42.7,38.9894370413904,40.6511775081363,NaN,49.4958690251999
-42.6,39.5922711277399,41.1083403664962,NaN,50.4201184254023
-42.5,40.1842107915645,41.5543171712978,NaN,51.3305706596613
-42.4,40.7643895401444,41.9886155847271,NaN,52.2258957567295
-42.3,41.3319448651617,42.4107524971424,NaN,53.1047592280032
-42.2,41.8860200202006,42.8202548462892,NaN,53.965824630486
-42.1,42.4257658209503,43.2166604274557,NaN,54.8077562038667
-42,42.950342463925,43.5995186927474,NaN,55.6292215767075
-41.9,43.4589213593622,43.968391537657,NaN,56.4288945363653
-41.8,43.9506869738147,44.3228540731127,NaN,57.2054578569067
-41.7,44.4248386778157,44.6624953811939,NaN,57.9576061789131
-41.6,44.8805925938752,44.9869192527208,NaN,58.6840489347273
-41.5,45.3171834399499,45.2957449049404,NaN,59.383513312348
-41.4,45.7338663634342,45.5886076775596,NaN,60.0547472508547
-41.3,46.1299187606278,45.8651597054023,NaN,60.6965224599267
-41.2,46.5046420765685,46.1250705660068,NaN,61.3076374557238
-41.1,46.8573635800558,46.3680279005132,NaN,61.8869206051111
-41,47.1874381086514,46.5937380062445,NaN,62.433233169947
-40.9,47.4942497784134,46.8019263994277,NaN,62.9454723429072
-40.8,47.77721365311,46.9923383465618,NaN,63.4225742660968
-40.7,48.0357773676646,47.1647393629982,NaN,63.8635170235015
-40.6,48.2694227006049,47.3189156773641,NaN,64.2673235981527
-40.5,48.4776670903309,47.4546746605314,NaN,64.633064784734
-40.4,48.6600650900709,47.5718452179062,NaN,64.959862048233
-40.3,48.8162097564733,47.6702781438957,NaN,65.246890319151
-40.2,48.9457339668722,47.7498464374909,NaN,65.4933807157198
-40.1,49.0483116603806,47.8104455779922,NaN,65.6986231835438
-40,49.1236589980923,47.8519937599978,NaN,65.8619690430861
-39.9,49.1715354378224,47.8744320868671,NaN,65.9828334354537
-39.8,49.1917447189863,47.8777247219735,NaN,66.060697657004
-39.7,49.1841357533989,47.8618589971607,NaN,66.0951113734015
-39.6,49.1486034179813,47.8268454779232,NaN,66.0856947038927
-39.5,49.0850892455824,47.7727179849367,NaN,66.0321401667454
-39.4,48.9935820103617,47.6995335716773,NaN,65.9342144770109
-39.3,48.8741182044351,47.6073724579764,NaN,65.7917601880238
-39.2,48.7267824027568,47.4963379194757,NaN,65.6046971683365
-39.1,48.5517075134989,47.3665561330574,NaN,65.3730239061189
-39,48.3490749114942,47.2181759784429,NaN,65.0968186334149
-38.9,48.1191144526223,47.0513687962698,NaN,64.7762402630478
-38.8,47.8621043673542,46.8663281030708,NaN,64.4115291314092
-38.7,47.5783710320125,46.6632692636977,NaN,64.0030075408353
-38.6,47.2682886166607,46.4424291218462,NaN,63.5510800957891
-38.5,46.9322786089017,46.204065589455,NaN,63.056233827608
-38.4,46.570809213245,45.9484571958633,NaN,62.5190381031564
-38.3,46.1843946260825,45.6759025977243,NaN,61.9401443133309
-38.2,45.7735941867103,45.3867200507803,NaN,61.3202853380081
-38.1,45.3390114052308,45.0812468447134,NaN,60.6602747846919
-38,44.8812928685731,44.7598387023877,NaN,59.9610059988166
-37.9,44.401127026277,44.422869144902,NaN,59.2234508443809
-37.8,43.899242858096,44.0707288239657,NaN,58.4486582543367
-37.7,43.3764084258839,43.7038248232063,NaN,57.6377525509173
-37.6,42.8334293126371,43.3225799301032,NaN,56.791931536878
-37.5,42.2711469519742,42.9274318803267,NaN,55.9124643594192
-37.4,41.6904368517338,42.5188325763381,NaN,55.0006891493753
-37.3,41.0922067157684,42.0972472821824,NaN,54.0580104390773
-37.2,40.4773944684038,41.6631537964685,NaN,53.0858963631222
-37.1,39.8469661864102,41.2170416055939,NaN,52.0858756471224
-37,39.2019139437055,40.7594110193273,NaN,51.0595343903372
-36.9,38.5432535743635,40.2907722909068,NaN,50.0085126489241
-36.8,37.8720223598498,39.8116447238544,NaN,48.9345008273711
-36.7,37.1892766467324,39.322555767741,NaN,47.8392358864901
-36.6,36.4960894014272,38.824040105163,NaN,46.7244973771526
-36.5,35.7935477088334,38.3166387322086,NaN,45.5921033097359
-36.4,35.0827502219852,37.8008980347066,NaN,44.4439058700174
-36.3,34.3648045701001,37.277368862552,NaN,43.2817869929927
-36.2,33.6408247326329,36.7466056044,NaN,42.1076538068122
-36.1,32.9119283871505,36.2091652650079,NaN,40.9234339597142
-36,32.1792342390216,35.6656065474846,NaN,39.7310708434783
-35.9,31.4438593410711,35.1164889426831,NaN,38.5325187275417
-35.8,30.7069164114751,34.5623718279307,NaN,37.3297378184833
-35.7,29.9695111582666,34.0038135772569,NaN,36.1246892601085
-35.6,29.2327396188968,33.4413706852214,NaN,34.9193300898456
-35.5,28.497685523328,32.8755969063927,NaN,33.7156081675864
-35.4,27.7654176891455,32.3070424124615,NaN,32.5154570934777
-35.3,27.0369874571518,31.7362529689008,NaN,31.320791131483
-35.2,26.313426175846,31.1637691330075,NaN,30.1335001557877
-35.1,25.5957427431064,30.5901254750761,NaN,28.9554446373128
-35,24.8849212132716,30.0158498243633,NaN,27.7884506877314
-34.9,24.1819184776619,29.4414625414062,NaN,26.6343051784419
-34.8,23.4876620263951,28.8674758181566,NaN,25.4947509519449
-34.7,22.8030477991347,28.2943930072833,NaN,24.3714821429957
-34.6,22.1289381321539,27.7227079818874,NaN,23.2661396267546
-34.5,21.4661598088221,27.1529045267563,NaN,22.1803066109419
-34.4,20.8155022203009,26.5854557621647,NaN,21.1155043887072
-34.3,20.1777156428998,26.0208236011085,NaN,20.0731882685642
-34.2,19.5535096381646,25.4594582407309,NaN,19.0547436973024
-34.1,18.9435515813745,24.9017976885746,NaN,18.0614825912762
-34,18.348465323694,24.3482673241641,NaN,17.0946398908954
-33.9,17.7688299927744,23.7992794962917,NaN,16.1553703524836
-33.8,17.2051789361241,23.2552331562521,NaN,15.2447455909559
-33.7,16.6579988110624,22.7165135271383,NaN,14.3637513859722
-33.6,16.1277288245583,22.1834918091829,NaN,13.5132852633729
-33.5,15.6147601257116,21.6565249210011,NaN,12.6941543627845
-33.4,15.1194353530807,21.1359552764631,NaN,11.9070736013024
-33.3,14.6420483384899,20.6221105968026,NaN,11.1526641421273
-33.2,14.1828439683654,20.1153037574433,NaN,10.4314521759355
-33.1,13.7420182030582,19.6158326689112,NaN,9.74386802163064
-33,13.3197182540084,19.123980191085,NaN,9.09024555193412
-32.9,12.9160429179996,18.6400140799284,NaN,8.47082194804346
-32.8,12.5310430671437,18.1641869657449,NaN,7.88573778632645
-32.7,12.1647222926251,17.6967363618978,NaN,7.33503745871835
-32.6,11.8170376996267,17.237884702845,NaN,6.81866992716694
-32.5,11.4879008502573,16.7878394102549,NaN,6.33648981112493
-32.4,11.1771788507046,16.3467929858904,NaN,5.88825880572644
-32.3,10.8846955782562,15.9149231298761,NaN,5.47364742691412
-32.2,10.6102330432551,15.4923928829037,NaN,5.09223707840652
-32.1,10.3535328805047,15.0793507908713,NaN,4.74352243402248
-32,10.1142979640988,14.675931090411,NaN,4.42691412751476
-31.9,9.89219413913778,14.2822539137152,NaN,4.14174174071388
-31.8,9.68685206329681,13.8984255110486,NaN,3.88725707945491
-31.7,9.49786915074796,13.5245384893071,NaN,3.66263772545846
-31.6,9.32481161049934,13.1606720649788,NaN,3.46699085107041
-31.5,9.16721657080644,12.8068923298553,NaN,3.29935728253815
-31.4,9.0245942809376,12.4632525278521,NaN,3.15871579632254
-31.3,8.89643038123632,12.1297933413119,NaN,3.04398763181853
-31.2,8.78218823212085,11.8065431851878,NaN,2.95404120279094
-31.1,8.68131129239869,11.4935185075417,NaN,2.88769698883129
-31,8.59322553705147,11.1907240948301,NaN,2.84373258721199
-30.9,8.51734190446465,10.8981533805064,NaN,2.82088790466106
-30.8,8.45305876294029,10.615788755524,NaN,2.81787046781055
-30.7,8.39976438623801,10.343601879393,NaN,2.83336083038772
-30.6,8.35683942784257,10.0815539905187,NaN,2.86601805462657
-30.5,8.32365938365585,9.82959621462934,NaN,2.91448524388162
-30.4,8.2995970328566,9.58766987019158,NaN,2.97739510303007
-30.3,8.28402484676452,9.35570676980358,NaN,3.05337550295595
-30.2,8.27631735568532,9.13362951665699,NaN,3.14105502522451
-30.1,8.27585346390021,8.92135179526286,NaN,3.2390684629776
-30,8.28201870319712,8.71877865574477,NaN,3.34606225411579
-29.9,8.29420741562045,8.52580679111599,NaN,3.46069982297928
-29.8,8.31182485644073,8.3423248070708,NaN,3.58166680700039
-29.7,8.33428920871457,8.16821348393905,NaN,3.70767614517513
-29.6,8.36103350121662,8.00334603057057,NaN,3.8374730056896
-29.5,8.39150742197788,7.84758833003571,NaN,3.9698395306392
-29.4,8.42517902015699,7.70079917714729,NaN,4.103599376492
-29.3,8.46153628950064,7.56283050792781,NaN,4.23762202977201
-29.2,8.50008862721373,7.43352762126133,NaN,4.37082687836927
-29.1,8.54036816265788,7.31272939308446,NaN,4.50218701992011
-29,8.58193095092441,7.20026848358053,NaN,4.63073278983803
-28.9,8.62435802698307,7.095971537948,NaN,4.75555499280914
-28.8,8.66725631678738,6.99965938141547,NaN,4.87580782289214
-28.7,8.71025940241856,6.9111472092717,NaN,4.99071145877499
-28.6,8.75302813906817,6.83024477276837,NaN,5.09955432223279
-28.5,8.79525112239369,6.7567565618359,NaN,5.2016949893991
-28.4,8.836645005525,6.69048198562698,NaN,5.29656374609658
-28.3,8.87695466575159,6.63121555196899,NaN,5.38366378016723
-28.2,8.91595322167565,6.57874704686327,NaN,5.46257200548891
-28.1,8.95344190237064,6.53286171521689,NaN,5.53293951415426
-28,8.98924977083652,6.49334044403014,NaN,5.59449165511391
-27.9,9.02323330478484,6.45995994928967,NaN,5.64702773943706
-27.8,9.05527583851832,6.43249296783324,NaN,5.69042037421087
-27.7,9.08528687038425,6.4107084554567,NaN,5.72461442897677
-27.6,9.11320124097665,6.39437179252696,NaN,5.74962564047505
-27.5,9.13897818793378,6.38324499834616,NaN,5.76553886333221
-27.4,9.16260028382204,6.37708695548139,NaN,5.77250597616476
-27.3,9.18407226421129,6.37565364523247,NaN,5.77074345438309
-27.2,9.20341975362549,6.37869839535523,NaN,5.76052962274513
-27.1,9.22068789759405,6.38597214109205,NaN,5.74220160242503
-27,9.23593990952951,6.39722370048329,NaN,5.71615196901699
-26.9,9.24925554161346,6.41220006484409,NaN,5.68282513947661
-26.8,9.26072948928118,6.43064670519056,NaN,5.64271350750608
-26.7,9.27046973925574,6.45230789528845,NaN,5.59635334830274
-26.6,9.27859587138873,6.47692705187617,NaN,5.54432051490659
-26.5,9.2852373248187,6.5042470924834,NaN,5.48722594959178
-26.4,9.29053163915457,6.53401081112628,NaN,5.42571103484222
-26.3,9.29462268153101,6.56596127201274,NaN,5.36044280942527
-26.2,9.29765887046251,6.59984222123569,NaN,5.29210907592292
-26.1,9.29979140744278,6.63539851626969,NaN,5.22141342679033
-26,9.30117252719518,6.67237657291901,NaN,5.14907021658249
-25.9,9.30195377737799,6.7105248291926,NaN,5.07579950841526
-25.8,9.30228433838442,6.74959422540497,NaN,5.00232202300344
-25.7,9.30230939365334,6.78933869962361,NaN,4.92935411874235
-25.6,9.30216856062168,6.82951569740319,NaN,4.85760283126839
-25.5,9.30199439210552,6.86988669456617,NaN,4.78776100074573
-25.4,9.30191095749466,6.91021773161037,NaN,4.72050251478023
-25.3,9.30203251268687,6.9502799581461,NaN,4.65647769435849
-25.2,9.30246226717543,6.98985018559217,NaN,4.59630884954868
-25.1,9.30329125613805,7.02871144619029,NaN,4.54058603088432
-25,9.30459732476152,7.06665355623469,NaN,4.48986300138364
-24.9,9.30644423137508,7.10347368125763,NaN,4.44465345303968
-24.8,9.30888087526202,7.1389769007639,NaN,4.40542749035464
-24.7,9.31194065427498,7.17297676997032,NaN,4.37260840209042
-24.6,9.31564095660142,7.20529587587895,NaN,4.3465697408739
-24.5,9.31998279021457,7.23576638489913,NaN,4.32763272863487
-24.4,9.32495055270669,7.26423057913187,NaN,4.31606400407712
-24.3,9.33051194334009,7.29054137834376,NaN,4.31207372649577
-24.2,9.33661801827245,7.31456284458662,NaN,4.31581404826661
-24.1,9.34320338901956,7.3361706663645,NaN,4.32737796625688
-24,9.35018656331857,7.35525261921234,NaN,4.34679856025083
-23.9,9.35747042665044,7.37170899953175,NaN,4.37404862426048
-23.8,9.36494286177875,7.38545302852958,NaN,4.40904069431339
-23.7,9.37247750276794,7.39641122312395,NaN,4.45162747398779
-23.6,9.37993461906233,7.40452373072266,NaN,4.50160265661372
-23.5,9.38716212434439,7.40974462483896,NaN,4.55870214069094
-23.4,9.39399670405033,7.41204215859046,NaN,4.62260563270247
-23.3,9.40026505461033,7.41139897322971,NaN,4.69293862914227
-23.2,9.40578522670291,7.40781225897769,NaN,4.76927476723922
-23.1,9.41036806407413,7.40129386557621,NaN,4.85113853156175
-23,9.41381872877742,7.39187036014038,NaN,4.93800830144282
-22.9,9.41593830304274,7.3795830300781,NaN,5.02931972198597
-22.8,9.41652545738958,7.36448782904973,NaN,5.12446937931434
-22.7,9.415378174061,7.34665526416631,NaN,5.22281875872008
-22.6,9.41229551437924,7.32617022286958,NaN,5.32369846247211
-22.5,9.40707941821151,7.30313173819879,NaN,5.42641266226103
-22.4,9.39953652338956,7.27765269142928,NaN,5.5302437596117
-22.3,9.38947999265349,7.24985945136248,NaN,5.63445722608739
-22.2,9.37673133548844,7.2198914498572,NaN,5.73830659375795
-22.1,9.36112221209839,7.18790069351498,NaN,5.84103856521442
-22,9.34249620671187,7.15405121176717,NaN,5.94189821139624
-21.9,9.32071055744487,7.11851844195642,NaN,6.04013422466189
-21.8,9.29563783005487,7.08148855235879,NaN,6.13500419388532
-21.7,9.26716752310852,7.04315770445261,NaN,6.22577986790818
-21.6,9.23520759235377,7.00373125610529,NaN,6.31175237342349
-21.5,9.19968588243381,6.96342290771661,NaN,6.39223735331729
-21.4,9.16055145450557,6.92245379372551,NaN,6.46657999165092
-21.3,9.11777579882639,6.88105152225417,NaN,6.53415989183175
-21.2,9.07135392194835,6.8394491660263,NaN,6.59439577509426
-21.1,9.02130529880763,6.79788420805424,NaN,6.64674996719473
-21,8.96767468071249,6.75659744593862,NaN,6.69073264221064
-20.9,8.91053275101611,6.71583185896349,NaN,6.72590579352631
-20.8,8.84997662110492,6.67583144249643,NaN,6.75188690347425
-20.7,8.78613016023396,6.63684001451455,NaN,6.76835228468191
-20.6,8.71914415369662,6.59909999937225,NaN,6.77504006793903
-20.5,8.64919628481754,6.56285119420175,NaN,6.77175281334203
-20.4,8.57649093730318,6.52832952359143,NaN,6.75835972358087
-20.3,8.50125881556602,6.49576578841784,NaN,6.73479844049841
-20.2,8.42375638175077,6.465384414912,NaN,6.70107640846186
-20.1,8.34426510932796,6.43740221021868,NaN,6.65727179062631
-20,8.2630905542748,6.412027130856,NaN,6.60353392682924
-19.9,8.18056124602894,6.38945707060038,NaN,6.54008332461537
-19.8,8.09702740157093,6.36987867440759,NaN,6.46721117774058
-19.7,8.0128594671579,6.35346618503256,NaN,6.38527840942186
-19.6,7.92844649338838,6.340380329027,NaN,6.29471424057404
-19.5,7.84419435041789,6.33076724877538,NaN,6.19601428628244
-19.4,7.76052379126059,6.32475748717316,NaN,6.08973818678805
-19.3,7.67786837219665,6.32246503145767,NaN,5.9765067822883
-19.2,7.59667224035022,6.32398642257041,NaN,5.85699884386359
-19.1,7.51738779950381,6.32939993625895,NaN,5.73194737580971
-19,7.4404732661626,6.33876484191823,NaN,5.60213550756785
-18.9,7.36639012877196,6.35212074492389,NaN,5.468391996281
-18.8,7.29560052381659,6.36948701792519,NaN,5.33158636374773
-18.7,7.22856454328284,6.39086232624263,NaN,5.19262369417347
-18.6,7.16573748864419,6.41622425215656,NaN,5.05243912161889
-18.5,7.10756708712537,6.44552902247828,NaN,4.9119920383964
-18.4,7.05449068651008,6.47871134336633,NaN,4.77226005785182
-18.3,7.00693244517643,6.51568434588936,NaN,4.63423276697659
-18.2,6.9653005343681,6.55633964534401,NaN,4.49890530610604
-18.1,6.92998436993582,6.60054751681478,NaN,4.3672718145634
-18,6.90135189090889,6.64815718891411,NaN,4.24031878248954
-17.9,6.87974690227974,6.69899725706795,NaN,4.11901835024634
-17.8,6.8654864993019,6.75287621711653,NaN,4.00432159768645
-17.7,6.85885859041506,6.80958311938608,NaN,3.89715186623308
-17.6,6.86011953561669,6.86888834275614,NaN,3.79839815710633
-17.5,6.86949191670132,6.93054448760344,NaN,3.70890864915783
-17.4,6.88716245528419,6.99428738584919,NaN,3.62948437963192
-17.3,6.91328009391901,7.05983722567607,NaN,3.56087313075455
-17.2,6.94795425491134,7.1268997878178,NaN,3.50376356436004
-17.1,6.99125329062264,7.19516778966041,NaN,3.45877964580199
-17,7.04320313815885,7.26432233273581,NaN,3.4264753971596
-16.9,7.1037861903454,7.33403444853678,NaN,3.40733001824885
-16.8,7.17294039381276,7.40396673694268,NaN,3.40174341218561
-16.7,7.25055858385808,7.47377509092165,NaN,3.41003215023146
-16.6,7.33648806451484,7.54311050056954,NaN,3.43242590839331
-16.5,7.43053044096073,7.61162092896417,NaN,3.46906440575407
-16.4,7.53244171003047,7.67895325175872,NaN,3.51999487179823
-16.3,7.64193261318168,7.74475525191227,NaN,3.58517006707477
-16.2,7.75866925479894,7.80867766046623,NaN,3.66444687842863
-16.1,7.88227398721657,7.87037623382048,NaN,3.75758550674552
-16,8.01232656230951,7.92951385755165,NaN,3.864249261713
-15.9,8.14836554794689,7.98576266644685,NaN,3.9840049745227
-15.8,8.289890006037,8.03880617010431,NaN,4.11632403574331
-15.7,8.4363614273238,8.08834137318093,NaN,4.26058406180677
-15.6,8.5872059165319,8.13408087914658,NaN,4.41607118968836
-15.5,8.74181661991067,8.17575496624026,NaN,4.58198299545306
-15.4,8.89955638570664,8.21311362421514,NaN,4.75743202840668
-15.3,9.05976064660576,8.24592854040922,NaN,4.94144994865509
-15.2,9.22174051174512,8.2739950236895,NaN,5.13299225196513
-15.1,9.38478605450311,8.2971338548885,NaN,5.33094356195823
-15,9.54816978094932,8.31519305248629,NaN,5.53412346587954
-14.9,9.71115026257886,8.32804954248753,NaN,5.74129286649513
-14.8,9.87297591577682,8.33561072170283,NaN,5.95116081910075
-14.7,10.0328889093685,8.33781590396602,NaN,6.16239181920454
-14.6,10.1901291806141,8.33463763920389,NaN,6.37361350319159
-14.5,10.3439385391108,8.32608289572147,NaN,6.58342472121797
-14.4,10.4935648372818,8.31219409657277,NaN,6.79040393873274
-14.3,10.6382661854544,8.29305000145255,NaN,6.99311792041093
-14.2,10.7773151889795,8.26876642616734,NaN,7.19013064791877
-14.1,10.9100031844164,8.23949679242152,NaN,7.38001242083882
-14,11.0356444515014,8.20543250138337,NaN,7.56134908827767
-13.9,11.1535803774544,8.16680312527475,NaN,7.73275135717384
-13.8,11.2631835501362,8.12387641205266,NaN,7.89286412213256
-13.7,11.3638617566743,8.0769580991171,NaN,8.04037576074943
-13.6,11.4550618644047,8.02639153288544,NaN,8.17402733785339
-13.5,11.5362735613528,7.97255709201217,NaN,8.2926216619102
-13.4,11.6070329339849,7.91587141300208,NaN,8.39503213698534
-13.3,11.6669258605992,7.85678641795908,NaN,8.48021135417125
-13.2,11.7155911995031,7.79578814522683,NaN,8.5471993672424
-13.1,11.7527237520222,7.7333953847066,NaN,8.59513159850695
-13,11.7780769814142,7.67015812067648,NaN,8.62324632237663
-12.9,11.7914654699049,7.60665578597928,NaN,8.63089167606722
-12.8,11.792767097325,7.54349533248833,NaN,8.61753214906523
-12.7,11.7819249261907,7.48130912379468,NaN,8.58275450554081
-12.6,11.7589487795427,7.42075265708202,NaN,8.52627309673992
-12.5,11.7239164994133,7.36250212215865,NaN,8.44793452353655
-12.4,11.6769748754414,7.30725180659573,NaN,8.34772161275143
-12.3,11.6183402348723,7.25571135687054,NaN,8.22575667452928
-12.2,11.548298686966,7.20860290632717,NaN,8.08230401199094
-12.1,11.467206016681,7.16665808164094,NaN,7.91777165851935
-12,11.3754872243871,7.13061490029827,NaN,7.73271232237403
-11.9,11.2736357102846,7.10121457237962,NaN,7.52782352283417
-11.8,11.1622121041535,7.0791982206505,NaN,7.30394690671782
-11.7,11.041842743014,7.06530353362268,NaN,7.06206673888689
-11.6,10.9132178012419,7.06026136683791,NaN,6.8033075651983
-11.5,10.7770890796291,7.06479230814691,NaN,6.52893105126653
-11.4,10.6342674618081,7.07960322320263,NaN,6.24033200533826
-11.3,10.4856200483527,7.10538379775432,NaN,5.93903359851018
-11.2,10.3320669807136,7.14280309361727,NaN,5.62668180041752
-11.1,10.1745779689406,7.19250613539539,NaN,5.30503905335547
-11,10.0141685388668,7.25511054515205,NaN,4.97597721253099
-10.9,9.85189601607526,7.33120324225315,NaN,4.64146978475671
-10.8,9.68885526552556,7.42133722554618,NaN,4.30358350235483
-10.7,9.52617420717928,7.52602845488816,NaN,3.96446927331093
-10.6,9.36500912931133,7.64575284879272,NaN,3.62635255278047
-10.5,9.2065398224316,7.78094341463392,NaN,3.29152318486841
-10.4,9.05196455785179,7.93198752741959,NaN,2.9623247671613
-10.3,8.90249493591115,8.09922437263386,NaN,2.64114359375544
-10.2,8.75935062971614,8.28294256804652,NaN,2.33039723547877
-10.1,8.62375405094633,8.48337797869795,NaN,2.03252281862694
-10,8.4969249648264,8.70071173849753,NaN,1.74996506580001
-9.89999999999999,8.3800750817599,8.93506849101967,NaN,1.48516416432923
-9.8,8.27440265335896,9.18651486115222,NaN,1.24054352929766
-9.69999999999999,8.18108710068477,9.45505816824891,NaN,1.01849752927962
-9.59999999999999,8.10128370243533,9.74064539036411,NaN,0.821379243639684
-9.5,8.03611837057727,10.0431623880138,NaN,0.651488320531582
-9.39999999999999,7.98668254052135,10.3624333947095,NaN,0.511059004622844
-9.3,7.95402820238544,10.6982207802648,NaN,0.402248403032842
-9.19999999999999,7.93916309917824,11.0502250915786,NaN,0.327125057015508
-9.09999999999999,7.94304611687594,11.4180853742628,NaN,0.287657885545079
-9,7.96658289035558,11.8013797771108,NaN,0.285705565177839
-8.89999999999999,8.01062164799917,12.199626440008,NaN,0.323006408376556
-8.8,8.0759493164991,12.6122846644631,NaN,0.401168799905149
-8.69999999999999,8.16328790598299,13.0387563645158,NaN,0.521662247945023
-8.59999999999999,8.27329119404523,13.4783877943315,NaN,0.685809103265846
-8.5,8.40654172563066,13.9304715473692,NaN,0.894776996122439
-8.39999999999999,8.56354814397229,14.3942488205788,NaN,1.14957203656491
-8.3,8.7447428659516,14.8689119356823,NaN,1.45103281956603
-8.19999999999999,8.95048011333592,15.353607108213,NaN,1.79982527181265
-8.09999999999999,9.18103430936391,15.8474374536371,NaN,2.19643837220141
-8,9.43659884811164,16.3494662185817,NaN,2.64118077305743
-7.89999999999999,9.71728524198637,16.85872022393,NaN,3.13417834388076
-7.8,10.0231226505791,17.3741935053447,NaN,3.67537265405751
-7.69999999999999,10.3540577919712,17.8948511356418,NaN,4.26452040548149
-7.59999999999999,10.7099552354474,18.4196332123633,NaN,4.90119382044664
-7.5,11.0905980724322,18.9474589929053,NaN,5.58478198453744
-7.39999999999999,11.4956889603504,19.4772311586426,NaN,6.31449313858193
-7.3,11.9248515320275,20.0078401886655,NaN,7.08935790809308
-7.19999999999999,12.3776321612096,20.5381688230121,NaN,7.90823345303192
-7.09999999999999,12.8535020727996,21.0670965946416,NaN,8.76980851521753
-7,13.3518597844953,21.5935044088629,NaN,9.67260933533028
-6.89999999999999,13.872033864689,22.1162791485006,NaN,10.6150064062208
-6.8,14.4132859897471,22.6343182827654,NaN,11.5952220242013
-6.69999999999999,14.9748142821615,23.146534457584,NaN,12.6113385951794
-6.59999999999999,15.5557569095406,23.6518600450514,NaN,13.6613076479257
-6.5,16.1551959230157,24.1492516296891,NaN,14.742959502493
-6.39999999999999,16.7721613123751,24.6376944093294,NaN,15.854013537826
-6.3,17.4056352541103,25.1162064886978,NaN,16.992088998974
-6.19999999999999,18.0545565275881,25.5838430441381,NaN,18.154716281046
-6.09999999999999,18.7178250737313,26.0397003384053,NaN,19.3393486241551
-6,19.3943066699278,26.4829195650501,NaN,20.543374151121
-5.89999999999999,20.0828376943821,26.9126905026276,NaN,21.7641281776263
-5.8,20.7822299527816,27.3282549597774,NaN,22.9989057228947
-5.69999999999999,21.4912755399801,27.7289099931453,NaN,24.2449741477752
-5.59999999999999,22.2087517093909,28.1140108811354,NaN,25.4995858463785
-5.5,22.9334257229514,28.4829738375998,NaN,26.759990917151
-5.39999999999999,23.6640596548416,28.8352784507798,NaN,28.0234497394549
-5.3,24.3994151226412,29.1704698341033,NaN,29.2872453823851
-5.19999999999999,25.1382579202581,29.4881604768148,NaN,30.5486957736708
-5.09999999999999,25.8793625277766,29.7880317838531,NaN,31.8051655580732
-5,26.6215164743354,30.0698352959,NaN,33.0540775767162
-4.89999999999999,27.3635245312526,30.3333935820835,NaN,34.2929239012275
-4.8,28.1042127138627,30.5786007994311,NaN,35.5192763594396
-4.69999999999999,28.8424320719071,30.8054229148187,NaN,36.7307964926695
-4.59999999999999,29.5770622498125,31.0138975868448,NaN,37.9252448882372
-4.5,30.3070147998061,31.2041337067641,NaN,39.1004898349017
-4.39999999999999,31.0312362325175,31.376310599336,NaN,40.2545152532209
-4.3,31.7487107915223,31.5306768861661,NaN,41.385427857493
-4.19999999999999,32.4584629401539,31.6675490158421,NaN,42.4914635108592
-4.09999999999999,33.1595595508522,31.7873094668691,NaN,43.5709927403052
-4,33.8511117893163,31.8904046310957,NaN,44.6225253836858
-3.89999999999999,34.5322766877562,31.9773423869747,NaN,45.6447143464411
-3.8,35.202258403606,32.0486893736119,NaN,46.6363584513762
-3.69999999999999,35.8603091621351,32.105067978121,NaN,47.5964043706744
-3.59999999999999,36.5057298834637,32.1471530503047,NaN,48.5239476351778
-3.5,37.1378704965573,32.1756683601203,NaN,49.4182327218729
-3.39999999999999,37.756129944804,32.1913828147506,NaN,50.2786522264039
-3.3,38.3599558897743,32.1951064533839,NaN,51.1047451332762
-3.19999999999999,38.948844121705,32.1876862389943,NaN,51.896194202175
-3.09999999999999,39.5223376871207,32.1700016675167,NaN,52.6528224944502
-3,40.0800257458088,32.1429602157954,NaN,53.3745890693022
-2.89999999999999,40.6215421710656,32.107492650582,NaN,54.0615838844737
-2.8,41.1465639087432,32.0645482216211,NaN,54.7140219413108
-2.69999999999999,41.6548091121208,32.0150897625268,NaN,55.3322367188397
-2.59999999999999,42.1460350709978,31.9600887236811,NaN,55.9166729459977
-2.5,42.6200359546556,31.9005201617999,NaN,56.4678787653321
-2.39999999999999,43.0766403894402,31.8373577110927,NaN,56.9864973452909
-2.3,43.5157088926815,31.7715685610962,NaN,57.473258001679
-2.19999999999999,43.93713118548,31.7041084662872,NaN,57.9289668918926
-2.09999999999999,44.3408234075455,31.6359168124727,NaN,58.3544973481671
-2,44.7267252577722,31.5679117647172,NaN,58.7507799182664
-1.89999999999999,45.0947970845642,31.500985521203,NaN,59.1187921837724
-1.8,45.4450169500989,31.4359996969226,NaN,59.4595484274092
-1.69999999999999,45.7773776927136,31.3737808604847,NaN,59.7740892216417
-1.59999999999999,46.09188401144,31.3151162465734,NaN,60.0634710111083
-1.5,46.3885495963838,31.2607496657386,NaN,60.3287557613019
-1.39999999999999,46.6673943281552,31.2113776322242,NaN,60.5710007452758
-1.3,46.9284415689091,31.1676457294538,NaN,60.7912485390516
-1.19999999999999,47.1717155667525,31.1301452316097,NaN,60.9905172948319
-1.09999999999999,47.3972389943239,31.0994099984567,NaN,61.1697913590937
-1,47.6050306412583,31.0759136591855,NaN,61.3300123001681
-0.899999999999991,47.7951032790255,31.060067099595,NaN,61.4720704070125
-0.799999999999997,47.9674617152735,31.0522162654006,NaN,61.5967967175766
-0.699999999999989,48.122101053344,31.0526402928507,NaN,61.7049556314726
-0.599999999999994,48.259005171044,31.0615499761791,NaN,61.7972381576045
-0.5,48.3781454310918,31.079086579708,NaN,61.8742558430244
-0.399999999999991,48.4794796338928,31.1053210006685,NaN,61.9365354245881
-0.299999999999997,48.562951221474,31.1402532870201,NaN,61.9845142400146
-0.199999999999989,48.6284887395124,31.1838125127499,NaN,62.0185364297394
-0.0999999999999943,48.6760055624561,31.2358570113137,NaN,62.0388499555353
0,48.7053998847625,31.2961749660616,NaN,62.0456044562815
0.0999999999999943,48.7165549792844,31.3644853546788,NaN,62.0388499555353
0.199999999999989,48.7093397218309,31.4404392428759,NaN,62.0185364297394
0.299999999999997,48.6836093789353,31.5236214207929,NaN,61.9845142400146
0.399999999999991,48.6392066538821,31.6135523738466,NaN,61.9365354245881
0.5,48.5759629841034,31.7096905780622,NaN,61.8742558430244
0.599999999999994,48.4937000811501,31.8114351082924,NaN,61.7972381576046
0.699999999999989,48.3922317026092,31.9181285461551,NaN,61.7049556314726
0.799999999999997,48.2713656435598,32.0290601730156,NaN,61.5967967175766
0.899999999999991,48.1309059334812,32.1434694319173,NaN,61.4720704070126
1,47.970655222925,32.260549641024,NaN,61.3300123001682
1.09999999999999,47.7904173427809,32.3794519398909,NaN,61.1697913590938
1.19999999999999,47.5900000175882,32.4992894487372,NaN,60.990517294832
1.3,47.3692177130984,32.6191416198499,NaN,60.7912485390517
1.39999999999999,47.1278945971753,32.7380587593172,NaN,60.5710007452759
1.5,46.8658675921457,32.8550666964781,NaN,60.3287557613019
1.59999999999999,46.5829894958829,32.9691715777729,NaN,60.0634710111084
1.69999999999999,46.2791321482292,33.079364761111,NaN,59.7740892216418
1.8,45.9541896188464,33.1846277864203,NaN,59.4595484274093
1.89999999999999,45.6080813922234,33.2839373977242,NaN,59.1187921837725
2,45.2407555253777,33.3762705918976,NaN,58.7507799182665
2.09999999999999,44.8521917537591,33.4606096691913,NaN,58.3544973481672
2.19999999999999,44.4424045209971,33.53594726068,NaN,57.9289668918927
2.3,44.0114459084412,33.6012913079839,NaN,57.4732580016791
2.39999999999999,43.5594084409016,33.6556699709323,NaN,56.9864973452909
2.5,43.086427745627,33.6981364392863,NaN,56.4678787653322
2.59999999999999,42.5926850423351,33.7277736252035,NaN,55.9166729459978
2.69999999999999,42.0784094430449,33.7436987138112,NaN,55.3322367188398
2.8,41.5438800415366,33.7450675500565,NaN,54.7140219413109
2.89999999999999,40.9894277734835,33.7310788409092,NaN,54.0615838844738
3,40.4154370296444,33.7009781530037,NaN,53.3745890693023
3.09999999999999,39.8223470059769,33.6540616869201,NaN,52.6528224944503
3.19999999999999,39.2106527761114,33.5896798105027,NaN,51.8961942021751
3.3,38.5809060733115,33.5072403349033,NaN,51.1047451332763
3.39999999999999,37.933715770823,33.4062115184,NaN,50.278652226404
3.5,37.2697480513645,33.2861247844746,NaN,49.418232721873
3.59999999999999,36.5897262584444,33.1465771421295,NaN,48.5239476351778
3.69999999999999,35.8944304241623,32.9872332979727,NaN,47.5964043706745
3.8,35.1846964701772,32.8078274511927,NaN,46.6363584513762
3.89999999999999,34.4614150805821,32.6081647641779,NaN,45.6447143464411
4,33.7255302474839,32.3881225031883,NaN,44.6225253836859
4.09999999999999,32.9780374921733,32.1476508451677,NaN,43.5709927403053
4.19999999999999,32.2199817668195,31.8867733484663,NaN,42.4914635108592
4.3,31.4524550436738,31.6055870869302,NaN,41.385427857493
4.39999999999999,30.6765936007649,31.3042624484904,NaN,40.2545152532209
4.5,29.8935750150216,30.9830426010448,NaN,39.1004898349018
4.59999999999999,29.1046148756574,30.6422426300567,NaN,37.9252448882372
4.69999999999999,28.3109632324611,30.2822483538956,NaN,36.7307964926695
4.8,27.5139007953801,29.9035148244966,NaN,35.5192763594397
4.89999999999999,26.7147349034131,29.5065645224258,NaN,34.2929239012275
5,25.9147952823611,29.091985256878,NaN,33.0540775767162
5.09999999999999,25.1154296124008,28.6604277825208,NaN,31.8051655580732
5.19999999999999,24.3179989277273,28.2126031464024,NaN,30.5486957736708
5.3,23.5238728716729,27.7492797793716,NaN,29.2872453823851
5.39999999999999,22.734424831716,27.2712803476057,NaN,28.0234497394549
5.5,21.951026979662,26.7794783808915,NaN,26.759990917151
5.59999999999999,21.1750452429921,26.2747946952719,NaN,25.4995858463785
5.69999999999999,20.407834233926,25.7581936285247,NaN,24.2449741477752
5.8,19.6507321631454,25.2306791077051,NaN,22.9989057228947
5.89999999999999,18.9050557653508,24.6932905686309,NaN,21.7641281776263
6,18.1720952638926,24.1470987477377,NaN,20.5433741511209
6.09999999999999,17.4531094016233,23.5932013671636,NaN,19.339348624155
6.19999999999999,16.749320564847,23.0327187342474,NaN,18.154716281046
6.3,16.061910026827,22.4667892768346,NaN,16.992088998974
6.39999999999999,15.3920133367223,21.896565035886,NaN,15.854013537826
6.5,14.7407158790848,21.3232071368702,NaN,14.7429595024929
6.59999999999999,14.1090486281624,20.7478812613011,NaN,13.6613076479256
6.69999999999999,13.4979841202095,20.1717531395491,NaN,12.6113385951793
6.8,12.9084326658403,19.5959840857217,NaN,11.5952220242012
6.89999999999999,12.3412388231479,19.0217265949678,NaN,10.6150064062207
7,11.7971781508846,18.450120023021,NaN,9.6726093353302
7.09999999999999,11.2769542594607,17.8822863671673,NaN,8.76980851521745
7.19999999999999,10.7811961758621,17.3193261670928,NaN,7.90823345303184
7.3,10.3104560368578,16.7623145432613,NaN,7.08935790809299
7.39999999999999,9.8652071230329,16.2122973895748,NaN,6.31449313858184
7.5,9.44584224429494,15.6702877361087,NaN,5.58478198453735
7.59999999999999,9.0526724855406,15.1372622966741,NaN,4.90119382044656
7.69999999999999,8.68592631916676,14.6141582148627,NaN,4.2645204054814
7.8,8.34574908907157,14.101870021078,NaN,3.67537265405742
7.89999999999999,8.03220286872639,13.601246811849,NaN,3.13417834388067
8,7.74526669382659,13.1130896614815,NaN,2.64118077305734
8.09999999999999,7.48483716795891,12.6381492748203,NaN,2.19643837220132
8.19999999999999,7.25072943766416,12.1771238885872,NaN,1.79982527181256
8.3,7.04267853124628,11.7306574274342,NaN,1.45103281956594
8.39999999999999,6.86034105368652,11.2993379195089,NaN,1.14957203656483
8.5,6.70329722808218,10.8836961749811,NaN,0.894776996122353
8.59999999999999,6.57105327215253,10.4842047296412,NaN,0.685809103265761
8.69999999999999,6.46304409654951,10.1012770543367,NaN,0.52166224794494
8.8,6.3786363099924,9.73526702970105,NaN,0.401168799905066
8.89999999999999,6.31713151461856,9.38646868432735,NaN,0.323006408376476
9,6.27776987342033,9.05511619327292,NaN,0.285705565177761
9.09999999999999,6.25973393022763,8.74138413254992,NaN,0.287657885545002
9.19999999999999,6.26215266140446,8.44538798406419,NaN,0.327125057015433
9.3,6.28410573726396,8.16718488432448,NaN,0.40224840303277
9.39999999999999,6.3246279701755,7.90677460915205,NaN,0.511059004622774
9.5,6.38271392544539,7.66410078558903,NaN,0.651488320531515
9.59999999999999,6.45732267030327,7.43905232123547,NaN,0.821379243639619
9.69999999999999,6.54738263572454,7.23146504033985,NaN,1.01849752927956
9.8,6.65179656536538,7.04112351513767,NaN,1.2405435292976
9.89999999999999,6.76944652558608,6.86776308017276,NaN,1.48516416432917
10,6.89919895038821,6.71107201665411,NaN,1.74996506579995
10.1,7.03990969509336,6.5706938932993,NaN,2.03252281862689
10.2,7.19042907274472,6.44623004959224,NaN,2.33039723547872
10.3,7.34960684751408,6.3372422069449,NaN,2.64114359375539
10.4,7.51629715984528,6.24325519289601,NaN,2.96232476716126
10.5,7.68936335865562,6.16375976320762,NaN,3.29152318486837
10.6,7.86768271664366,6.09821550653253,NaN,3.62635255278043
10.7,8.05015100561378,6.04605381622028,NaN,3.96446927331089
10.8,8.23568690971248,6.00668091380744,NaN,4.30358350235479
10.9,8.42323625557852,5.97948090879609,NaN,4.64146978475668
11,8.61177603962578,5.96381887946289,NaN,4.97597721253096
11.1,8.80031823399823,5.95904395965592,NaN,5.30503905335544
11.2,8.9879133541533,5.96449241682591,NaN,5.6266818004175
11.3,9.17365377252954,5.97949070689996,NaN,5.93903359851016
11.4,9.35667676433272,6.0033584920344,NaN,6.24033200533824
11.5,9.53616727311704,6.03541160777788,NaN,6.52893105126651
11.6,9.71136038553546,6.07496496672956,NaN,6.80330756519828
11.7,9.88154350637728,6.12133538638833,NaN,7.06206673888688
11.8,10.0460582267866,6.1738443295515,NaN,7.30394690671782
11.9,10.2043018803557,6.23182054633125,NaN,7.52782352283417
12,10.3557287835992,6.29460260760976,NaN,7.73271232237403
12.1,10.499851159127,6.36154132054344,NaN,7.91777165851935
12.2,10.6362397416374,6.43200201754902,NaN,8.08230401199094
12.3,10.7645240686351,6.50536671105377,NaN,8.22575667452928
12.4,10.884392459529,6.58103610716292,NaN,8.34772161275143
12.5,10.9955916884762,6.65843147228608,NaN,8.44793452353656
12.6,11.0979263579993,6.73699634766298,NaN,8.52627309673993
12.7,11.1912579820015,6.81619810763546,NaN,8.58275450554082
12.8,11.2755037883367,6.89552935841837,NaN,8.61753214906524
12.9,11.3506352525427,6.97450917502565,NaN,8.63089167606724
13,11.4166763757144,7.05268417490141,NaN,8.62324632237665
13.1,11.4737017207667,7.12962942768599,NaN,8.59513159850697
13.2,11.5218342225142,7.20494920140939,NaN,8.54719936724242
13.3,11.561242788063,7.27827754624374,NaN,8.48021135417128
13.4,11.59213970497,7.34927871775899,NaN,8.39503213698536
13.5,11.614777875469,7.41764744240868,NaN,8.29262166191022
13.6,11.6294478957902,7.48310902871945,NaN,8.17402733785342
13.7,11.6364750002005,7.5454193283686,NaN,8.04037576074946
13.8,11.6362158898752,7.60436455200259,NaN,7.89286412213259
13.9,11.6290554670645,7.65976094527535,NaN,7.73275135717388
14,11.6154034952457,7.71145433116404,NaN,7.5613490882777
14.1,11.595691206058,7.75931952515124,NaN,7.38001242083886
14.2,11.5703678737907,7.80325963034396,NaN,7.1901306479188
14.3,11.5398973780513,7.84320522002805,NaN,6.99311792041097
14.4,11.5047547749758,7.87911341553459,NaN,6.79040393873278
14.5,11.4654228969534,7.9109668676166,NaN,6.58342472121801
14.6,11.4223890003454,7.93877264980383,NaN,6.37361350319163
14.7,11.3761414800655,7.962561072418,NaN,6.16239181920458
14.8,11.3271666691788,7.98238442609066,NaN,5.95116081910079
14.9,11.2759457408627,7.99831566373311,NaN,5.74129286649517
15,11.2229517291711,8.01044702996121,NaN,5.53412346587958
15.1,11.1686466840505,8.01888864697966,NaN,5.33094356195828
15.2,11.1134789749888,8.02376706588184,NaN,5.13299225196517
15.3,11.057880756537,8.02522379222339,NaN,4.94144994865514
15.4,11.0022656077362,8.02341379458278,NaN,4.75743202840672
15.5,10.9470263562283,8.01850400463257,NaN,4.5819829954531
15.6,10.8925330965159,8.01067181701213,NaN,4.41607118968841
15.7,10.8391314104951,8.00010359701985,NaN,4.26058406180681
15.8,10.7871407970085,7.98699320383244,NaN,4.11632403574335
15.9,10.736853315769,7.9715405366137,NaN,3.98400497452275
16,10.6885324495985,7.95395011049835,NaN,3.86424926171305
16.1,10.6424121875101,7.93442966903054,NaN,3.75758550674556
16.2,10.5986963297595,7.913188839206,NaN,3.66444687842867
16.3,10.5575580145961,7.89043783481297,NaN,3.58517006707482
16.4,10.5191394650737,7.86638621329499,NaN,3.51999487179827
16.5,10.48355195294,7.8412416908706,NaN,3.4690644057541
16.6,10.4508759753219,7.81520902014489,NaN,3.43242590839334
16.7,10.4211616386652,7.78848893393857,NaN,3.4100321502315
16.8,10.3944292431835,7.76127715854571,NaN,3.40174341218565
16.9,10.370670059924,7.73376349911413,NaN,3.40733001824889
17,10.3498472914797,7.70613099932607,NaN,3.42647539715963
17.1,10.3318972063665,7.67855517704474,NaN,3.45877964580202
17.2,10.316730436153,7.65120333708656,NaN,3.50376356436007
17.3,10.3042334235776,7.62423396178381,NaN,3.56087313075458
17.4,10.2942700091231,7.59779617951886,NaN,3.62948437963195
17.5,10.2866831428398,7.5720293109438,NaN,3.70890864915786
17.6,10.281296707626,7.54706249214847,NaN,3.79839815710635
17.7,10.2779174396791,7.52301437360992,NaN,3.8971518662331
17.8,10.2763369314396,7.49999289334734,NaN,4.00432159768646
17.9,10.27633370205,7.47809512232222,NaN,4.11901835024636
18,10.2776753201509,7.45740717976391,NaN,4.24031878248956
18.1,10.2801205637339,7.43800421576871,NaN,4.36727181456342
18.2,10.283421601766,7.41995045821669,NaN,4.49890530610605
18.3,10.2873261823894,7.40329932077581,NaN,4.6342327669766
18.4,10.2915798126859,7.38809356851831,NaN,4.77226005785182
18.5,10.2959279152689,7.3743655374613,NaN,4.91199203839641
18.6,10.3001179473341,7.36213740416061,NaN,5.0524391216189
18.7,10.303901468246,7.35142150133657,NaN,5.19262369417347
18.8,10.307036142271,7.34222067539106,NaN,5.33158636374774
18.9,10.3092876636759,7.3345286815874,NaN,5.46839199628099
19,10.3104315920918,7.32833061260729,NaN,5.60213550756785
19.1,10.3102550867905,7.32360335617309,NaN,5.73194737580971
19.2,10.3085585293334,7.32031607742626,NaN,5.85699884386359
19.3,10.3051570249153,7.31843072178504,NaN,5.9765067822883
19.4,10.299881773646,7.31790253406373,NaN,6.08973818678804
19.5,10.2925813039703,7.31868058972184,NaN,6.19601428628243
19.6,10.2831225614248,7.32070833422247,NaN,6.29471424057403
19.7,10.2713918469599,7.32392412661374,NaN,6.38527840942186
19.8,10.2572956001065,7.32826178360356,NaN,6.46721117774057
19.9,10.240761023338,7.33365112057479,NaN,6.54008332461536
20,10.2217365450572,7.34001848618291,NaN,6.60353392682923
20.1,10.2001921197257,7.34728728739021,NaN,6.6572717906263
20.2,10.1761193647295,7.35537850201664,NaN,6.70107640846185
20.3,10.1495315346534,7.36421117612651,NaN,6.7347984404984
20.4,10.1204633346881,7.37370290381999,NaN,6.75835972358086
20.5,10.0889705759298,7.38377028725626,NaN,6.77175281334202
20.6,10.0551296763412,7.39432937500013,NaN,6.77504006793902
20.7,10.019037012109,7.40529607705303,NaN,6.7683522846819
20.8,9.9808081250734,7.41658655520112,NaN,6.75188690347424
20.9,9.94057679278569,7.4281175875853,NaN,6.72590579352631
21,9.89849396859425,7.4398069066689,NaN,6.69073264221063
21.1,9.8547265999404,7.45157351004614,NaN,6.64674996719472
21.2,9.80945633377271,7.46333794379681,NaN,6.59439577509426
21.3,9.76287811865211,7.47502255834804,NaN,6.53415989183175
21.4,9.71519871371862,7.486551737051,NaN,6.46657999165091
21.5,9.66663511522099,7.49785209791716,NaN,6.39223735331729
21.6,9.61741291176975,7.50885266918387,NaN,6.31175237342349
21.7,9.56776457986098,7.51948503959168,NaN,6.22577986790818
21.8,9.51792773153049,7.52968348445379,NaN,6.13500419388533
21.9,9.46814332623471,7.53938506878126,NaN,6.04013422466189
22,9.41865385921566,7.54852972889431,NaN,5.94189821139625
22.1,9.36970153869163,7.55706033409995,NaN,5.84103856521443
22.2,9.32152646422364,7.56492273014819,NaN,5.73830659375797
22.3,9.27436481854103,7.5720657662926,NaN,5.63445722608741
22.4,9.2284470849683,7.57844130787629,NaN,5.53024375961172
22.5,9.18399630238187,7.58400423643966,NaN,5.42641266226105
22.6,9.141226369341,7.58871243940349,NaN,5.32369846247214
22.7,9.10034040868448,7.59252679141765,NaN,5.22281875872011
22.8,9.06152920346706,7.59541112948414,NaN,5.12446937931437
22.9,9.02496971462828,7.59733222396217,NaN,5.029319721986
23,8.99082369024736,7.59825974754359,NaN,4.93800830144285
23.1,8.95923637564265,7.5981662442491,NaN,4.85113853156178
23.2,8.93033533292751,7.59702710044086,NaN,4.76927476723925
23.3,8.90422937794151,7.59482051977452,NaN,4.69293862914231
23.4,8.88100764173908,7.59152750392593,NaN,4.62260563270251
23.5,8.86073876304414,7.58713184082438,NaN,4.55870214069098
23.6,8.84347021727143,7.58162010200634,NaN,4.50160265661376
23.7,8.82922778687954,7.57498165057342,NaN,4.45162747398784
23.8,8.81801517696221,7.56720866109517,NaN,4.40904069431344
23.9,8.80981377910681,7.55829615264397,NaN,4.37404862426053
24,8.80458258565963,7.54824203598609,NaN,4.34679856025087
24.1,8.80225825563951,7.53704717578164,NaN,4.32737796625693
24.2,8.80275533264132,7.52471546846757,NaN,4.31581404826666
24.3,8.80596661417315,7.51125393631436,NaN,4.31207372649582
24.4,8.81176367098081,7.49667283795837,NaN,4.31606400407717
24.5,8.81999751403583,7.48098579552135,NaN,4.32763272863491
24.6,8.83049940600314,7.46420993823587,NaN,4.34656974087395
24.7,8.84308181316599,7.44636606230329,NaN,4.37260840209047
24.8,8.85753949297462,7.42747880651948,NaN,4.40542749035469
24.9,8.87365071160393,7.40757684301537,NaN,4.44465345303973
25,8.89117858515987,7.38669308227482,NaN,4.48986300138369
25.1,8.90987253746659,7.36486489141304,NaN,4.54058603088436
25.2,8.92946986670212,7.34213432452609,NaN,4.59630884954873
25.3,8.94969741253042,7.31854836375709,NaN,4.65647769435854
25.4,8.97027331480744,7.29415916956795,NaN,4.72050251478028
25.5,8.99090885441895,7.26902433855948,NaN,4.78776100074578
25.6,9.01131036634292,7.24320716704632,NaN,4.85760283126844
25.7,9.03118121461859,7.21677691846938,NaN,4.92935411874239
25.8,9.05022381855277,7.18980909261669,NaN,5.00232202300348
25.9,9.06814171920002,7.16238569452483,NaN,5.0757995084153
26,9.08464167492059,7.13459550084881,NaN,5.14907021658252
26.1,9.0994357746471,7.10653432141742,NaN,5.22141342679036
26.2,9.11224355738011,7.07830525363622,NaN,5.29210907592295
26.3,9.1227941263827,7.05001892735934,NaN,5.3604428094253
26.4,9.13082824655507,7.02179373782697,NaN,5.42571103484225
26.5,9.13610041354256,6.99375606425576,NaN,5.48722594959181
26.6,9.13838088326097,6.96604047167609,NaN,5.54432051490661
26.7,9.13745765071346,6.93878989363212,NaN,5.59635334830277
26.8,9.13313836721971,6.91215579339817,NaN,5.6427135075061
26.9,9.12525218548014,6.88629830141816,NaN,5.68282513947663
27,9.11365152225278,6.86138632674279,NaN,5.71615196901701
27.1,9.0982137288269,6.83759764032193,NaN,5.74220160242505
27.2,9.07884265993129,6.81511892810656,NaN,5.76052962274514
27.3,9.05547013221561,6.79414581202553,NaN,5.7707434543831
27.4,9.02805726398554,6.77488283702549,NaN,5.77250597616476
27.5,8.996595688455,6.75754342249912,NaN,5.76553886333221
27.6,8.96110863339709,6.74234977657372,NaN,5.74962564047505
27.7,8.92165186072677,6.72953277189107,NaN,5.72461442897677
27.8,8.87831446022903,6.71933178167766,NaN,5.69042037421087
27.9,8.83121949235245,6.71199447508166,NaN,5.64702773943706
28,8.78052447571607,6.70777657093825,NaN,5.59449165511391
28.1,8.72642171572391,6.70694154931762,NaN,5.53293951415426
28.2,8.66913847144104,6.70976032040779,NaN,5.46257200548891
28.3,8.60893695865672,6.71651085048791,NaN,5.38366378016722
28.4,8.54611418783597,6.72747774495488,NaN,5.29656374609657
28.5,8.48100163644109,6.74295178857545,NaN,5.20169498939909
28.6,8.41396475588287,6.76322944334785,NaN,5.09955432223278
28.7,8.34540231413373,6.78861230456869,NaN,4.99071145877498
28.8,8.27574557580011,6.81940651591202,NaN,4.87580782289213
28.9,8.20545732220295,6.85592214453754,NaN,4.75555499280913
29,8.13503071475103,6.89847251745122,NaN,4.63073278983802
29.1,8.06498800560944,6.94737352054505,NaN,4.5021870199201
29.2,7.99587910035876,7.00294286194066,NaN,4.37082687836925
29.3,7.9282799780103,7.06549930145381,NaN,4.237622029772
29.4,7.86279097438216,7.13536184818233,NaN,4.10359937649199
29.5,7.8000349354504,7.21284892839767,NaN,3.96983953063919
29.6,7.74065524786456,7.29827752608952,NaN,3.83747300568959
29.7,7.68531375435586,7.39196229867265,NaN,3.70767614517512
29.8,7.63468856226752,7.49421467051405,NaN,3.58166680700038
29.9,7.58947175389644,7.6053419070778,NaN,3.46069982297927
30,7.55036700775519,7.72564617261113,NaN,3.34606225411579
30.1,7.51808714023728,7.85542357441037,NaN,3.23906846297759
30.2,7.49335157750015,7.9949631968072,NaN,3.14105502522451
30.3,7.47688376766442,8.14454612810441,NaN,3.05337550295595
30.4,7.46940854366653,8.30444448376541,NaN,2.97739510303006
30.5,7.4716494472928,8.47492042922316,NaN,2.91448524388162
30.6,7.48432602506685,8.65622520572101,NaN,2.86601805462657
30.7,7.50815110675801,8.84859816263053,NaN,2.83336083038773
30.8,7.54382807732744,9.05226579970978,NaN,2.81787046781056
30.9,7.59204815312979,9.26744082276869,NaN,2.82088790466107
31,7.6534876731432,9.49432121619748,NaN,2.843732587212
31.1,7.72880541590955,9.73308933578843,NaN,2.8876969888313
31.2,7.81863995273076,9.98391102524176,NaN,2.95404120279095
31.3,7.92360704748726,10.2469347596921,NaN,3.04398763181855
31.4,8.04429711322281,10.522290819525,NaN,3.15871579632255
31.5,8.18127273537628,10.8100904976712,NaN,3.29935728253817
31.6,8.33506627123874,11.1104253434723,NaN,3.46699085107043
31.7,8.50617753487429,11.4233664461053,NaN,3.66263772545848
31.8,8.69507157636709,11.7489637604328,NaN,3.88725707945494
31.9,8.90217656384839,12.0872454780177,NaN,4.14174174071391
32,9.12788177631671,12.4382174458973,NaN,4.42691412751479
32.1,9.37253571479477,12.8018626355616,NaN,4.74352243402251
32.2,9.63644433887101,13.1781406644178,NaN,5.09223707840655
32.3,9.91986943515314,13.566987371855,NaN,5.47364742691416
32.4,10.2230271236193,13.9683144518415,NaN,5.88825880572648
32.5,10.5460865072914,14.3820091438035,NaN,6.33648981112497
32.6,10.8891684700789,14.807933983342,NaN,6.81866992716697
32.7,11.2523446270481,15.2459266141442,NaN,7.33503745871838
32.8,11.6356364307721,15.6957996622448,NaN,7.88573778632649
32.9,12.0390144368049,16.1573406735849,NaN,8.4708219480435
33,12.4623977307071,16.6303121156054,NaN,9.09024555193416
33.1,12.9056535184302,17.1144514434008,NaN,9.74386802163068
33.2,13.3685968812492,17.6094712307418,NaN,10.4314521759355
33.3,13.8509906958118,18.1150593660656,NaN,11.1526641421274
33.4,14.3525457192622,18.6308793133129,NaN,11.9070736013025
33.5,14.872920838789,19.1565704372817,NaN,12.6941543627845
33.6,15.4117234843517,19.6917483929533,NaN,13.513285263373
33.7,15.968510202754,20.2360055780393,NaN,14.3637513859723
33.8,16.5427873906598,20.7889116477923,NaN,15.244745590956
33.9,17.1340121835951,21.3500140909221,NaN,16.1553703524836
34,17.7415934974387,21.9188388652625,NaN,17.0946398908954
34.1,18.364893218389,22.4948910916449,NaN,18.0614825912762
34.2,19.003227536898,23.077655804251,NaN,19.0547436973024
34.3,19.6558684205879,23.6665987555366,NaN,20.0731882685643
34.4,20.3220452207243,24.261167273655,NaN,21.1155043887072
34.5,21.00094640639,24.860791170141,NaN,22.180306610942
34.6,21.6917214201158,25.4648836954696,NaN,23.2661396267546
34.7,22.3934826483538,26.0728425399551,NaN,24.3714821429957
34.8,23.105307499845,26.6840508773272,NaN,25.494750951945
34.9,23.826240584627,27.2978784481923,NaN,26.634305178442
35,24.555295986147,27.9136826804789,NaN,27.7884506877315
35.1,25.2914596187103,28.5308098438598,NaN,28.9554446373128
35.2,26.0336916622735,29.1485962350539,NaN,30.1335001557877
35.3,26.7809290664173,29.7663693908279,NaN,31.320791131483
35.4,27.5320881151848,30.3834493254497,NaN,32.5154570934777
35.5,28.2860670443545,30.9991497892867,NaN,33.7156081675864
35.6,29.0417487026363,31.6127795451936,NaN,34.9193300898456
35.7,29.7980032482256,32.2236436593017,NaN,36.1246892601086
35.8,30.5536908721315,32.8310448027946,NaN,37.3297378184833
35.9,31.307664539707,33.434284561244,NaN,38.5325187275417
36,32.0587727418495,34.0326647480789,NaN,39.7310708434783
36.1,32.8058622474119,34.6254887187668,NaN,40.9234339597142
36.2,33.5477808484648,35.2120626823118,NaN,42.1076538068122
36.3,34.2833800901774,35.7916970067007,NaN,43.2817869929927
36.4,35.0115179772408,36.3637075149723,NaN,44.4439058700174
36.5,35.7310616489387,36.927416768637,NaN,45.5921033097359
36.6,36.4408900151726,37.4821553352327,NaN,46.7244973771525
36.7,37.1398963459816,38.0272630368785,NaN,47.8392358864901
36.8,37.8269908073457,38.5620901767626,NaN,48.9345008273711
36.9,38.5011029363325,39.0859987405928,NaN,50.0085126489241
37,39.1611840489404,39.5983635701352,NaN,51.0595343903372
37.1,39.806209574298,40.098573506068,NaN,52.0858756471223
37.2,40.4351813092052,40.5860324974933,NaN,53.0858963631222
37.3,41.0471295873433,41.0601606755653,NaN,54.0580104390773
37.4,41.6411153578329,41.5203953888206,NaN,55.0006891493753
37.5,42.2162321681826,41.9661921979247,NaN,55.9124643594192
37.6,42.7716080470507,42.3970258276879,NaN,56.791931536878
37.7,43.3064072826223,42.8123910743403,NaN,57.6377525509173
37.8,43.8198320927965,43.2118036662051,NaN,58.4486582543366
37.9,44.3111241837762,43.5948010760522,NaN,59.2234508443809
38,44.7795661940505,43.9609432835722,NaN,59.9610059988166
38.1,45.224483021167,44.3098134865574,NaN,60.6602747846919
38.2,45.6452430290912,44.6410187595387,NaN,61.3202853380081
38.3,46.0412591343547,44.9541906587788,NaN,61.9401443133309
38.4,46.4119897695986,45.2489857726858,NaN,62.5190381031564
38.5,46.7569397235111,45.525086216864,NaN,63.056233827608
38.6,47.0756608565584,45.7822000731809,NaN,63.5510800957891
38.7,47.3677526922894,46.0200617723845,NaN,64.0030075408353
38.8,47.6328628843816,46.2384324199629,NaN,64.4115291314092
38.9,47.8706875599626,46.4371000650912,NaN,64.7762402630478
39,48.0809715401095,46.6158799126632,NaN,65.0968186334149
39.1,48.2635084387765,46.7746144785573,NaN,65.3730239061189
39.2,48.418140641747,46.9131736884296,NaN,65.6046971683365
39.3,48.5447591675308,47.0314549204729,NaN,65.7917601880238
39.4,48.643303412448,47.1293829927195,NaN,65.9342144770109
39.5,48.7137607824367,47.2069100956001,NaN,66.0321401667453
39.6,48.7561662144159,47.2640156706034,NaN,66.0856947038927
39.7,48.7706015903013,47.3007062360062,NaN,66.0951113734015
39.8,48.7571950470312,47.3170151607648,NaN,66.060697657004
39.9,48.716120186198,47.3130023877759,NaN,65.9828334354537
40,48.647595187106,47.2887541078219,NaN,65.8619690430861
40.1,48.5518818272784,47.2443823856233,NaN,65.6986231835438
40.2,48.4292844146309,47.1800247395163,NaN,65.4933807157198
40.3,48.2801486356958,47.0958436763685,NaN,65.246890319151
40.4,48.104860324435,46.9920261834275,NaN,64.959862048233
40.5,47.9038441563197,46.8687831788802,NaN,64.6330647847341
40.6,47.677562272468,46.7263489229714,NaN,64.2673235981527
40.7,47.4265128387344,46.5649803915962,NaN,63.8635170235015
40.8,47.1512285447298,46.3849566143397,NaN,63.4225742660968
40.9,46.8522750478116,46.1865779789935,NaN,62.9454723429072
41,46.530249367137,45.9701655046183,NaN,62.4332331699471
41.1,46.1857782329009,45.7360600852678,NaN,61.8869206051112
41.2,45.8195163958953,45.484621706517,NaN,61.3076374557238
41.3,45.4321449025276,45.2162286369667,NaN,60.6965224599267
41.4,45.0243693404172,44.9312765969141,NaN,60.0547472508548
41.5,44.5969180596568,44.6301779063937,NaN,59.383513312348
41.6,44.150540374781,44.3133606147989,NaN,58.6840489347273
41.7,43.6860047524214,43.9812676142956,NaN,57.9576061789132
41.8,43.2040969895542,43.6343557392344,NaN,57.2054578569068
41.9,42.7056183871585,43.2730948537569,NaN,56.4288945363653
42,42.1913839240051,42.8979669297734,NaN,55.6292215767075
42.1,41.6622204351806,42.5094651174692,NaN,54.8077562038668
42.2,41.1189647998359,42.1080928104697,NaN,53.965824630486
42.3,40.562462142508,41.6943627077588,NaN,53.1047592280033
42.4,39.9935640522281,41.2687958744117,NaN,52.2258957567296
42.5,39.4131268234743,40.8319208031592,NaN,51.3305706596614
42.6,38.8220097228703,40.3842724787551,NaN,50.4201184254023
42.7,38.2210732853632,39.9263914470688,NaN,49.4958690251999
42.8,37.611177643443,39.4588228907695,NaN,48.5591454287239
42.9,36.9931808927851,38.9821157134137,NaN,47.6112612028387
43,36.3679374975141,38.4968216336818,NaN,46.653518197238
43.1,35.7362967380993,38.0034942914536,NaN,45.6872043204368
43.2,35.0991012046986,37.5026883673365,NaN,44.7135914092304
43.3,34.4571853385751,36.9949587171987,NaN,43.7339331943646
43.4,33.8113740240098,36.4808595231844,NaN,42.7494633647822
43.5,33.1624812329375,35.9609434626146,NaN,41.7613937324486
43.6,32.5113087243325,35.4357608961039,NaN,40.7709124994031
43.7,31.8586448001702,34.905859076146,NaN,39.7791826283237
43.8,31.2052631195904,34.3717813773413,NaN,38.7873403175557
43.9,30.5519215726914,33.8340665493653,NaN,37.7964935812153
44,29.8993612151835,33.2932479936922,NaN,36.8077209346577
44.1,29.2483052649386,32.7498530650124,NaN,35.8220701852828
44.2,28.5994581612784,32.2044023981996,NaN,34.8405573283513
44.3,27.9535046876542,31.6574092616051,NaN,33.8641655471912
44.4,27.3111091581868,31.1093789373766,NaN,32.8938443168972
44.5,26.6729146683529,30.5608081294165,NaN,31.9305086103623
44.6,26.0395424099264,30.0121843995228,NaN,30.9750382052263
44.7,25.4115910501135,29.4639856321695,NaN,30.0282770900901
44.8,24.7896361746516,28.9166795283133,NaN,29.0910329681222
44.9,24.1742297944802,28.3707231285337,NaN,28.1640768559691
45,23.5658999154414,27.8265623657411,NaN,27.2481427756938
45.1,22.9651501703112,27.2846316476147,NaN,26.343927537279
45.2,22.3724595123294,26.7453534688604,NaN,25.4520906090725
45.3,21.7882819692514,26.2091380533099,NaN,24.5732540733943
45.4,21.2130464568241,25.6763830258168,NaN,23.7080026643945
45.5,20.6471566504591,25.1474731138355,NaN,22.8568838851232
45.6,20.0909909137698,24.6227798785131,NaN,22.0204082006705
45.7,19.5449022825236,24.1026614750561,NaN,21.1990493041365
45.8,19.0092185024681,23.5874624420834,NaN,20.3932444521142
45.9,18.4842421193915,23.0775135196125,NaN,19.6033948662988
46,17.9702506196969,22.5731314952814,NaN,18.8298661977843
46.1,17.4674966196911,22.0746190783521,NaN,18.0729890505687
46.2,16.9762081017174,21.5822648009945,NaN,17.3330595607572
46.3,16.4965886952032,21.0963429463091,NaN,16.6103400279423
46.4,16.0288180006314,20.6171135024951,NaN,15.9050595952255
46.5,15.5730519544051,20.1448221425409,NaN,15.2174149743627
46.6,15.129423232526,19.6797002287693,NaN,14.5475712125214
46.7,14.6980416909794,19.2219648415386,NaN,13.8956624971726
46.8,14.2789948406884,18.7718188313702,NaN,13.2617929956724
46.9,13.8723483548816,18.3294508937412,NaN,12.6460377261333
47,13.478146606703,17.8950356657583,NaN,12.048443456243
47.1,13.0964132348885,17.4687338439018,NaN,11.4690296267444
47.2,12.7271517353289,17.0506923220124,NaN,10.9077892963659
47.3,12.3703460763489,16.6410443486722,NaN,10.3646901050612
47.4,12.0259613355355,16.2399097031155,NaN,9.83967525250365
47.5,11.6939443559745,15.8473948887955,NaN,9.33266448886801
47.6,11.374224419765,15.4635933437187,NaN,8.84355511502311
47.7,11.0667139367176,15.0885856666538,NaN,8.3722229893588
47.8,10.7713091461667,14.7224398583141,NaN,7.91852353857254
47.9,10.487890829867,14.3652115766105,NaN,7.48229276984436
48,10.2163250339809,14.0169444050703,NaN,7.06334828193955
48.1,9.95646379821178,13.6776701335186,NaN,6.66149027288834
48.2,9.70814589018071,13.3474090501216,NaN,6.27650254200511
48.3,9.47119754320009,13.0261702438972,NaN,5.90815348412499
48.4,9.2454331956481,12.7139519168032,NaN,5.55619707405054
48.5,9.03065623020751,12.4107417045254,NaN,5.22037383931883
48.6,8.82665971129082,12.1165170050952,NaN,4.90041181951602
48.7,8.63322711903628,11.8312453144808,NaN,4.59602751048237
48.8,8.4501330783238,11.5548845683087,NaN,4.30692679186898
48.9,8.27714408132489,11.2873834888867,NaN,4.03280583662063
49,8.11401920216946,11.028681936719,NaN,3.77335200107554
49.1,7.96051080238085,10.7787112657178,NaN,3.52824469448486
49.2,7.81636522579976,10.537394681338,NaN,3.29715622686531
49.3,7.6813234817901,10.3046476008802,NaN,3.07975263420846
49.4,7.55512191558975,10.0803780152284,NaN,2.87569448017603
49.5,7.43749286474214,9.86448685131112,NaN,2.68463763351467
49.6,7.3281653006162,9.65686833459742,NaN,2.5062340205258
49.7,7.22686545409403,9.45741035096194,NaN,2.34013235202319
49.8,7.13331742457799,9.26599480727918,NaN,2.1859788243074
49.9,7.04724377153966,9.08249799012971,NaN,2.04341779377715
50,6.96836608790424,8.90679092202781,NaN,1.91209242488653
50.1,6.89640555463367,8.73873971460509,NaN,1.79164531124183
50.2,6.83108347594101,8.57820591821056,NaN,1.6817190697129
50.3,6.77212179463611,8.4250468674138,NaN,1.58195690751133
50.4,6.71924358716981,8.27911602192449,NaN,1.49200316226172
50.5,6.67217353800847,8.14026330246753,NaN,1.4115038151616
50.6,6.630638393035,8.00833542117998,NaN,1.3401069773921
50.7,6.59436739173432,7.88317620612213,NaN,1.27746335000303
50.8,6.56309267798158,7.76462691952164,NaN,1.22322665755437
50.9,6.53654968931018,7.65252656939565,NaN,1.17705405585051
51,6.51447752459287,7.54671221422175,NaN,1.13860651415366
51.1,6.49661929012439,7.44701926035486,NaN,1.10754917230986
51.2,6.48272242414596,7.3532817519119,NaN,1.08355167326343
51.3,6.47253899990279,7.26533265287134,NaN,1.06628847147509
51.4,6.46582600737393,7.18300412115984,NaN,1.05543911779423
51.5,6.46234561385937,7.10612777452142,NaN,1.05068852136786
51.6,6.46186540365352,7.03453494798936,NaN,1.05172718919712
51.7,6.46415859707515,6.9680569428032,NaN,1.05825144397731
51.8,6.46900424916314,6.90652526663674,NaN,1.06996362087918
51.9,6.47618742838417,6.84977186502399,NaN,1.08657224394787
52,6.48549937573261,6.79762934389237,NaN,1.10779218281123
52.1,6.49673764463537,6.74993118313243,NaN,1.13334479040244
52.2,6.50970622210372,6.70651194115386,NaN,1.16295802241087
52.3,6.52421563160178,6.66720745039684,NaN,1.19636653918305
52.4,6.54008301812664,6.63185500378658,NaN,1.23331179079951
52.5,6.55713221601737,6.60029353213647,NaN,1.27354208605606
52.6,6.57519380003161,6.57236377252327,NaN,1.31681264607725
52.7,6.59410512024605,6.54790842767341,NaN,1.36288564328803
52.8,6.61371032135392,6.52677231641583,NaN,1.41153022646503
52.9,6.63386034694652,6.50880251527168,NaN,1.46252253258234
53,6.65441292937796,6.49384849126525,NaN,1.51564568615952
53.1,6.67523256582243,6.48176222605428,NaN,1.57068978680877
53.2,6.69619048114114,6.47239833149032,NaN,1.62745188566807
53.3,6.71716457818295,6.46561415673208,NaN,1.68573595139392
53.4,6.73803937614628,6.46126988704562,NaN,1.74535282637378
53.5,6.75870593763316,6.4592286344361,NaN,1.80612017380318
53.6,6.77906178502709,6.45935652026529,NaN,1.86786241625684
53.7,6.79901080682537,6.46152275001843,NaN,1.93041066636588
53.8,6.81846315455477,6.46559968039194,NaN,1.9936026501959
53.9,6.83733513089545,6.47146287888169,NaN,2.05728262390211
54,6.85554906963279,6.47899117605791,NaN,2.12130128421893
54.1,6.87303320805058,6.48806671071963,NaN,2.185515673322
54.2,6.88972155237108,6.49857496812683,NaN,2.24978907858098
54.3,6.90555373683858,6.51040481151366,NaN,2.31399092770092
54.4,6.92047487703309,6.52344850709029,NaN,2.37799667973036
54.5,6.93443541798954,6.53760174274497,NaN,2.44168771239345
54.6,6.94739097768612,6.55276364066077,NaN,2.5049512061831
54.7,6.95930218645207,6.56883676406431,NaN,2.56768002563176
54.8,6.97013452283175,6.5857271183256,NaN,2.62977259815593
54.9,6.97985814642718,6.60334414662997,NaN,2.69113279085062
55,6.988447728226,6.62160072044374,NaN,2.7516697855897
55.1,6.99588227890622,6.640413124996,NaN,2.8112979527687
55.2,7.00214497559243,6.65970103999897,NaN,2.86993672400695
55.3,7.00722298752165,6.67938751582879,NaN,2.92751046410724
55.4,7.01110730105964,6.69939894538808,NaN,2.98394834255236
55.5,7.01379254449087,6.71966503187008,NaN,3.03918420479996
55.6,7.01527681298764,6.74011875264288,NaN,3.09315644361931
55.7,7.01556149414547,6.76069631946999,NaN,3.14580787069658
55.8,7.01465109445415,6.78133713528138,NaN,3.19708558871843
55.9,7.01255306705475,6.80198374770638,NaN,3.24694086412787
56,7.00927764111525,6.82258179957704,NaN,3.29532900073078
56.1,7.00483765313829,6.84307997660711,NaN,3.34220921431657
56.2,6.99924838049669,6.86342995244837,NaN,3.38754450844205
56.3,6.99252737747376,6.88358633132262,NaN,3.43130155151441
56.4,6.98469431406734,6.90350658842317,NaN,3.47345055529525
56.5,6.97577081779852,6.92315100827592,NaN,3.51396515493635
56.6,6.965780318748,6.94248262124562,NaN,3.55282229064472
56.7,6.95474789802582,6.96146713836844,NaN,3.5900020910646
56.8,6.94270013986249,6.98007288468722,NaN,3.62548775845233
56.9,6.92966498749292,6.99827073126104,NaN,3.65926545571084
57,6.91567160298765,7.01603402601598,NaN,3.69132419534077
57.1,6.90075023116983,7.03333852359851,NaN,3.7216557303564
57.2,6.88493206774033,7.05016231438842,NaN,3.75025444720664
57.3,6.86824913171802,7.06648575282237,NaN,3.7771172607333
57.4,6.85073414228715,7.08229138517454,NaN,3.80224351119202
57.5,6.83242040012935,7.09756387693512,NaN,3.82563486335474
57.6,6.81334167330331,7.11228993992218,NaN,3.84729520770599
57.7,6.7935320877221,7.12645825925731,NaN,3.8672305637406
57.8,6.7730260222645,7.1400594203298,NaN,3.88544898536454
57.9,6.75185800854435,7.15308583586904,NaN,3.90196046839638
58,6.7300626353498,7.16553167323923,NaN,3.91677686016266
58.1,6.70767445775284,7.17739278206555,NaN,3.92991177117671
58.2,6.68472791087804,7.18866662229527,NaN,3.94138048888677
58.3,6.66125722830984,7.19935219279239,NaN,3.95119989347705
58.4,6.63729636510653,7.20944996055896,NaN,3.95938837570171
58.5,6.6128789253808,7.21896179067156,NaN,3.9659657567305
58.6,6.58803809439693,7.2278908770156,NaN,3.97095320998206
58.7,6.56280657512715,7.23624167389607,NaN,3.97437318491972
58.8,6.53721652920085,7.24401982859777,NaN,3.97624933278282
58.9,6.5112995221742,7.25123211496358,NaN,3.97660643422604
59,6.48508647303985,7.25788636805448,NaN,3.97547032883766
59.1,6.45860760789086,7.26399141995061,NaN,3.97286784650752
59.2,6.43189241764685,7.26955703674791,NaN,3.96882674061476
59.3,6.40496961974509,7.27459385680065,NaN,3.96337562300524
59.4,6.37786712369474,7.27911333025575,NaN,3.95654390072822
59.5,6.35061200038767,7.28312765992076,NaN,3.94836171450228
59.6,6.32323045505578,7.28664974350311,NaN,3.9388598788803
59.7,6.29574780376116,7.28969311725446,NaN,3.92806982408371
59.8,6.26818845330252,7.29227190104998,NaN,3.9160235394767
59.9,6.24057588441864,7.29440074492899,NaN,3.90275351865146
60,6.21293263816757,7.29609477711923,NaN,3.88829270609613
60.1,6.18528030535854,7.29736955356438,NaN,3.87267444541765
60.2,6.15763951891201,7.29824100897029,NaN,3.85593242909261
60.3,6.13002994902261,7.29872540938271,NaN,3.83810064971964
60.4,6.10247030099858,7.29883930630606,NaN,3.81921335274782
60.5,6.07497831565157,7.29859949236976,NaN,3.79930499065618
60.6,6.04757077211013,7.29802295854584,NaN,3.77841017856037
60.7,6.02026349293094,7.29712685291889,NaN,3.75656365122313
60.8,5.99307135138224,7.29592844100674,NaN,3.73380022144605
60.9,5.96600828077461,7.29444506762784,NaN,3.7101547398209
61,5.9390872857159,7.29269412030886,NaN,3.68566205581959
61.1,5.91232045516794,7.29069299422406,NaN,3.66035698020237
61.2,5.88571897718456,7.28845905865543,NaN,3.63427424872476
61.3,5.85929315521222,7.28600962496105,NaN,3.60744848712431
61.4,5.8330524258365,7.283361916037,NaN,3.57991417736884
61.5,5.80700537786009,7.28053303725635,NaN,3.55170562514854
61.6,5.78115977259993,7.27753994886721,NaN,3.5228569285947
61.7,5.75552256529404,7.27439943983017,NaN,3.49340194820847
61.8,5.73009992751123,7.2711281030742,NaN,3.46337427798348
61.9,5.70489727045921,7.26774231214837,NaN,3.43280721770647
62,5.67991926909032,7.26425819924587,NaN,3.40173374642066
62.1,5.65516988690627,7.26069163457544,NaN,3.37018649703657
62.2,5.63065240136706,7.25705820705436,NaN,3.33819773207573
62.3,5.60636942981212,7.25337320629612,NaN,3.30579932053242
62.4,5.5823229558049,7.24965160586511,NaN,3.27302271583931
62.5,5.55851435581569,7.24590804776965,NaN,3.23989893492241
62.6,5.53494442616055,7.24215682816446,NaN,3.20645853833148
62.7,5.51161341011776,7.23841188423228,NaN,3.17273161143145
62.8,5.48852102514671,7.23468678221471,NaN,3.13874774664099
62.9,5.46566649013713,7.23099470656107,NaN,3.10453602670384
63,5.44304855262056,7.22734845016422,NaN,3.07012500897883
63.1,5.42066551587909,7.22376040565157,NaN,3.03554271073415
63.2,5.39851526588959,7.22024255769963,NaN,3.00081659543156
63.3,5.37659529804563,7.21680647633993,NaN,2.96597355998563
63.4,5.35490274360204,7.21346331122407,NaN,2.93103992298352
63.5,5.33343439579077,7.21022378681574,NaN,2.89604141384997
63.6,5.31218673555997,7.20709819847745,NaN,2.86100316294246
63.7,5.29115595689114,7.20409640941947,NaN,2.82594969256083
63.8,5.27033799165299,7.20122784847912,NaN,2.79090490885563
63.9,5.24972853395303,7.19850150869813,NaN,2.75589209461912
64,5.2293230639517,7.19592594666626,NaN,2.72093390294252
64.1,5.2091168711064,7.19350928259954,NaN,2.68605235172274
64.2,5.1891050768158,7.1912592011217,NaN,2.65126881900171
64.3,5.16928265643798,7.18918295271771,NaN,2.61660403912085
64.4,5.14964446065812,7.18728735582859,NaN,2.5820780996731
64.5,5.13018523618491,7.18557879955719,NaN,2.54771043923462
64.6,5.11089964575682,7.18406324695479,NaN,2.51351984585766
64.7,5.09178228744238,7.18274623885901,NaN,2.47952445630628
64.8,5.07282771322073,7.18163289825394,NaN,2.44574175601592
64.9,5.05403044683137,7.18072793512368,NaN,2.41218857975753
65,5.03538500088403,7.18003565177128,NaN,2.37888111298709
65.1,5.01688589322195,7.17955994857539,NaN,2.34583489386061
65.2,4.99852766253397,7.17930433015748,NaN,2.3130648158946
65.3,4.98030488321262,7.17927191193316,NaN,2.28058513125207
65.4,4.96221217945748,7.17946542702155,NaN,2.24840945463335
65.5,4.94424423862504,7.17988723348751,NaN,2.21655076775141
65.6,4.92639582382758,7.18053932189165,NaN,2.18502142437071
65.7,4.9086617857856,7.1814233231243,NaN,2.1538331558887
65.8,4.89103707393983,7.18254051649961,NaN,2.12299707743903
65.9,4.87351674683008,7.18389183808703,NaN,2.09252369449511
66,4.85609598174984,7.18547788925788,NaN,2.06242290995297
66.1,4.83877008368653,7.18729894542527,NaN,2.032704031672
66.2,4.82153449355878,7.18935496495655,NaN,2.00337578045224
66.3,4.80438479576302,7.19164559823771,NaN,1.97444629842703
66.4,4.78731672504269,7.19417019687032,NaN,1.94592315784935
66.5,4.77032617269448,7.19692782298168,NaN,1.91781337025108
66.6,4.75340919212673,7.19991725863001,NaN,1.89012339595345
66.7,4.73656200378586,7.2031370152868,NaN,1.86285915390794
66.8,4.71978099946767,7.20658534337922,NaN,1.83602603184642
66.9,4.70306274603059,7.21026024187628,NaN,1.80962889671985
67,4.68640398852888,7.21415946790265,NaN,1.78367210540466
67.1,4.66980165278414,7.21828054636524,NaN,1.7581595156565
67.2,4.65325284741377,7.22262077957776,NaN,1.73309449729102
67.3,4.63675486533571,7.22717725686941,NaN,1.70847994357163
67.4,4.62030518476878,7.23194686416443,NaN,1.6843182827846
67.5,4.60390146974829,7.23692629351963,NaN,1.66061148998176
67.6,4.58754157017698,7.242112052608,NaN,1.63736109887199
67.7,4.57122352143099,7.2475004741366,NaN,1.61456821384239
67.8,4.55494554354125,7.25308772518805,NaN,1.59223352209066
67.9,4.53870603997023,7.25886981647509,NaN,1.57035730585074
68,4.52250359600408,7.26484261149841,NaN,1.5489394546937
68.1,4.5063369767804,7.27100183559846,NaN,1.52797947788679
68.2,4.49020512497143,7.27734308489264,NaN,1.50747651679346
68.3,4.47410715814235,7.28386183508957,NaN,1.48742935729811
68.4,4.45804236580447,7.29055345017268,NaN,1.46783644223923
68.5,4.44201020618257,7.29741319094611,NaN,1.44869588383553
68.6,4.42601030271552,7.3044362234363,NaN,1.43000547608988
68.7,4.41004244030898,7.31161762714271,NaN,1.41176270715619
68.8,4.39410656135889,7.31895240313238,NaN,1.39396477165542
68.9,4.37820276156356,7.32643548197275,NaN,1.37660858292666
69,4.36233128554267,7.33406173149816,NaN,1.35969078520033
69.1,4.34649252228013,7.34182596440539,NaN,1.34320776568066
69.2,4.33068700040818,7.34972294567449,NaN,1.32715566652549
69.3,4.31491538334928,7.35774739981125,NaN,1.31153039671149
69.4,4.29917846433165,7.36589401790807,NaN,1.29632764377377
69.5,4.28347716129467,7.37415746452066,NaN,1.28154288540934
69.6,4.26781251169894,7.38253238435788,NaN,1.26717140093423
69.7,4.25218566725608,7.39101340878301,NaN,1.25320828258467
69.8,4.23659788859224,7.39959516212429,NaN,1.23964844665338
69.9,4.22105053985946,7.40827226779395,NaN,1.22648664445236
70,4.20554508330778,7.41703935421395,NaN,1.2137174730941
70.1,4.19008307383117,7.4258910605485,NaN,1.20133538608394
70.2,4.1746661534993,7.43482204224209,NaN,1.18933470371623
70.3,4.15929604608717,7.44382697636362,NaN,1.17770962326809
70.4,4.14397455161339,7.45290056675609,NaN,1.1664542289846
70.5,4.12870354089837,7.46203754899271,NaN,1.15556250184997
70.6,4.11348495015212,7.47123269513977,NaN,1.14502832913967
70.7,4.09832077560171,7.48048081832719,NaN,1.13484551374887
70.8,4.08321306816728,7.48977677712786,NaN,1.12500778329323
70.9,4.06816392819555,7.4991154797471,NaN,1.11550879897829
71,4.05317550025885,7.50849188802359,NaN,1.10634216423445
71.1,4.03824996802729,7.51790102124364,NaN,1.09750143311444
71.2,4.02338954922152,7.52733795977059,NaN,1.08898011845146
71.3,4.00859649065259,7.53679784849134,NaN,1.08077169977562
71.4,3.99387306335519,7.54627590008239,NaN,1.07286963098741
71.5,3.97922155782027,7.55576739809749,NaN,1.06526734778715
71.6,3.96464427933206,7.56526769987975,NaN,1.05795827485946
71.7,3.95014354341479,7.57477223930048,NaN,1.05093583281266
71.8,3.93572167139321,7.58427652932788,NaN,1.04419344487286
71.9,3.9213809860712,7.59377616442812,NaN,1.03772454333331
72,3.9071238075322,7.60326682280213,NaN,1.03152257575945
72.1,3.8929524490644,7.6127442684609,NaN,1.02558101095087
72.2,3.87886921321389,7.62220435314267,NaN,1.01989334466136
72.3,3.86487638796815,7.63164301807516,NaN,1.01445310507864
72.4,3.85097624307195,7.64105629558618,NaN,1.00925385806566
72.5,3.8371710264776,7.65044031056608,NaN,1.00428921216567
72.6,3.82346296093097,7.65979128178545,NaN,0.999552823373387
72.7,3.80985424069425,7.66910552307155,NaN,0.995038399674766
72.8,3.79634702840667,7.67837944434709,NaN,0.990739705358563
72.9,3.78294345208328,7.68760955253496,NaN,0.986650565102416
73,3.76964560225234,7.69679245233241,NaN,0.982764867836903
73.1,3.75645552923121,7.70592484685853,NaN,0.979076570391004
73.2,3.74337524054043,7.7150035381785,NaN,0.975579700922574
73.3,3.73040669845555,7.72402542770843,NaN,0.972268362137674
73.4,3.71755181769588,7.7329875165045,NaN,0.969136734302674
73.5,3.70481246324919,7.74188690543991,NaN,0.966179078053203
73.6,3.69219044833134,7.75072079527362,NaN,0.963389737004278
73.7,3.6796875324791,7.75948648661431,NaN,0.960763140165774
73.8,3.66730541977508,7.7681813797834,NaN,0.958293804167827
73.9,3.65504575720253,7.77680297458074,NaN,0.955976335300635
74,3.6429101331286,7.78534886995663,NaN,0.953805431373282
74.1,3.63090007591353,7.79381676359372,NaN,0.951775883396305
74.2,3.61901705264402,7.80220445140255,NaN,0.949882577092699
74.3,3.60726246798812,7.81050982693409,NaN,0.948120494242276
74.4,3.59563766316944,7.81873088071301,NaN,0.94648471386409
74.5,3.58414391505798,7.82686569949489,NaN,0.944970413241937
74.6,3.57278243537502,7.83491246545123,NaN,0.943572868797768
74.7,3.56155437000936,7.84286945528531,NaN,0.942287456817992
74.8,3.55046079844194,7.85073503928232,NaN,0.941109654037538
74.9,3.53950273327622,7.85850768029734,NaN,0.940035038086722
75,3.52868111987111,7.86618593268405,NaN,0.939059287805697
75.1,3.51799683607364,7.87376844116763,NaN,0.93817818343158
75.2,3.5074506920482,7.88125393966499,NaN,0.937387606663007
75.3,3.49704343019942,7.88864125005531,NaN,0.936683540607031
75.4,3.48677572518534,7.89592928090397,NaN,0.936062069613234
75.5,3.47664818401808,7.90311702614298,NaN,0.9355193789998
75.6,3.46666134624845,7.91020356371061,NaN,0.935051754676275
75.7,3.45681568423169,7.91718805415326,NaN,0.934655582667788
75.8,3.44711160347102,7.92406973919228,NaN,0.934327348545326
75.9,3.43754944303579,7.93084794025838,NaN,0.93406363676656
76,3.42812947605121,7.93752205699655,NaN,0.933861129931943
76.1,3.41885191025639,7.94409156574376,NaN,0.93371660796026
76.2,3.40971688862773,7.95055601798223,NaN,0.933626947188243
76.3,3.40072449006435,7.95691503877062,NaN,0.933589119398366
76.4,3.39187473013264,7.96316832515542,NaN,0.933600190779115
76.5,3.38316756186692,7.96931564456519,NaN,0.933657320821865
76.6,3.37460287662303,7.97535683318948,NaN,0.93375776115835
76.7,3.36618050498209,7.98129179434502,NaN,0.933898854342762
76.8,3.35790021770136,7.98712049683098,NaN,0.934078032582248
76.9,3.3497617267094,7.99284297327559,NaN,0.934292816419673
77,3.34176468614274,7.99845931847589,NaN,0.934540813372242
77.1,3.33390869342116,8.00396968773272,NaN,0.934819716529632
77.2,3.32619329035896,8.00937429518269,NaN,0.935127303115033
77.3,3.3186179643096,8.0146734121289,NaN,0.935461433012601
77.4,3.31118214934094,8.01986736537218,NaN,0.935820047264485
77.5,3.30388522743877,8.02495653554444,NaN,0.936201166540698
77.6,3.29672652973588,8.02994135544579,NaN,0.936602889584912
77.7,3.2897053377645,8.03482230838681,NaN,0.937023391639095
77.8,3.28282088472963,8.03959992653764,NaN,0.937460922849991
77.9,3.27607235680095,8.04427478928499,NaN,0.937913806660106
78,3.26945889442121,8.04884752159871,NaN,0.938380438185998
78.1,3.26297959362878,8.05331879240889,NaN,0.938859282586349
78.2,3.25663350739248,8.05768931299494,NaN,0.939348873422426
78.3,3.25041964695647,8.06195983538763,NaN,0.93984781101318
78.4,3.24433698319337,8.06613115078525,NaN,0.940354760787429
78.5,3.23838444796373,8.07020408798491,NaN,0.940868451635171
78.6,3.23256093548001,8.07417951182989,NaN,0.94138767426023
78.7,3.2268653036733,8.07805832167408,NaN,0.941911279536201
78.8,3.22129637556115,8.08184144986428,NaN,0.942438176867591
78.9,3.21585294061496,8.0855298602411,NaN,0.942967332558008
79,3.21053375612523,8.08912454665944,NaN,0.943497768187077
79.1,3.20533754856335,8.09262653152897,NaN,0.944028558997802
79.2,3.20026301493846,8.09603686437556,NaN,0.944558832295822
79.3,3.19530882414808,8.09935662042392,NaN,0.945087765862127
79.4,3.19047361832114,8.1025868992024,NaN,0.94561458638053
79.5,3.18575601415238,8.10572882317012,NaN,0.946138567881272
79.6,3.1811546042267,8.10878353636709,NaN,0.9466590302019
79.7,3.17666795833273,8.11175220308772,NaN,0.947175337466626
79.8,3.17229462476421,8.11463600657796,NaN,0.947686896585192
79.9,3.16803313160855,8.11743614775668,NaN,0.948193155772253
80,3.16388198802146,8.12015384396129,NaN,0.94869360308814
80.1,3.15983968548684,8.12279032771805,NaN,0.949187765001939
80.2,3.15590469906121,8.12534684553725,NaN,0.949675204977564
80.3,3.15207548860184,8.12782465673341,NaN,0.950155522083598
80.4,3.14835049997797,8.13022503227069,NaN,0.950628349627523
80.5,3.14472816626447,8.13254925363358,NaN,0.95109335381492
80.6,3.1412069089173,8.13479861172305,NaN,0.951550232434148
80.7,3.13778513893035,8.13697440577806,NaN,0.95199871356699
80.8,3.13446125797307,8.1390779423226,NaN,0.952438554325619
80.9,3.13123365950849,8.1411105341382,NaN,0.952869539616337
81,3.12810072989125,8.14307349926177,NaN,0.953291480930215
81.1,3.12506084944527,8.14496816000893,NaN,0.953704215161067
81.2,3.1221123935208,8.14679584202252,NaN,0.954107603450803
81.3,3.11925373353042,8.14855787334631,NaN,0.95450153006241
81.4,3.11648323796407,8.15025558352371,NaN,0.954885901280591
81.5,3.11379927338257,8.1518903027214,NaN,0.955260644340202
81.6,3.11120020538971,8.15346336087757,NaN,0.955625706382426
81.7,3.10868439958272,8.15497608687469,NaN,0.955981053438723
81.8,3.10625022248104,8.15642980773654,NaN,0.956326669442479
81.9,3.10389604243328,8.15782584784927,NaN,0.956662555268256
82,3.10162023050249,8.15916552820618,NaN,0.956988727798534
82.1,3.09942116132956,8.1604501656761,NaN,0.957305219017754
82.2,3.09729721397495,8.16168107229487,NaN,0.957612075133529
82.3,3.09524677273874,8.16285955457982,NaN,0.957909355724748
82.4,3.09326822795904,8.16398691286678,NaN,0.958197132916346
82.5,3.09135997678895,8.16506444066937,NaN,0.958475490580509
82.6,3.08952042395224,8.16609342406027,NaN,0.958744523563945
82.7,3.08774798247772,8.16707514107399,NaN,0.959004336940981
82.8,3.08604107441273,8.16801086113091,NaN,0.959255045292087
82.9,3.0843981315157,8.16890184448215,NaN,0.959496772007522
83,3.08281759592822,8.16974934167486,NaN,0.959729648615667
83.1,3.08129792082663,8.17055459303769,NaN,0.959953814135718
83.2,3.07983757105361,8.17131882818587,NaN,0.960169414454277
83.3,3.07843502372983,8.17204326554559,NaN,0.960376601725458
83.4,3.07708876884601,8.1727291118973,NaN,0.960575533794034
83.5,3.07579730983577,8.17337756193743,NaN,0.960766373641232
83.6,3.07455916412938,8.17398979785819,NaN,0.960949288852651
83.7,3.07337286368892,8.17456698894509,NaN,0.9611244511079
83.8,3.07223695552503,8.17511029119149,NaN,0.961292035691444
83.9,3.07115000219562,8.17562084693015,NaN,0.96145222102418
84,3.07011058228694,8.17609978448107,NaN,0.961605188215263
84.1,3.06911729087726,8.17654821781521,NaN,0.961751120633688
84.2,3.06816873998356,8.17696724623385,NaN,0.961890203499119
84.3,3.0672635589916,8.17735795406292,NaN,0.962022623491467
84.4,3.06640039506969,8.17772141036214,NaN,0.962148568378727
84.5,3.0655779135666,8.17805866864824,NaN,0.962268226662532
84.6,3.06479479839385,8.1783707666321,NaN,0.962381787240971
84.7,3.06404975239293,8.1786587259692,NaN,0.962489439088098
84.8,3.06334149768764,8.17892355202317,NaN,0.96259137094968
84.9,3.06266877602211,8.1791662336417,NaN,0.962687771054645
85,3.06203034908467,8.17938774294475,NaN,0.962778826841738
85.1,3.06142499881815,8.17958903512439,NaN,0.962864724700889
85.2,3.06085152771686,8.17977104825597,NaN,0.962945649728766
85.3,3.06030875911066,8.17993470312019,NaN,0.963021785498056
85.4,3.05979553743651,8.18008090303571,NaN,0.963093313839953
85.5,3.05931072849783,8.18021053370181,NaN,0.963160414639382
85.6,3.05885321971212,8.18032446305081,NaN,0.963223265642465
85.7,3.05842192034708,8.18042354110982,NaN,0.963282042275774
85.8,3.05801576174576,8.1805085998714,NaN,0.963336917476866
85.9,3.05763369754094,8.18058045317281,NaN,0.963388061535676
86,3.05727470385918,8.18063989658352,NaN,0.963435641946289
86.1,3.05693777951492,8.18068770730046,NaN,0.963479823268634
86.2,3.05662194619491,8.18072464405085,NaN,0.96352076699968
86.3,3.0563262486333,8.18075144700209,NaN,0.963558631453691
86.4,3.05604975477784,8.1807688376785,NaN,0.963593571651102
86.5,3.05579155594738,8.18077751888448,NaN,0.96362573921561
86.6,3.0555507669811,8.18077817463379,NaN,0.963655282279084
86.7,3.05532652637977,8.18077147008464,NaN,0.963682345393856
86.8,3.05511799643923,8.18075805148031,NaN,0.963707069452047
86.9,3.05492436337666,8.1807385460949,NaN,0.963729591611512
87,3.05474483744961,8.18071356218396,NaN,0.963750045228052
87.1,3.05457865306838,8.18068368893975,NaN,0.963768559793527
87.2,3.0544250689018,8.18064949645078,NaN,0.963785260879505
87.3,3.05428336797688,8.18061153566541,NaN,0.963800270086128
87.4,3.05415285777245,8.18057033835917,NaN,0.963813704995853
87.5,3.05403287030709,8.18052641710564,NaN,0.963825679131723
87.6,3.05392276222171,8.18048026525056,NaN,0.963836301919914
87.7,3.05382191485683,8.18043235688893,NaN,0.963845678656192
87.8,3.05372973432495,8.18038314684498,NaN,0.963853910476041
87.9,3.05364565157823,8.18033307065458,NaN,0.963861094328157
88,3.05356912247158,8.1802825445501,NaN,0.963867322951052
88.1,3.0534996278215,8.18023196544734,NaN,0.9638726848525
88.2,3.0534366734608,8.18018171093442,NaN,0.963877264291597
88.3,3.05337979028943,8.1801321392624,NaN,0.963881141263182
88.4,3.05332853432157,8.18008358933753,NaN,0.963884391484407
88.5,3.05328248672921,8.18003638071481,NaN,0.96388708638324
88.6,3.05324125388228,8.17999081359286,NaN,0.963889293088705
88.7,3.05320446738561,8.17994716880981,NaN,0.963891074422658
88.8,3.05317178411283,8.17990570784018,NaN,0.963892488892936
88.9,3.05314288623724,8.17986667279254,NaN,0.963893590687701
89,3.05311748125998,8.17983028640788,NaN,0.963894429670825
89.1,3.05309530203545,8.17979675205843,NaN,0.963895051378181
89.2,3.05307610679414,8.17976625374713,NaN,0.963895497014696
89.3,3.053059679163,8.17973895610725,NaN,0.96389580345205
89.4,3.05304582818344,8.17971500440243,NaN,0.963896003226909
89.5,3.05303438832697,8.17969452452683,NaN,0.963896124539609
89.6,3.05302521950868,8.17967762300544,NaN,0.963896191253172
89.7,3.05301820709845,8.17966438699438,NaN,0.963896222892615
89.8,3.05301326193013,8.17965488428131,NaN,0.963896234644468
89.9,3.05301032030859,8.17964916328575,NaN,0.963896237356442
90,3.05300934401475,8.17964725305928,NaN,0.963896237537239
