Azimuth_deg,MSE,FinalMaxMin,MaxMin,RadarOnly
-90,1.74276990799415,4.43656166167962,2.24634295716454,0.963896451317508
-89.9,1.74276014614898,4.43656426534036,2.24634224579612,0.963896451136709
-89.8,1.74273087650109,4.43657208674068,2.24634010801428,0.963896448424736
-89.7,1.74268214671685,4.43658515713729,2.24633653278927,0.96389643667289
-89.6,1.74261403625189,4.43660352863293,2.24633150173807,0.963896405033462
-89.5,1.74252665636843,4.4366272741886,2.24632498912418,0.963896338319932
-89.4,1.74242015015976,4.43665648764068,2.24631696185739,0.963896217007292
-89.3,1.74229469258138,4.43669128372285,2.24630737949343,0.963896017232531
-89.2,1.74215049048917,4.43673179809266,2.24629619423351,0.963895710795331
-89.1,1.74198778268422,4.43677818736281,2.24628335092374,0.963895265159037
-89,1.74180683996438,4.4368306291369,2.24626878705443,0.963894643451989
-88.9,1.74160796518242,4.43688932204955,2.24625243275914,0.963893804469281
-88.8,1.74139149331072,4.43695448581082,2.24623421081367,0.963892702675063
-88.7,1.74115779151234,4.4370263612547,2.24621403663473,0.963891288205486
-88.6,1.74090725921834,4.43710521039152,2.24619181827835,0.963889506872417
-88.5,1.74064032821124,4.43719131646409,2.24616745643809,0.963887300168047
-88.4,1.74035746271453,4.43728498400736,2.24614084444281,0.963884605270552
-88.3,1.74005915948791,4.43738653891137,2.24611186825418,0.963881355050939
-88.2,1.73974594792823,4.43749632848725,2.24608040646364,0.963877478081278
-88.1,1.73941839017592,4.43761472153605,2.24604633028906,0.963872898644453
-88,1.73907708122664,4.43774210842003,2.24600950357071,0.963867536745665
-87.9,1.73872264904801,4.4378789011362,2.24596978276687,0.963861308125862
-87.8,1.73835575470117,4.43802553339181,2.24592701694859,0.96385412427731
-87.7,1.73797709246696,4.43818246068135,2.24588104779395,0.963845892461548
-87.6,1.73758738997641,4.43835016036489,2.24583170958149,0.963836515729924
-87.5,1.73718740834536,4.43852913174716,2.24577882918284,0.963825892947007
-87.4,1.73677794231283,4.4387198961573,2.24572222605452,0.963813918817081
-87.3,1.73635982038297,4.43892299702856,2.24566171222866,0.963800483914029
-87.2,1.73593390497022,4.43913899997779,2.24559709230292,0.963785474714858
-87.1,1.73550109254734,4.43936849288411,2.24552816342908,0.963768773637176
-87,1.73506231379604,4.43961208596645,2.24545471530064,0.963750259080899
-86.9,1.73461853375986,4.43987041185936,2.24537653013905,0.96372980547452
-86.8,1.73417075199886,4.44014412568674,2.24529338267866,0.963707283326248
-86.7,1.73372000274591,4.44043390513286,2.24520504015025,0.963682559280347
-86.6,1.73326735506399,4.44074045051023,2.24511126226296,0.963655496179029
-86.5,1.73281391300431,4.44106448482381,2.24501180118482,0.963625953130247
-86.4,1.73236081576466,4.44140675383082,2.24490640152135,0.96359378558174
-86.3,1.73190923784766,4.4417680260959,2.24479480029253,0.963558845401715
-86.2,1.73146038921852,4.44214909304068,2.24467672690791,0.963520980966552
-86.1,1.7310155154616,4.44255076898737,2.2445519031396,0.963480037255892
-86,1.73057589793568,4.44297389119574,2.24442004309336,0.963435855955555
-85.9,1.73014285392711,4.44341931989272,2.24428085317738,0.963388275568654
-85.8,1.72971773680055,4.44388793829407,2.24413403206893,0.963337131535341
-85.7,1.72930193614667,4.44438065261744,2.24397927067847,0.96328225636162
-85.6,1.72889687792631,4.44489839208604,2.24381625211147,0.963223479757645
-85.5,1.72850402461067,4.44544210892232,2.24364465162752,0.963160628785945
-85.4,1.72812487531671,4.44601277833088,2.24346413659687,0.963093528020042
-85.3,1.72776096593744,4.44661139846987,2.24327436645408,0.963021999713907
-85.2,1.72741386926639,4.44723899041009,2.24307499264895,0.962945863982707
-85.1,1.72708519511561,4.44789659808117,2.2428656585943,0.962864938995347
-85,1.72677659042675,4.44858528820378,2.24264599961085,0.962779041179235
-84.9,1.72648973937436,4.44930615020738,2.24241564286882,0.962687985437802
-84.8,1.7262263634609,4.45006029613236,2.24217420732627,0.962591585381223
-84.7,1.72598822160282,4.45084886051615,2.24192130366418,0.96248965357085
-84.6,1.72577711020689,4.45167300026198,2.24165653421791,0.962382001777858
-84.5,1.72559486323625,4.45253389448985,2.24137949290535,0.962268441256587
-84.4,1.72544335226529,4.45343274436866,2.2410897651512,0.962148783033084
-84.3,1.7253244865228,4.45437077292853,2.24078692780775,0.962022838209373
-84.2,1.72524021292262,4.45534922485272,2.24047054907184,0.961890418283924
-84.1,1.72519251608086,4.45636936624788,2.24014018839786,0.96175133548885
-84,1.7251834183192,4.45743248439207,2.23979539640695,0.961605403144349
-83.9,1.72521497965333,4.45853988745935,2.23943571479226,0.961452436030869
-83.8,1.72528929776566,4.45969290422025,2.23906067622001,0.961292250779523
-83.7,1.72540850796176,4.46089288371704,2.2386698042267,0.961124666281268
-83.6,1.7255747831094,4.46214119491293,2.23826261311206,0.960949504115318
-83.5,1.72579033355959,4.46343922631423,2.23783860782784,0.960766588997322
-83.4,1.72605740704864,4.46478838556459,2.23739728386261,0.960575749247779
-83.3,1.72637828858052,4.46619009901035,2.23693812712222,0.960376817281204
-83.2,1.72675530028848,4.46764581123595,2.23646061380613,0.960169630116482
-83.1,1.72719080127522,4.46915698456871,2.23596421027963,0.959954029908951
-83,1.72768718743062,4.47072509855174,2.23544837294188,0.959729864504608
-82.9,1.72824689122619,4.47235164938431,2.23491254808983,0.959496988016963
-82.8,1.7288723814853,4.47403814932853,2.23435617177814,0.959255261426929
-82.7,1.72956616312836,4.47578612608164,2.23377866967504,0.959004553206235
-82.6,1.73033077689189,4.47759712211268,2.23317945691436,0.958744739964731
-82.5,1.73116879902068,4.47947269396305,2.23255793794366,0.958475707122054
-82.4,1.73208284093211,4.48141441150966,2.2319135063687,0.958197349603983
-82.3,1.73307554885158,4.48342385719009,2.23124554479439,0.957909572563916
-82.2,1.73414960341823,4.48550262518866,2.23055342466216,0.957612292129768
-82.1,1.73530771926001,4.48765232058279,2.22983650608429,0.957305436176709
-82,1.73655264453701,4.48987455844862,2.22909413767498,0.956988945125947
-81.9,1.73788716045234,4.49217096292518,2.22832565637865,0.956662772769966
-81.8,1.73931408072938,4.49454316623642,2.22753038729577,0.956326887124422
-81.7,1.74083625105465,4.49699280767005,2.22670764350603,0.955981271306923
-81.6,1.74245654848521,4.49952153251286,2.22585672588976,0.955625924443001
-81.5,1.7441778808198,4.50213099094141,2.22497692294735,0.955260862599356
-81.4,1.74600318593266,4.50482283686783,2.22406751061747,0.954886119744607
-81.3,1.74793543106913,4.50759872673973,2.22312775209409,0.954501748737655
-81.2,1.74997761210226,4.51046031829393,2.22215689764294,0.954107822343719
-81.1,1.75213275274928,4.51340926926326,2.22115418441774,0.953704434278166
-81,1.75440390374722,4.51644723603597,2.22011883627662,0.953291700278078
-80.9,1.75679414198674,4.51957587226749,2.21905006359944,0.952869759201608
-80.8,1.75930656960328,4.52279682744372,2.21794706310622,0.952438774155
-80.7,1.7619443130247,4.52611174539597,2.21680901767749,0.951998933647235
-80.6,1.76471052197458,4.52952226276684,2.2156350961771,0.951550452772062
-80.5,1.76760836843027,4.53303000742712,2.2144244532781,0.951093574417346
-80.4,1.77064104553513,4.53663659684332,2.21317622929236,0.950628570501343
-80.3,1.77381176646382,4.54034363639575,2.21188955000469,0.950155743235722
-80.2,1.77712376324027,4.54415271764727,2.21056352651225,0.949675426414929
-80.1,1.78058028550739,4.54806541656247,2.20919725506997,0.949187986731494
-80,1.78418459924776,4.55208329167761,2.20778981694287,0.948693825116846
-79.9,1.78793998545494,4.55620788222138,2.20634027826615,0.948193378107072
-79.8,1.79184973875438,4.56044070618673,2.2048476899141,0.947687119233081
-79.7,1.7959171659737,4.56478325835425,2.20331108737861,0.947175560434525
-79.6,1.8001455846615,4.56923700826732,2.20172949065849,0.94665925349673
-79.5,1.80453832155435,4.57380339815972,2.20010190416056,0.946138791509921
-79.4,1.80909871099144,4.5784838408363,2.19842731661375,0.945614810349844
-79.3,1.8138300932764,4.58327971750737,2.19670470099731,0.945087990178903
-79.2,1.81873581298598,4.58819237557754,2.19493301448426,0.944559056966797
-79.1,1.82381921722529,4.59322312639028,2.19311119840167,0.944028784029642
-79,1.82908365382915,4.59837324292879,2.19123817820877,0.943497993586368
-78.9,1.83453246950951,4.60364395747459,2.18931286349437,0.942967558331242
-78.8,1.84016900794867,4.60903645922506,2.18733414799518,0.942438403021157
-78.7,1.84599660783814,4.61455189187124,2.1853009096363,0.941911506076374
-78.6,1.85201860086325,4.62019135113739,2.18321201059553,0.941387901193158
-78.5,1.85823830963335,4.62595588228402,2.18106629739306,0.940868678966861
-78.4,1.86465904555777,4.63184647757596,2.17886260100822,0.940354988523738
-78.3,1.8712841066677,4.63786407371765,2.17659973702498,0.939848039159795
-78.2,1.87811677538414,4.64400954925721,2.17427650580783,0.939349101984858
-78.1,1.8851603162323,4.6502837219619,2.17189169271001,0.938859511569915
-78,1.89241797350281,4.65668734616698,2.16944406831592,0.938380667595809
-77.9,1.89989296886005,4.66322111010035,2.16693238871934,0.937914036501048
-77.8,1.90758849889842,4.66988563318585,2.16435539583992,0.937461153126714
-77.7,1.91550773264692,4.67668146332749,2.16171181777935,0.937023622355996
-77.6,1.92365380902289,4.68360907417788,2.15900036921974,0.93660312074612
-77.5,1.93202983423558,4.69066886239352,2.15621975186598,0.936201398150057
-77.4,1.94063887914066,4.69786114488041,2.15336865493434,0.935820279325538
-77.3,1.94948397654645,4.70518615603301,2.15044575568952,0.935461665528574
-77.2,1.95856811847304,4.71264404497018,2.14744972003223,0.935127536088816
-77.1,1.96789425336552,4.7202348727717,2.14437920313964,0.934819949963764
-77,1.97746528326258,4.727958609719,2.14123285016098,0.93454104726889
-76.9,1.98728406092184,4.73581513254422,2.13800929697057,0.934293050780617
-76.8,1.99735338690352,4.74380422169142,2.13470717098053,0.934078267408859
-76.7,2.00767600661388,4.75192555859445,2.13132509201579,0.933899089635989
-76.6,2.0182546073104,4.7601787229756,2.12786167325351,0.933757996918694
-76.5,2.0290918150703,4.76856319016975,2.12431552222944,0.933657557049366
-76.4,2.04019019172446,4.77707832847851,2.12068524191359,0.933600427473329
-76.3,2.05155223175886,4.78572339655939,2.11696943185771,0.933589356558347
-76.2,2.06318035918557,4.7944975408548,2.11316668941686,0.93362718481252
-76.1,2.07507692438576,4.80339979306611,2.10927561104768,0.933716846046822
-76,2.08724420092703,4.81242906767793,2.10529479368558,0.933861368478214
-75.9,2.09968438235764,4.82158415953813,2.10122283620333,0.934063875769381
-75.8,2.11239957898039,4.83086374149904,2.09705834095357,0.934327588000933
-75.7,2.12539181460872,4.84026636212549,2.0927999153973,0.934655822571792
-75.6,2.13866302330826,4.84979044347557,2.08844617382093,0.935051995023643
-75.5,2.15221504612647,4.85943427895986,2.08399573914401,0.935519619784829
-75.4,2.16604962781403,4.86919603128541,2.07944724482008,0.936062310829536
-75.3,2.1801684135407,4.87907373049029,2.07479933683251,0.936683782247506
-75.2,2.19457294560948,4.88906527207515,2.07005067578773,0.937387848719829
-75.1,2.20926466017243,4.89916841523805,2.06519993910772,0.938178425896168
-75,2.22424488395179,4.90938078121908,2.06024582332387,0.9390595306687
-74.9,2.23951483097024,4.91969985176099,2.05518704647382,0.940035281337997
-74.8,2.25507559929406,4.93012296769275,2.05002235060346,0.941109897666126
-74.7,2.27092816779338,4.94064732764239,2.0447505043754,0.942287700812102
-74.6,2.28707339292344,4.95126998688582,2.03937030578542,0.943573113144754
-74.5,2.30351200553124,4.9619878563386,2.03388058498882,0.944970657928278
-74.4,2.32024460769183,4.97279770169693,2.02828020723722,0.946484958875368
-74.3,2.33727166957884,4.98369614273516,2.02256807592754,0.948120739563163
-74.2,2.35459352637345,4.99467965276598,2.01674313576367,0.94988282270693
-74.1,2.37221037521698,5.00574455827064,2.01080437603192,0.951776129286663
-74,2.39012227221129,5.01688703870538,2.0047508339906,0.953805677521579
-73.9,2.40832912947238,5.02810312649117,1.99858159837431,0.955976581687693
-73.8,2.42683071224149,5.03938870719298,1.99229581301281,0.958294050773461
-73.7,2.44562663605942,5.05073951989565,1.98589268056484,0.960763386968776
-73.6,2.4647163640085,5.06215115778221,1.9793714663661,0.963389983982396
-73.5,2.48409920402777,5.07361906892154,1.97273150239117,0.966179325183132
-73.4,2.50377430630653,5.08513855727134,1.96597219132845,0.969136981560035
-73.3,2.52374066076128,5.09670478390252,1.95909301076679,0.972268609497002
-73.2,2.54399709460184,5.10831276845116,1.95209351749284,0.975579948357304
-73.1,2.56454226999142,5.11995739080338,1.94497335189683,0.979076817873461
-73,2.58537468180663,5.1316333930192,1.93773224248515,0.982765115338283
-72.9,2.60649265550245,5.14333538150044,1.93037001049719,0.986650812592782
-72.8,2.62789434508776,5.15505782940767,1.92288657462349,0.99073995280683
-72.7,2.64957773121686,5.16679507933143,1.9152819558225,0.995038647048694
-72.6,2.6715406194024,5.17854134622189,1.90755628223179,0.999553070639575
-72.5,2.69378063835513,5.19029072058143,1.89970979417048,1.00428945928955
-72.4,2.71629523845606,5.2020371719241,1.89174284922798,1.00925410501147
-72.3,2.73908169036601,5.21377455250533,1.88365592743449,1.01445335180946
-72.2,2.76213708377831,5.22549660132532,1.87544963650819,1.01989359113909
-72.1,2.78545832631967,5.23719694840877,1.86712471717298,1.0255812571362
-72,2.80904214260435,5.24886911936344,1.85868204854116,1.0315228216119
-71.9,2.83288507344702,5.26050654021934,1.85012265355386,1.03772478881122
-71.8,2.85698347523898,5.27210254255016,1.84144770447253,1.04419368993339
-71.7,2.88133351949291,5.28365036887779,1.83265852841337,1.05093607741177
-71.6,2.90593119256074,5.29514317836044,1.82375661291689,1.05795851895197
-71.5,2.93077229552938,5.30657405276431,1.81474361154369,1.06526759132669
-71.4,2.95585244429869,5.31793600271794,1.80562134948693,1.07286987392648
-71.3,2.98116706984616,5.32922197424825,1.79639182919208,1.08077194206556
-71.2,3.0067114186821,5.34042485559619,1.78705723597327,1.08898036004248
-71.1,3.03248055349968,5.35153748430955,1.77761994361502,1.09750167395565
-71,3.05846935402309,5.36255265460968,1.76808251994817,1.10634240427384
-70.9,3.08467251805762,5.37346312502845,1.75844773238756,1.11550903816279
-70.8,3.1110845627447,5.38426162631051,1.74871855341859,1.1250080215687
-70.7,3.13769982602471,5.3949408695758,1.73889816601934,1.13484575106015
-70.6,3.16451246831066,5.4054935547362,1.7289899690043,1.14502856543056
-70.5,3.19151647437458,5.41591237915941,1.71899758227493,1.15556273706332
-70.4,3.21870565544886,5.42619004657225,1.70892485196164,1.16645446306228
-70.3,3.24607365154441,5.43631927619537,1.69877585544174,1.17770985615107
-70.2,3.27361393398663,5.44629281209954,1.68855490621645,1.18933493534458
-70.1,3.30131980817055,5.45610343277381,1.67826655862992,1.2013356163969
-70,3.32918441653519,5.46574396089425,1.66791561241282,1.21371770203008
-69.9,3.35720074175796,5.47520727328158,1.65750711703171,1.22648687194899
-69.8,3.38536161016825,5.48448631103474,1.64704637582571,1.23964867264759
-69.7,3.41365969537997,5.49357408982702,1.63653894991075,1.25320850701269
-69.6,3.44208752214141,5.50246371034968,1.62599066183114,1.26717162373168
-69.5,3.47063747040136,5.51114836888823,1.61540759893838,1.28154310651125
-69.4,3.49930177958895,5.51962136801435,1.60479611647545,1.29632786311464
-69.3,3.52807255310461,5.52787612737639,1.59416284034514,1.31153061422536
-69.2,3.55694176301929,5.53590619457029,1.58351466954046,1.32715588214599
-69.1,3.58590125497794,5.54370525607146,1.57285877821398,1.34320797934106
-69,3.61494275330321,5.55126714820766,1.56220261736338,1.35969099683363
-68.9,3.64405786629454,5.55858586815195,1.55155391610962,1.37660879246565
-68.8,3.67323809171728,5.56565558491359,1.54092068254363,1.39396497903273
-68.7,3.70247482247581,5.57247065030419,1.53031120411756,1.41176291230437
-68.6,3.73175935246422,5.57902560985536,1.51973404755575,1.43000567894149
-68.5,3.76108288258739,5.58531521366335,1.50919805826064,1.44869608432322
-68.4,3.79043652694463,5.59133442713521,1.49871235918883,1.46783664029577
-68.3,3.81981131916759,5.59707844161033,1.48828634917154,1.48742955285654
-68.2,3.84919821890331,5.60254268483023,1.4779297006546,1.50747670978712
-68.1,3.87858811843293,5.60772283122903,1.46765235683219,1.52797966824944
-68,3.90797184941559,5.61261481201579,1.45746452814892,1.5489396423596
-67.9,3.93734018974677,5.61721482501988,1.44737668814504,1.57035749075472
-67.8,3.96668387051948,5.62151934426939,1.43739956861916,1.59223370416826
-67.7,3.99599358307591,5.62552512927197,1.42754415408349,1.61456839302991
-67.6,4.02525998613718,5.62922923396753,1.4178216754867,1.63736127510661
-67.5,4.05447371299721,5.6326290153209,1.40824360317987,1.66061166320162
-67.4,4.08362537876706,5.6357221415228,1.39882163910121,1.68431845292894
-67.3,4.11270558765485,5.63850659976657,1.38956770815577,1.70848011058086
-67.2,4.14170494026606,5.64098070356835,1.38049394876746,1.73309466110683
-67.1,4.17061404090838,5.6431430995975,1.3716127025802,1.75815967622198
-67,4.19942350488468,5.6449927739844,1.36293650328705,1.7836722626644
-66.9,4.22812396575705,5.64652905807242,1.35447806456593,1.80962905062004
-66.8,4.25670608256455,5.64775163358095,1.34625026710232,1.83602618233498
-66.7,4.28516054697659,5.64866053714628,1.33826614467974,1.8628593009346
-66.6,4.31347809036347,5.64925616420756,1.3305388693202,1.89012353946991
-66.5,4.34164949076514,5.64953927220494,1.32308173545827,1.91781351021108
-66.4,4.36966557973894,5.64951098305784,1.31590814313325,1.94592329420881
-66.3,4.39751724906636,5.64917278489107,1.30903158018594,1.97444643114415
-66.2,4.42519545729914,5.64852653297811,1.30246560344776,2.00337590948763
-66.1,4.45269123612383,5.64757444987013,1.29622381891173,2.03270415698877
-66,4.4799956965247,5.64631912468157,1.29031986087677,2.06242303151688
-65.9,4.50710003472376,5.64476351150295,1.28476737005855,2.09252381227465
-65.8,4.53399553787714,5.64291092691306,1.27957997066237,2.12299719140557
-65.7,4.56067358950654,5.64076504656383,1.27477124641563,2.15383326601656
-65.6,4.5871256746447,5.63832990081222,1.27035471555976,2.18502153063732
-65.5,4.61334338467368,5.63560986937524,1.26634380480411,2.21655087013739
-65.4,4.63931842183497,5.63260967498528,1.26275182224664,2.24840955312263
-65.3,4.66504260339027,5.62933437602516,1.25959192926924,2.280585225832
-65.2,4.69050786541243,5.62578935812358,1.25687711141806,2.31306490655606
-65.1,4.71570626618599,5.621980324694,1.2546201482826,2.34583498059811
-65,4.74062998919717,5.61791328640193,1.25283358238989,2.37888119579887
-64.9,4.7652713456938,5.61359454954784,1.25152968713404,2.41218865864568
-64.8,4.78962277679588,5.60903070335524,1.25072043376407,2.44574183098645
-64.7,4.81367685513843,5.60422860615633,1.25041745745705,2.47952452736926
-64.6,4.83742628602858,5.59919537046969,1.25063202250676,2.51351991302725
-64.5,4.86086390810001,5.59393834696806,1.25137498666224,2.54771050252921
-64.4,4.88398269344852,5.58846510733653,1.25265676465407,2.58207815911538
-64.3,4.90677574723353,5.58278342602514,1.25448729095056,2.61660409473787
-64.2,4.92923630673147,5.57690126090274,1.25687598178993,2.651268870825
-64.1,4.95135773982801,5.57082673282267,1.25983169653888,2.68605239978836
-64,4.97313354293766,5.56456810411418,1.26336269843227,2.7209339472911
-63.9,4.99455733834039,5.55813375601721,1.26747661475297,2.75589213529598
-63.8,5.01562287092653,5.5515321650821,1.27218039651564,2.79090494591079
-63.7,5.036324004343,5.54477187855971,1.27748027772262,2.82594972604909
-63.6,5.05665471653523,5.53786148881121,1.28338173426495,2.86100319292343
-63.5,5.07660909468148,5.53080960677158,1.28988944254612,2.89604144038811
-63.4,5.09618132951779,5.52362483450462,1.29700723791139,2.9310399461482
-63.3,5.11536570905416,5.51631573689206,1.30473807296975,2.96597357985112
-63.2,5.13415661168463,5.5088908125036,1.31308397590119,3.00081661207708
-63.1,5.15254849869623,5.50135846369966,1.32204600884656,3.03554272424387
-63,5.17053590618415,5.49372696602307,1.33162422648227,3.07012501944188
-62.9,5.18811343638326,5.48600443694077,1.34181763488727,3.10453603421431
-62.8,5.20527574842841,5.47819880400161,1.35262415081478,3.13874775129792
-62.7,5.22201754855895,5.47031777248104,1.36404056148588,3.17273161333881
-62.6,5.23833357978575,5.4623687925886,1.37606248502762,3.20645853759816
-62.5,5.25421861104188,5.4543590263191,1.38868433168269,3.23989893166217
-62.4,5.26966742584143,5.4462953140334,1.40189926592303,3.27302271017074
-62.3,5.28467481047377,5.4381841408596,1.4156991696042,3.30579931257891
-62.2,5.29923554176438,5.43003160301098,1.43007460630236,3.33819772196536
-62.1,5.31334437443612,5.42184337412123,1.44501478698014,3.37018648490213
-62,5.32699602810902,5.41362467170349,1.46050753713234,3.40173373239947
-61.9,5.34018517397951,5.40538022384385,1.4765392655666,3.43280720194038
-61.8,5.35290642122441,5.39711423624528,1.4930949349786,3.46337426061872
-61.7,5.36515430317784,5.38883035974276,1.51015803448514,3.49340192939557
-61.6,5.37692326333404,5.38053165841487,1.52771055428267,3.52285690848836
-61.5,5.388207641232,5.37222057842202,1.54573296260196,3.55170560390751
-61.4,5.39900165828218,5.36389891770556,1.56420418513347,3.57991415515581
-61.3,5.40929940359964,5.35556779668694,1.58310158710086,3.60744846410573
-61.2,5.41909481991143,5.34722763010934,1.60240095816299,3.6342742250707
-61.1,5.42838168961057,5.33887810016926,1.62207650032727,3.66035695608636
-61,5.43715362103266,5.3305181310883,1.64210081905967,3.68566203141846
-60.9,5.44540403503514,5.32214586527928,1.66244491777811,3.71015471531456
-60.8,5.4531261519636,5.31375864126441,1.68307819591812,3.73380019701733
-60.7,5.46031297909299,5.30535297350561,1.70396845076021,3.75656362705759
-60.6,5.46695729863589,5.29692453431008,1.72508188320931,3.77841015484603
-60.5,5.47305165641376,5.28846813797659,1.74638310771706,3.79930496758335
-60.4,5.47858835129085,5.27997772734984,1.76783516653724,3.81921333050888
-60.3,5.48355942547435,5.27144636295194,1.78939954850419,3.83810062850875
-60.2,5.48795665578773,5.2628662148614,1.81103621252278,3.85593240910552
-60.1,5.49177154602805,5.25422855751056,1.83270361595657,3.87267442685141
-60,5.49499532052116,5.24552376757334,1.85435874809915,3.88829268914884
-59.9,5.49761891899201,5.23674132511438,1.87595716890985,3.90275350352198
-59.8,5.49963299287051,5.22786981817088,1.89745305319242,3.91602352636438
-59.7,5.50102790315596,5.21889695093686,1.91879924039074,3.92806981318813
-59.6,5.50179371996604,5.20980955571821,1.93994729017088,3.93885987040095
-59.5,5.50192022389857,5.20059360882497,1.96084754395384,3.94836170863826
-59.4,5.50139690933665,5.19123425056398,1.98144919255666,3.95654389767795
-59.3,5.50021298982939,5.18171580949275,2.00170035009337,3.96337562296612
-59.2,5.49835740568255,5.17202183109063,2.02154813427933,3.9688267437829
-59.1,5.49581883389418,5.16213511099945,2.04093875327472,3.97286785307736
-59,5.49258570057196,5.15203773298033,2.05981759919347,3.9754703390017
-58.9,5.48864619596875,5.14171111172791,2.07812934839473,3.97660644817447
-58.8,5.48398829227419,5.13113604067649,2.09581806866299,3.97624935070322
-58.7,5.47859976429886,5.12029274492559,2.11282733337209,3.97437320699668
-58.6,5.47246821318797,5.1091609394046,2.12910034271585,3.9709532363969
-58.5,5.46558109329987,5.09771989238772,2.14458005207568,3.96596578766087
-58.4,5.45792574238339,5.08594849446077,2.15920930758114,3.95938841132129
-58.3,5.44948941518627,5.07382533303202,2.17293098890576,3.95119993395521
-58.2,5.4402593206239,5.06132877246794,2.18568815932419,3.9413805343882
-58.1,5.43022266263538,5.04843703992376,2.19742422304154,3.92991182186111
-58,5.4193666848494,5.03512831692602,2.20808308978784,3.9167769161844
-57.9,5.40767871917917,5.02138083675191,2.21760934665381,3.90196052990414
-57.8,5.39514623846025,5.0071729876361,2.22594843712462,3.88544905250102
-57.7,5.38175691324022,4.99248342182153,2.23304684724981,3.86723063664215
-57.6,5.36749867282277,4.97729117045546,2.23885229886671,3.84729528650231
-57.5,5.35235977066251,4.96157576431614,2.24331394977446,3.82563494816857
-57.4,5.33632885419936,4.94531736033912,2.24638260073352,3.80224360213881
-57.3,5.31939503921328,4.92849687389471,2.24801090914388,3.77711735792089
-57.2,5.30154798877158,4.91109611675016,2.24815360923137,3.75025455073502
-57.1,5.28277799683193,4.89309794063191,2.24676773854865,3.72165584031736
-57,5.26307607655349,4.87448638628352,2.24381287057241,3.69132431181766
-56.9,5.24243405335832,4.85524683789543,2.23925135315375,3.65926557877828
-56.8,5.22084466277353,4.83536618276206,2.23304855255332,3.62548788817596
-56.7,5.19830165307237,4.81483297600113,2.22517310276641,3.59000222750082
-56.6,5.17479989271924,4.79363761014802,2.21559715981714,3.55282243384047
-56.5,5.15033548261031,4.77177248941676,2.20429666067375,3.51396530492888
-56.4,5.12490587308641,4.74923220839625,2.19125158640971,3.47345071211191
-56.3,5.09850998568019,4.72601373492792,2.17644622920805,3.43130171517244
-56.2,5.07114833954298,4.70211659688766,2.15986946277798,3.38754467894844
-56.1,5.0428231824808,4.67754307257171,2.14151501572543,3.34220939166785
-56,5.01353862651079,4.65229838436233,2.1213817473904,3.2953291849129
-55.9,4.98330078783223,4.62639089532527,2.09947392563623,3.24694105511604
-55.8,4.95211793108654,4.59983230836729,2.07580150604731,3.19708578647706
-55.7,4.92000061776197,4.57263786755768,2.05038041196391,3.14580807517909
-55.6,4.88696185857852,4.54482656119407,2.0232328147548,3.09315665476815
-55.5,4.85301726966764,4.51642132616848,1.99438741370028,3.03918442254648
-55.4,4.81818523234043,4.48744925316628,1.96387971483155,2.98394856681681
-55.3,4.78248705621627,4.45794179220664,1.93175230804469,2.92751069479873
-55.2,4.74594714546121,4.42793495801032,1.89805514178164,2.86993696102345
-55.1,4.70859316786319,4.39746953465732,1.86284579454445,2.81129819599707
-55,4.67045622644758,4.36659127897485,1.82618974248416,2.75167003490572
-54.9,4.63157103331358,4.33535112207398,1.78816062228129,2.69113304611904
-54.8,4.59197608534743,4.30380536843245,1.74884048851183,2.62977285923058
-54.7,4.55171384144517,4.27201589189992,1.70832006466969,2.56768029235563
-54.6,4.51083090085262,4.24005032798325,1.66669898699621,2.50495147838849
-54.5,4.46937818220646,4.20798226174978,1.62408604024667,2.44168798990208
-54.4,4.42741110283541,4.17589141066911,1.5805993845054,2.37799696235358
-54.3,4.38498975785617,4.14386380169746,1.53636677214411,2.31399121523986
-54.2,4.3421790985745,4.11199194189269,1.49152575400214,2.24978937082678
-54.1,4.29904910967724,4.08037498183422,1.44622387385353,2.18551597005604
-54,4.25567498467757,4.04911887110923,1.40061885021402,2.12130158521309
-53.9,4.21213729905161,4.01833650511505,1.35487874453034,2.05728292891902
-53.8,4.16852218048172,3.98814786241796,1.30918211478658,1.99360295898926
-53.7,4.12492147559848,3.95868013190053,1.2637181535557,1.93041097868075
-53.6,4.08143291259204,3.93006782892329,1.21868680952114,1.86786273182998
-53.5,4.03816025904124,3.90245289972206,1.17429889149154,1.80612049236342
-53.4,3.9952134742888,3.87598481325967,1.13077615393273,1.74535314764235
-53.3,3.95270885567112,3.85082063975043,1.08835136304472,1.68573627508487
-53.2,3.91076917789222,3.82712511507723,1.04726834241764,1.62745221148866
-53.1,3.86952382481423,3.80507069032506,1.00778199730945,1.57069011445991
-53,3.82910891292015,3.78483756566092,0.970158316600229,1.51564601533616
-52.9,3.78966740568978,3.76661370779844,0.934674351492483,1.46252286297397
-52.8,3.7513492181163,3.7505948502966,0.901618170044556,1.4115305577561
-52.7,3.71431131057879,3.73698447595539,0.871288786645594,1.36288597515847
-52.6,3.67871777127612,3.72599378058717,0.843996065564041,1.31681297820292
-52.5,3.64473988641881,3.71784161746127,0.820060597729166,1.27354241810928
-52.4,3.61255619736955,3.71275442174058,0.799813549935966,1.23331212244952
-52.3,3.58235254391787,3.71096611425315,0.783596485697333,1.19636687009658
-52.2,3.55432209287296,3.71271798396833,0.771761157005105,1.16295835225263
-52.1,3.52866535115821,3.71825854857715,0.764669266302362,1.13334511883567
-52,3.50559016259346,3.72784339260847,0.762692198013571,1.1077925094982
-51.9,3.48531168755609,3.74173498254848,0.766210719027127,1.08657256855045
-51.8,3.46805236471924,3.7602024584687,0.775614647575976,1.06996394305938
-51.7,3.45404185407606,3.78352140170928,0.791302490017131,1.05825176339777
-51.6,3.44351696047152,3.81197357820772,0.813681045068842,1.05172750552171
-51.5,3.43672153687958,3.84584665711064,0.843164975126422,1.05068883426218
-51.4,3.43390636668225,3.88543390435516,0.880176344342697,1.05543942692616
-51.3,3.43532902422902,3.93103385095927,0.925144123227813,1.06628877651529
-51.2,3.44125371298071,3.98294993581568,0.97850365959535,1.08355197388589
-51.1,3.45195108056954,4.0414901228412,1.04069611575671,1.1075494681924
-51,3.4676980101396,4.10696649239462,1.11216787194466,1.13860680497844
-50.9,3.48877738736651,4.17969480693857,1.19336989602822,1.17705434130452
-50.8,3.51547784259369,4.25999405098676,1.28475707966608,1.22322693732991
-50.7,3.54809346756466,4.34818594544566,1.38678754113313,1.27746362379817
-50.6,3.58692350627595,4.44459443652968,1.49992189514507,1.34010724491116
-50.5,3.63227201952445,4.54954515950145,1.62462249009907,1.41150407611554
-50.4,3.68444752277512,4.66336487756288,1.76135261324387,1.49200341636862
-50.3,3.743762597031,4.78638089629866,1.91057566439041,1.58195715449673
-50.2,3.81053347244715,4.91892045415227,2.07275429887386,1.68171930931022
-50.1,3.88507958449244,5.06131008949315,2.24834954057976,1.79164554319272
-50,3.96772310253028,5.21387498491542,2.43781986595042,1.9120926489412
-49.9,4.05878843075826,5.3769382894893,2.64162025999206,2.0434180096947
-49.8,4.15860168152032,5.55082041977081,2.86020124541027,2.18597903185608
-49.7,4.26749012108101,5.73583834045755,3.09400788610733,2.34013255098072
-49.6,4.38578158803115,5.93230482566391,3.34347876638336,2.50623421067957
-49.5,4.51380388457622,6.14052770187287,3.6090449472912,2.68463781466194
-49.4,4.65188414104483,6.36080907370669,3.89112890170315,2.87569465212415
-49.3,4.800348154042,6.59344453374314,4.19014342975557,3.07975279677501
-49.2,4.95951969876381,6.83872235768849,4.50649055644573,3.29715637987823
-49.1,5.12971981608211,7.09692268630134,4.8405604132606,3.52824483778258
-49,5.31126607510443,7.36831669554465,5.19273010582448,3.77335213450698
-48.9,5.50447181201144,7.6531657565242,5.56336256965527,4.03280596004533
-48.8,5.7096453460735,7.95172058685143,5.95280541622129,4.30692690515705
-48.7,5.92708917384961,8.26422039514765,6.36138977159215,4.59602761351449
-48.6,6.1570991426737,8.59089202048092,6.78942911007187,4.90041191218342
-48.5,6.39996360463706,8.93194906860187,7.23721808529904,5.22037392152316
-48.4,6.65596255238063,9.2875910469156,7.70503136138948,5.55619714570382
-48.3,6.92536673811404,9.65800250019277,8.19312244678215,5.90815354514945
-48.2,7.20843677738553,10.0433521490907,8.7017225335354,6.27650259233304
-48.1,7.50542223922978,10.4437920336131,9.23103934489618,6.66149031246188
-48,7.81656072442656,10.8594566636965,9.78125599404066,7.06334831071051
-47.9,8.14207693370585,11.2904621791631,10.3525298569519,7.48229278777394
-47.8,8.48218172783784,11.7369055213276,10.944991462463,7.9185235456311
-47.7,8.83707118164703,12.1988636185905,11.5587434025515,8.37222298552556
-47.6,9.20692563408859,12.6763925883879,12.1938592660196,8.84355510028583
-47.5,9.59190873662143,13.1695269579005,12.8503825987396,9.33266446322264
-47.4,9.99216650220639,13.6782789059522,13.5283258936785,9.83967521595403
-47.3,10.4078263573481,14.2026375285495,14.2276696139454,10.3646900576187
-47.2,10.8389961996866,14.74256813053,14.9483612521243,10.9077892380489
-47.1,11.2857634637275,15.2980115457938,15.6903144291715,11.469029557578
-47,11.7481941973766,15.8688834885955,16.4534080361518,12.0484433762585
-46.9,12.2263321520205,16.4550739383706,17.2374854220958,12.646037635368
-46.8,12.7201978889608,17.056446560555,18.0423536312311,13.261792894169
-46.7,13.2297879050728,17.672838165839,18.86778269283,13.8956623849787
-46.6,13.7550737806156,18.304058210271,19.7135049668747,14.547571089689
-46.5,14.2960013521685,18.9498883385893,20.5792145487003,15.2174148409482
-46.4,14.8524899137128,19.6100819731192,21.4645667357233,15.9050594512886
-46.3,15.4244314489113,20.284363950523,22.3691775592981,16.6103398735459
-46.2,16.011689897664,20.9724302086304,23.292623384671,17.3330593959669
-46.1,16.6141004600392,21.6739475255142,24.2344405819167,18.0729888754523
-46,17.2314689406852,22.388553312895,25.1941252706446,18.8298660124116
-45.9,17.8635711368321,23.1158554658851,26.1711331411621,19.6033946707407
-45.8,18.5101522729796,23.8554322709814,27.1648793546554,20.3932442464425
-45.7,19.1709264853535,24.6068323741266,28.1747385248325,21.1990490884238
-45.6,19.8455763591772,25.3695748105455,29.2000447833248,22.0204079749894
-45.5,20.5337525217733,26.1431490979511,30.2400919310017,22.856883649546
-45.4,21.2350732944525,26.9270153945912,31.2941336771887,23.708002418993
-45.3,21.9491244060895,27.7206047234757,32.3613839686119,24.5732538182392
-45.2,22.675458771215,28.5233192639887,33.4410174097117,25.4520903442334
-45.1,23.4135963353627,29.3345327119411,34.5321697757771,26.3439272628239
-45,24.1630239903236,30.15359070897,35.6339386201547,27.2481424916891
-44.9,24.9231955618428,30.9798113420287,36.7453839765735,28.1640765624789
-44.8,25.6935318721853,31.8124857135496,37.8655291574133,29.0910326652085
-44.7,26.4734208798581,32.6508785826839,38.9933616485112,30.0282767778125
-44.6,27.2622178986404,33.4942290778533,40.1278341008742,30.975037883642
-44.5,28.0592458979141,34.3417514806538,41.2678654194123,31.9305082795258
-44.4,28.8637958861266,35.1926360809757,42.412341948567,32.8938439768603
-44.3,29.6751273790334,36.0460501029999,43.5601187544424,33.8641651980031
-44.2,30.4924689541884,36.9011387015404,44.7100210027933,34.8405569700584
-44.1,31.3150188929421,37.7570260280011,45.8608454319476,35.822069817929
-44,32.1419459110021,38.6128163650071,47.0113619194713,36.8077205582843
-43.9,32.9723899783869,39.4675953285689,48.1603151411054,37.7964931958613
-43.8,33.8054632293734,40.3204311364272,49.3064263202216,38.7873399232577
-43.7,34.6402509627988,41.1703759410161,50.4483950657628,39.7791822251164
-43.6,35.4758127328248,42.0164672252727,51.5849012963445,40.7709120873195
-43.5,36.3111835300139,42.8577292593098,52.7146072479117,41.76139331152
-43.4,37.1453750523026,43.693174615759,53.8361595620529,42.7494629350389
-43.3,37.9773770651777,44.5218057413811,54.948191451792,43.7339327558361
-43.2,38.8061588500825,45.3426165823362,56.0493249413916,44.7135909619458
-43.1,39.630670739793,46.154594260298,57.1381731764188,45.6872038644251
-43,40.4498457392082,46.9567207964013,58.2133428000496,46.653517732529
-42.9,41.2626012297033,47.7479748798078,59.2734363913092,47.611260729463
-42.8,42.067840754891,48.5273336774894,60.3170549606804,48.5591449467136
-42.7,42.8644558853364,49.2937746816395,61.3428004982524,49.4958685345894
-42.6,43.6513281594582,50.0462775909397,62.34927856932,50.4201179262285
-42.5,44.4273310975488,50.7838262217423,63.335100952109,51.3305701519646
-42.4,45.1913322855358,51.5054104450572,64.2988883120555,52.2258952405541
-42.3,45.9421955248027,52.2100281450793,65.2392729068501,53.1047587033978
-42.2,46.6787830440851,52.896687194843,66.1549013162391,53.9658240975046
-42.1,47.3999577691581,53.5644074444514,67.0444371903752,54.8077556625694
-42,48.1045856457364,54.2122227172036,67.9065640103193,55.6292210271609
-41.9,48.7915380107207,54.8391828088243,68.7399878541265,56.4288939786433
-41.8,49.459694006642,55.4443554848972,69.5434401617857,57.2054572910913
-41.7,50.1079430338814,56.0268284715123,70.3156804921424,57.9576056050948
-41.6,50.7351872349815,56.5857114340574,71.0554992648134,58.6840483530062
-41.5,51.3403440051093,57.1201379390213,71.7617204799871,59.3835127228343
-41.4,51.9223485224936,57.6292673936217,72.433204408924,60.0547466536695
-41.3,52.4801562924276,58.1122869580387,73.0688502478985,60.6965218552022
-41.2,53.012745698219,58.5684134250127,73.6675987282772,61.3076368436046
-41.1,53.5191205522687,58.9968950615569,74.2284346754011,61.8869199857545
-41,53.99831264028,59.3970134075503,74.7503895089363,62.4332325435235
-40.9,54.4493842514365,59.7680850259994,75.2325436773711,62.9454717096011
-40.8,54.8714306872462,60.1094631998013,75.6740290193799,63.4225736261071
-40.7,55.2635827416209,60.4205395699025,76.0740310448363,63.8635163770419
-40.6,55.6250091446634,60.7007457098209,76.4317911283429,64.2673229454525
-40.5,55.9549189625515,60.9495546315944,76.7466086082569,64.6330641260382
-40.4,56.2525639458525,61.1664822183306,77.0178427843225,64.9598613838026
-40.3,56.5172408185704,61.3510885786564,77.2449148071796,65.2468896492637
-40.2,56.7482935002192,61.5029793185159,77.4273094532016,65.49338004067
-40.1,56.9451152532348,61.6218067259206,77.5645767783177,65.6986225036429
-40,57.1071507480834,61.7072708644381,77.6563336447081,65.8619683586625
-39.9,57.233898038495,61.7591205713981,77.7022651145122,65.9828327468531
-39.8,57.3249104393506,61.777154357004,77.7021257049673,66.0606969645892
-39.7,57.3797982998787,61.7612212007651,77.6557404996941,66.0951106775526
-39.6,57.3982306649742,61.7112212419056,77.5630061111701,66.0856940050069
-39.5,57.3799368176333,61.6271063606607,77.4238914897724,66.0321394652366
-39.4,57.3247076957147,61.5088806476415,77.238438575141,65.9342137733098
-39.3,57.2323971764772,61.3566007587317,77.0067627859953,65.7917594825773
-39.2,57.1029232226137,61.1703761532768,76.7290533449466,65.6046964616074
-39.1,56.9362688838011,60.950369213631,76.4055734352683,65.3730231985855
-39,56.7324831481117,60.6967952444495,76.0366601870323,65.0968179255703
-38.9,56.4916816379865,60.4099223504391,75.6227244904737,64.7762395553994
-38.8,56.2140471458504,60.0900711916214,75.164250634923,64.411528424478
-38.7,55.8998300048597,59.7376146155052,74.6617957721294,64.0030068351551
-38.6,55.5493482907034,59.3529771659239,74.1159892033006,63.5510793919057
-38.5,55.1629878508378,58.9366344686462,73.5275314896933,63.0562331260782
-38.4,54.7412021580161,58.48911249424,72.8971933871124,62.5190374045469
-38.3,54.2845119854775,58.0109866990327,72.2258146052005,61.9401436182177
-38.2,53.7935049016859,57.5028810453839,71.5143023929382,61.3202846469752
-38.1,53.2688345830503,56.9654669028592,70.7636299523121,60.6602740983298
-38,52.7112199436251,56.3994618322647,69.9748346826504,59.9610053177215
-37.9,52.1214440813628,55.8056282548734,69.1490162586668,59.2234501691532
-37.8,51.5003530410883,55.184772009543,68.2873345457993,58.4486575855798
-37.7,50.8488543949667,54.5377408007889,67.3910073569616,57.6377518892362
-37.6,50.1679156418567,53.865422541234,66.4613080553675,56.7919308828778
-37.5,49.4585624275626,53.1687435922116,65.4995630086072,55.9124637137036
-37.4,48.7218765886325,52.4486669066392,64.5071488996785,55.0006885125455
-37.3,47.9589940229851,51.7061900786185,63.4854899011793,54.0580098117299
-37.2,47.1711023912834,50.9423433045389,62.436054719362,53.0858957458481
-37.1,46.3594386536122,50.1581872607742,61.3603535152325,52.0858750405052
-37,45.525286446649,49.3548109033639,60.2599347103343,51.0595337949515
-36.9,44.6699733071447,48.533329195349,59.1363816853053,50.0085120653339
-36.8,43.7948677481522,47.6948807677069,57.9913093797156,48.9345002561285
-36.7,42.9013761950487,46.8406255200754,56.826360802094,47.8392353281335
-36.6,41.9909397889906,45.9717421676939,55.6432034594285,46.7244968322053
-36.5,41.0650310660238,45.0894257411994,54.4435257157716,45.5921027787045
-36.4,40.1251505206263,44.1948850461113,53.2290330899055,44.4439053533903
-36.3,39.172823063005,43.2893400890098,52.0014445023114,43.2817864912386
-36.2,38.2095943799782,42.374019477562,50.7624884819481,42.107653320379
-36.1,37.2370272097665,41.4501578016786,49.5138993435717,40.9234334890271
-36,36.2566975414716,40.5189930031838,48.2574133465204,39.7310703889389
-35.9,35.2701907504521,39.581763741463,46.9947648460502,38.5325182895266
-35.8,34.2790976811982,38.6397067626038,45.7276824484236,37.3297373973429
-35.7,33.2850106896596,37.6940542795735,44.457885181039,36.1246888561658
-35.6,32.2895196573079,36.7460313709796,43.1870786889359,34.9193297033951
-35.5,31.2942079894834,35.796853405933,41.9169514690141,33.7156077988935
-35.4,30.3006486108172,34.8477235024833,40.6491711532723,32.5154567427773
-35.3,29.3103999707089,33.8998300270191,39.3853808522991,31.320790798979
-35.2,28.3250020719809,32.9543441419179,38.127195570133,30.1334998416522
-35.1,27.3459725359319,32.0124174086018,36.8761987014516,28.9554443416855
-35,26.3748027170567,31.0751794529986,35.6339386218584,27.7884504107193
-34.9,25.4129538806956,30.1437357002192,34.4019253817939,26.6343049201185
-34.8,24.4618534568257,29.2191651850605,33.1816275143231,25.4947507123502
-34.7,23.5228913830974,28.3025184447007,31.9744689667357,24.3714819221357
-34.6,22.5974165500591,27.3948154997014,30.781826165535,23.2661394246018
-34.5,21.6867333613065,26.4970439291456,29.6050252240039,22.180306427435
-34.4,20.7920984210192,25.6101570454352,28.4453393010979,21.1155042237509
-34.3,19.914717361036,24.7350721739474,27.3039861199518,20.0731881220302
-34.2,19.0557418192437,23.8726690423969,26.1821256537842,19.0547435690292
-34.1,18.2162665806331,23.0237882843895,25.0808579864448,18.0614824810699
-34,17.3973268918992,22.1892300612621,24.0012213542875,17.0946397985303
-33.9,16.5998959599343,21.369752805903,22.9441903754493,16.1553702777028
-33.8,15.8248826439943,20.5660720918319,21.910674471998,15.2447455334724
-33.7,15.073129350686,19.7788596303805,20.9015164897523,14.3637513454693
-33.6,14.3454101402617,19.0087423983759,19.9174915199114,13.5132852395059
-33.5,13.6424290519915,18.256301898273,18.9593059259349,12.6941543551814
-33.4,12.9648186556289,17.5220735522158,18.0275965783971,11.9070736095656
-33.3,12.3131388351928,16.8065462310399,17.1229302998178,11.1526641658343
-33.2,11.6878758104566,16.1101619187496,16.2458035207221,10.4314522146408
-33.1,11.0894414006757,15.4333155125273,15.3966421474375,9.7438680748672
-33,10.5181725341846,14.7763547578466,14.5758016413705,9.09024561921482
-32.9,9.97433100657837,14.1395803177871,13.7835673087484,8.47082202886277
-32.8,9.45810348924832,13.5232459751644,13.020154799041,7.8857378801622
-32.7,8.96960178907366,12.9275589656218,12.2857108095197,7.33503756503347
-32.6,8.50886335909545,12.3526804393578,11.5803139926505,6.81867004541125
-32.5,8.07585205900451,11.7987260487125,10.9039760622726,6.33648994073704
-32.4,7.67045916327562,11.2657666583794,10.2566430937712,5.88825894613559
-32.3,7.29250461377865,10.7538291745843,9.63819701273727,5.47364757754211
-32.2,6.9417385126937,10.2628974891432,9.04845726589653,5.09223723866964
-32.1,6.61784285056207,9.7929135339115,8.48718266740874,4.74352260333342
-32,6.32043346331883,9.34377844075002,7.95407341297981,4.42691430528456
-31.9,6.04906221118012,8.91535380176471,7.44877325359455,4.14174192635382
-31.8,5.80321937130673,8.50746302423278,6.97087182007655,3.88725727237845
-31.7,5.5823362352364,8.11989277430558,6.51990708911223,3.66263792508305
-31.6,5.38578790117772,7.75239450328065,6.09536798084227,3.46699105681939
-31.5,5.21289625039006,7.40468604996302,5.69669707762706,3.29935749384247
-31.4,5.06293309604535,7.07645331239208,5.32329345313932,3.15871601262254
-31.3,4.93512349217817,6.76735198199332,4.97451560052417,3.04398785256561
-31.2,4.8286491895885,6.47700933302765,4.64968444800013,2.95404142744914
-31.1,4.74265222486946,6.20502606005471,4.34808644995572,2.88769721687885
-31,4.67623862809325,5.95097815600129,4.06897674132465,2.84373281814277
-30.9,4.6284822341081,5.71441882333251,3.81158234280344,2.82088813798591
-30.8,4.59842858187948,5.49488041076302,3.57510540430649,2.81787070305857
-30.7,4.58509888585303,5.29187636791657,3.3587264739385,2.8333610671074
-30.6,4.58749406292978,5.10490321034769,3.16160777970299,2.86601829238687
-30.5,4.60459879832614,4.93344248737682,2.9828965111589,2.91448548227289
-30.4,4.63538563334674,4.77696274526124,2.82172808828585,2.97739534166486
-30.3,4.67881905792858,4.63492147832779,2.67722940492224,3.05337574146976
-30.2,4.73385959072133,4.50676706082897,2.54852203429892,3.14105526327632
-30.1,4.79946782945432,4.39194065245219,2.43472538440553,3.23906870025034
-30,4.8746084544048,4.28987807061019,2.33495979119351,3.3460624903167
-29.9,4.95825416792668,4.20001162286998,2.24834953794209,3.46070005784007
-29.8,5.04938955322402,4.12177189313529,2.17402578948609,3.58166704027735
-29.7,5.14701483585862,4.05458947548398,2.11112943042957,3.70767637664905
-29.6,5.2501495318667,3.99789664987422,2.05881379694236,3.83747323516563
-29.5,5.35783596682398,3.95112899427113,2.0162472922576,3.96983975794649
-29.4,5.46914265074098,3.91372692810728,1.98261587655469,4.10359960148335
-29.3,5.58316749428883,3.88513718237352,1.9571254225205,4.23762225232326
-29.2,5.69904085254913,3.8648141920399,1.93900392853123,4.37082709837869
-29.1,5.81592838324551,3.85222140692824,1.92750358208323,4.50218723730763
-29,5.93303370724837,3.8468325175948,1.92190266682215,4.63073300454433
-28.9,6.04960086004306,3.84813259323304,1.92150730727115,4.75555520479475
-28.8,6.16491652381265,3.85561912906944,1.92565304613856,4.87580803213631
-28.7,6.2783120308057,3.86880300119709,1.93370624988826,4.9907116652746
-28.6,6.38916512973102,3.88720932727125,1.94506533908008,5.09955452600108
-28.5,6.49690150804324,3.91037823197431,1.95916184082681,5.20169519046441
-28.4,6.60099606414738,3.93786551664352,1.97546126156708,5.29656394450097
-28.3,6.7009739247539,3.9692432329394,1.99346377921358,5.3836639759651
-28.2,6.79641120385172,4.00410016091571,2.01270475460024,5.46257219874554
-28.1,6.8869355010291,4.04204219232764,2.03275506301646,5.53293970494429
-28,6.97222613815596,4.08269262048427,2.0532212474759,5.59449184351988
-27.9,7.0520141347388,4.12569233840939,2.0737454962178,5.64702792554785
-27.8,7.12608192356488,4.17069994751992,2.09400544777665,5.69042055812019
-27.7,7.19426280955931,4.21739177946202,2.11371382777576,5.72461461078163
-27.6,7.25644017607993,4.26546183415686,2.13261792239868,5.74962582027426
-27.5,7.31254644416379,4.31462163750173,2.15049889426488,5.76553904122488
-27.4,7.3625617915085,4.36460002254246,2.16717094717853,5.77250615224886
-27.3,7.40651263921604,4.4151428382809,2.18248034692781,5.77074362875408
-27.2,7.44446991553676,4.46601259060198,2.19630430598329,5.76052979549454
-27.1,7.47654710702298,4.516988020099,2.20854974057314,5.74220177363926
-27,7.5028981086263,4.56786362183993,2.2191519091981,5.71615213877603
-26.9,7.52371488534536,4.61844911235153,2.22807294218575,5.68282530785294
-26.8,7.53922495904358,4.66856884929952,2.23530027236904,5.64271367456365
-26.7,7.54968873500518,4.71806120951174,2.2408449774064,5.59635351409597
-26.6,7.55539668367481,4.76677793112532,2.24474004463552,5.54432067947956
-26.5,7.55666639382757,4.81458342573847,2.24703856967028,5.48722611297751
-26.4,7.5538395141351,4.86135406651077,2.24781190020616,5.42571119706201
-26.3,7.54727860072773,4.90697745818395,2.24714773669363,5.36044297048823
-26.2,7.53736388889437,4.95135169498664,2.2451482016695,5.29210923582558
-26.1,7.52449000751051,4.99438461234148,2.24192788960224,5.22141358551639
-26,7.50906265513427,5.03599303821293,2.23761190910809,5.14907037410268
-25.9,7.49149525695974,5.07610204981752,2.23233392933015,5.07579966468739
-25.8,7.47220562196162,5.11464424126691,2.22623424214278,5.00232217797248
-25.7,7.4516126196056,5.15155900752961,2.21945785164885,4.92935427234073
-25.6,7.43013289543141,5.18679184987793,2.21215260217803,4.85760298341639
-25.5,7.40817764464116,5.22029370773725,2.20446735567271,4.787761151352
-25.4,7.38614946254272,5.25202032157383,2.19655022896444,4.72050266374244
-25.3,7.36443929030793,5.28193163114807,2.18854690100075,4.65647784156409
-25.2,7.34342347400894,5.30999121312395,2.18059899958182,4.59630899487578
-25.1,7.32346095429449,5.3361657616639,2.17284257661137,4.54058617420267
-25,7.30489060336375,5.36042461525447,2.16540668025872,4.48986314255578
-24.9,7.28802872509143,5.3827393326036,2.15841203177355,4.44465359192205
-24.8,7.2731667332579,5.40308332002721,2.15196981399372,4.40542762679891
-24.7,7.26056902184479,5.42143151230514,2.14618057784433,4.37260853594484
-24.6,7.25047104027666,5.4377601085352,2.1411332723468,4.34656987198469
-24.5,7.24307758532647,5.45204636405315,2.13690440284424,4.32763285684777
-24.4,7.2385613201622,5.46426843901826,2.13355732130864,4.31606412923888
-24.3,7.23706152970265,5.47440530379194,2.13114165173151,4.31207384845572
-24.2,7.23868312007544,5.48243670076337,2.12969285271624,4.31581416687829
-24.1,7.24349586854002,5.48834316180435,2.1292319184946,4.32737808137963
-24,7.25153392875863,5.49210608006925,2.12976521868496,4.34679867175143
-23.9,7.26279559477729,5.49370783439695,2.13128447620267,4.37404873201474
-23.8,7.27724332552583,5.49313196412426,2.13376688182773,4.40904079820773
-23.7,7.29480403006841,5.49036339168679,2.1371753430385,4.4516275739208
-23.6,7.31536961224388,5.48538868996646,2.14145886383597,4.50160275249766
-23.5,7.33879777173707,5.47819639094852,2.14655305141911,4.55870223245319
-23.4,7.36491305702748,5.46877733187679,2.1523807447309,4.62260572028689
-23.3,7.3935081640797,5.45712503474715,2.15885275908367,4.69293871251048
-23.2,7.42434547308079,5.44323611465901,2.16586874029642,4.76927484637181
-23.1,7.45715881400138,5.42711071225357,2.17331812103942,4.85113860645935
-23,7.49165545027143,5.40875294521038,2.18108117138986,4.93800837212707
-22.9,7.52751826842486,5.38817137355027,2.18903013495851,5.02931978850035
-22.8,7.56440816019122,5.36537947330615,2.19703044135804,5.12446944172489
-22.7,7.60196658220431,5.34039611297449,2.20494198525076,5.22281881711595
-22.6,7.63981827726731,5.31324602705192,2.21262046174307,5.32369851696596
-22.5,7.6775741399682,5.28396028089265,2.21991874748683,5.42641271298928
-22.4,7.71483420838785,5.25257672109678,2.22668831650971,5.53024380673461
-22.3,7.75119076269128,5.21914040565552,2.23278067952772,5.634457269789
-22.2,7.78623151054992,5.18370400813855,2.23804883529815,5.73830663424577
-22.1,7.81954283861295,5.14632819031145,2.24234872244954,5.84103860271902
-22,7.85071310863644,5.10708193771634,2.24554066018101,5.94189824617066
-21.9,7.87933597639528,5.06604285293701,2.24749076625458,6.04013425698082
-21.8,7.90501371114777,5.02329740150056,2.24807234081443,6.13500422404416
-21.7,7.92736049320187,4.9789411056382,2.24716720475347,6.22577989622187
-21.6,7.94600566704735,4.93307868143998,2.2446669816122,6.31175240022525
-21.5,7.96059692757182,4.88582411528752,2.24047431233516,6.39223737895712
-21.4,7.97080341707277,4.83730067583566,2.23450399262535,6.46658001649398
-21.3,7.97631871111236,4.78764085823497,2.22668402312498,6.53415991625659
-21.2,7.97686367173697,4.7369862577411,2.21695656320958,6.59439579949088
-21.1,7.97218914719795,4.68548737034037,2.20527877980858,6.64674999196256
-21,7.96207849806213,4.63330331853198,2.19162358335574,6.69073266775635
-20.9,7.94634993048718,4.58060150094232,2.17598024372427,6.72590582026152
-20.8,7.92485861845446,4.52755716500328,2.15835487980845,6.75188693181316
-20.7,7.8974985978959,4.47435290249988,2.1387708172731,6.76835231503886
-20.6,7.86420441691639,4.42117806838128,2.11726880989811,6.77504010072595
-20.5,7.82495252769333,4.36822812382737,2.09390712089268,6.77175284896587
-20.4,7.77976240712205,4.31570390516856,2.06876146153736,6.75835976244098
-20.3,7.72869739486438,4.26381082086485,2.04192478552461,6.73479848298391
-20.2,7.67186523913682,4.21275797935638,2.01350693840568,6.70107645494901
-20.1,7.60941834233693,4.16275725120001,1.9836341626048,6.65727184147592
-20,7.54155370044177,4.11402226949802,1.95244845952578,6.60353398238405
-19.9,7.46851253200897,4.06676737320376,1.92010681134377,6.54008338519754
-19.8,7.39057959456055,4.02120649845021,1.88678026613869,6.46721124364924
-19.7,7.30808218811801,3.9775520235861,1.85265289108055,6.38527848093075
-19.6,7.22138884767482,3.93601357411809,1.81792059941289,6.29471431792924
-19.5,7.13090772842602,3.89679679424096,1.78278985799182,6.19601436970027
-19.4,7.03708468961191,3.86010209208798,1.74747628311788,6.08973827645306
-19.3,6.94040108486147,3.82612336624683,1.71220313333915,5.97650687835145
-19.2,6.84137126892827,3.79504672145855,1.67719970879973,5.85699894644063
-19.1,6.7405398326846,3.76704918174582,1.64269966755203,5.7319474849797
-19,6.63847858016491,3.74229740949766,1.60893927003655,5.60213562337193
-18.9,6.53578326331618,3.72094643926961,1.57615556365463,5.46839211872134
-18.8,6.43307009190672,3.703138435237,1.54458452001102,5.33158649278679
-18.7,6.33097203775412,3.68900148136318,1.51445913797903,5.19262382973338
-18.6,6.23013495404708,3.67864841341183,1.48600752623667,5.05243926358123
-18.5,6.13121353204158,3.67217570194125,1.45945097933313,4.91199218660211
-18.4,6.03486711879859,3.6696623953675,1.43500206166623,4.77226021210146
-18.3,5.94175542089045,3.67116913207132,1.41286271398124,4.63423292703085
-18.2,5.85253412012146,3.67673723035031,1.39322239713466,4.49890547168652
-18.1,5.76785042828237,3.68638786478296,1.37625628790253,4.36727198535367
-18,5.68833860877456,3.70012133727409,1.36212354154855,4.24031895813649
-17.9,5.61461549359391,3.71791645069376,1.35096563570196,4.11901853036178
-17.8,5.54727602464973,3.73972999260353,1.3429048098284,4.00432178184904
-17.7,5.48688884870326,3.7654963360872,1.3380426142081,3.89715205399048
-17.6,5.43399199534206,3.7951271641692,1.33645858186627,3.79839834797757
-17.5,5.38908866735408,3.82851132371457,1.33820903633134,3.70890884263604
-17.4,5.35264317262917,3.86551481406305,1.34332604742974,3.6294845751872
-17.3,5.32507702629307,3.90598091495827,1.35181654656413,3.56087332783713
-17.2,5.30676525117046,3.94973045759504,1.36366161206862,3.50376376240359
-17.1,5.29803290388008,3.99656224182731,1.37881593429318,3.45877984422718
-17,5.29915185288916,4.04625360175895,1.39720746904552,3.42647559537784
-16.9,5.31033783369906,4.09856112108571,1.41873728691648,3.40733021566612
-16.8,5.33174780500493,4.15322149867104,1.4432796248409,3.40174360820647
-16.7,5.36347762817374,4.20995256392898,1.47068214500617,3.4100323442632
-16.6,5.40556009072549,4.26845444065636,1.50076640492192,3.43242609985013
-16.5,5.45796329268889,4.32841085701106,1.53332854111418,3.46906459406139
-16.4,5.52058941274507,4.38949059837815,1.56814016751376,3.51999505639698
-16.3,5.59327386898033,4.45134909890633,1.60494948817909,3.58517024742571
-16.2,5.67578488685381,4.51363016654061,1.64348262253827,3.66444705401667
-16.1,5.76782348465892,4.57596783542743,1.68344513986098,3.75758567708398
-16,5.86902388433259,4.63798833863334,1.7245237981885,3.86424942634784
-15.9,5.97895435295711,4.69931219320287,1.76638848146857,3.98400513303656
-15.8,6.09711847771898,4.75955638869118,1.80869432717005,4.11632418775953
-15.7,6.22295687445537,4.81833666944969,1.85108403520121,4.26058420699318
-15.6,6.35584932724352,4.87526990012225,1.8931903475334,4.41607132776092
-15.5,6.49511735379151,4.92997650303309,1.9346386865495,4.58198312617925
-15.4,6.64002718868372,4.9820829554202,1.97504993880292,4.75743215160873
-15.3,6.78979317383909,5.03122433379466,2.01404336959743,4.94145006421286
-15.2,6.94358154287217,5.07704689209349,2.05123965259099,5.13299235981874
-15.1,7.10051458342139,5.11921065974516,2.08626399749499,5.33094366211042
-15,7.25967515894417,5.15739204528786,2.11874935789467,5.5341235583976
-14.9,7.42011156899091,5.19128643077546,2.14833970026417,5.74129295151258
-14.8,7.58084272457474,5.22061074187874,2.17469331439772,5.95116089681858
-14.7,7.74086361296965,5.24510597834308,2.19748614473639,6.16239188989208
-14.6,7.89915102410873,5.26453968930233,2.21641512144142,6.373613567187
-14.5,8.05466950873515,5.27870837787418,2.2312014695595,6.58342477892827
-14.4,8.20637753659266,5.28743981947704,2.24159397424527,6.79040399063348
-14.3,8.35323382124434,5.29059527841498,2.2473721797586,6.99311796704534
-14.2,8.4942037765926,5.28807160747567,2.24834949984137,7.19013068989655
-14.1,8.62826606884719,5.27980321557809,2.24437621710486,7.38001245883449
-14,8.75441922656755,5.26576388889188,2.23534234922581,7.56134912302838
-13.9,8.87168827049617,5.24596845132822,2.2211803600592,7.73275138947688
-13.8,8.97913132421072,5.22047425087215,2.20186769422908,7.89286415284232
-13.7,9.07584616616285,5.18938245888639,2.17742911435474,8.04037579077402
-13.6,9.16097668344349,5.1528391702661,2.14793882080803,8.17402736815081
-13.5,9.23371918762563,5.11103629315818,2.1135223347759,8.29262169348411
-13.4,9.29332855328638,5.0642122178758,2.07435812641717,8.39503217088045
-13.3,9.3391241403033,5.01265225563526,2.03067897105145,8.48021139146835
-13.2,9.3704954617553,4.95668883881202,1.98277301759484,8.54719940905306
-13.1,9.3869075602333,4.89670147555382,1.93098455485709,8.59513164596786
-13,9.38790605657905,4.83311645279242,1.87571446283084,8.62324637664372
-12.9,9.37312183651496,4.7664062829597,1.81742033772956,8.63089173830943
-12.8,9.34227534229951,4.69708889102912,1.75661628125666,8.61753222045811
-12.7,9.29518043843304,4.62572653986513,1.69387234640723,8.58275458725993
-12.6,9.23174782253821,4.55292449326379,1.62981363400497,8.52627318995405
-12.5,9.15198795483865,4.4793294174994,1.56511903615065,8.44793462940074
-12.4,9.05601348214527,4.40562752364778,1.50051962479331,8.34772173240004
-12.3,8.94404113492023,4.33254245442814,1.43679668572121,8.22575680906893
-12.2,8.8163930788083,4.26083292078449,1.37477940039243,8.08230416249339
-12.1,8.67349770498999,4.19129009490623,1.31534218017516,7.91777182601452
-12,8.51588984680193,4.12473476785616,1.25940165972982,7.73271250784298
-11.9,8.34421041327264,4.06201428142622,1.20791335842869,7.52782372720228
-11.8,8.15920543351432,4.00399924526552,1.16186802085849,7.30394713084804
-11.7,7.96172450927696,3.95158005171559,1.12228764957536,7.06206698357325
-11.6,7.75271867639004,3.90566320213427,1.09022124536649,6.80330783115962
-11.5,7.53323767926559,3.86716745978335,1.06674027230387,6.52893133914041
-11.4,7.30442666609917,3.83701984559019,1.05293386684188,6.2403323156754
-11.3,7.06752231585618,3.81615149425847,1.04990381209685,5.939033931769
-11.2,6.82384841155065,3.80549338929351,1.05875930024206,5.62668215695923
-11.1,6.57481087769341,3.80597199651357,1.08061150764313,5.30503943343952
-11,6.32189230307917,3.81850481653422,1.1165680089338,4.97597761631101
-10.9,6.06664597328407,3.84399587753102,1.16772705768081,4.6414702122769
-10.8,5.81068944032988,3.88333119030053,1.23517176259676,4.30358395354688
-10.7,5.55569765992151,3.93737418824534,1.31996418942288,3.96446974799148
-10.6,5.30339572946291,4.00696117539944,1.42313941960811,3.62635305064916
-10.5,5.05555126267827,4.09289680598302,1.54569959775193,3.29152370550643
-10.4,4.81396643910201,4.19594961922427,1.68860800044337,2.96232531003066
-10.3,4.5804697689269,4.31684765330892,1.85278315961634,2.64114415819874
-10.2,4.35690761570516,4.45627416231239,2.03909307384215,2.3303978207197
-10.1,4.1451355211677,4.61486345983181,2.24834954109041,2.03252342377129
-10,3.94700937794488,4.79319691276714,2.48130264640806,1.74996568983743
-9.89999999999999,3.76437649723355,4.99179910829807,2.73863543768612,1.48516480613558
-9.8,3.59906661944337,5.21113421657016,3.02095882220882,1.24054418763795
-9.69999999999999,3.45288291656647,5.451602570939,3.32880671600649,1.01849820281163
-9.59999999999999,3.32759303544157,5.71353748682527,3.66263147716288,0.821379930918176
-9.5,3.22492023121816,5.99720233931476,4.0227996531666,0.651489020013106
-9.39999999999999,3.14653464017131,6.30278791859002,4.40958807114023,0.511059714671126
-9.3,3.09404474056625,6.63041008111821,4.8231802983433,0.402249121924724
-9.19999999999999,3.06898904952795,6.98010771324062,5.2636634987265,0.327125782947417
-9.09999999999999,3.07282810283626,7.35184102242061,5.73102570952121,0.287658616640004
-9,3.10693676324543,7.74549016991835,6.22515355989558,0.285706299492775
-8.89999999999999,3.17259690132489,8.16085425707268,6.74583045159456,0.323007143910377
-8.8,3.27099049094334,8.59765067569664,7.29273521922714,0.40116953460688
-8.69999999999999,3.40319315938136,9.05551483133981,7.86544128547543,0.521662979722474
-8.59999999999999,3.57016822966792,9.53400024634173,8.46341632398704,0.685809829994541
-8.5,3.77276129011013,10.0325790477164,9.08602244009796,0.894777715654829
-8.39999999999999,4.01169532313361,10.5506428429631,9.73251687681632,1.1495727467398
-8.3,4.28756642249296,11.0875039849198,10.4020532507081,1.45103351821816
-8.19999999999999,4.60084012466394,11.6423972247568,11.0936833194706,1.79982595678241
-8.09999999999999,4.951848376808,12.2144817501756,11.8063592800705,2.19643904134462
-8,5.3407871601317,12.8028436038304,12.5389365933952,2.64118142425516
-7.89999999999999,5.76771478376104,13.4064984749439,13.2901773284065,3.13417897504904
-7.8,6.23255086044417,14.0243948550588,14.0587540158425,3.675373263157
-7.69999999999999,6.73507597150354,14.6554175468586,14.8432539985829,4.26452099052701
-7.59999999999999,7.27493202450227,15.2983915130138,15.6421842628949,4.90119437951649
-7.5,7.851623303102,15.9520860500898,16.453976731945,5.58478251578242
-7.39999999999999,8.46451820458161,16.6152192706793,17.2769940001847,6.31449364023415
-7.3,9.11285165649741,17.2864628751242,18.109535484542,7.08935837847433
-7.19999999999999,9.79572820000952,17.9644471924739,18.9498439657751,7.90823389056169
-7.09999999999999,10.5121257235035,18.6477664686924,19.7961124908804,8.76980891842054
-7,11.260899826332,19.3349843786021,20.6464916051368,9.67260970284357
-6.89999999999999,12.0407887887991,20.024639736626,21.4990968801893,10.6150067368003
-6.8,12.8504191209466,20.715252380093,22.3520167025757,11.5952223167275
-6.69999999999999,13.6883116592935,21.405329197692,23.2033202852726,12.6113388486632
-6.59999999999999,14.5528881774438,22.0933702746209,24.0510658631989,13.6613078615127
-6.5,15.4424784734487,22.7778751250801,24.8933090321852,14.7429596754676
-6.39999999999999,16.35532789399,23.4573489820053,25.7281111896932,15.8540136696149
-6.3,17.2896052528726,24.1303091133411,26.5535480345711,16.9920890891485
-6.19999999999999,18.2434110989894,24.7952911337176,27.3677180823613,18.1547163293242
-6.09999999999999,19.214786286858,25.4508552801147,28.168751152141,19.3393486304029
-6,20.2017208010609,26.0955926199918,28.9548167805877,20.5433741153523
-5.89999999999999,21.2021627844271,26.7281311604146,29.724132518908,21.764128100003
-5.8,22.2140277186253,27.3471418269385,30.4749720684766,22.998905603725
-5.69999999999999,23.2352077049672,27.9513442814061,31.2056732114773,24.244973987512
-5.59999999999999,24.2635807926709,28.5395125483749,31.9146454935359,25.4995856456168
-5.5,25.2970203016153,29.1104804206274,32.6003776162847,26.7599906766242
-5.39999999999999,26.33340408671,29.6631466151086,33.2614444989803,28.0234494600308
-5.3,27.3706236914366,30.1964796516924,33.8965139697303,29.287245065061
-5.19999999999999,28.4065933388647,30.7095224283918,34.5043530485385,30.5486954195683
-5.09999999999999,29.4392587095096,31.2013964679889,35.0838337862664,31.8051651684315
-5,30.4666054567899,31.6713058125735,35.6339386257071,33.0540771528855
-4.89999999999999,31.4866674125198,32.1185405441174,36.1537652532741,34.2929234446618
-4.8,32.4975344368584,32.5424799109959,36.6425309123057,35.5192758716887
-4.69999999999999,33.4973598694041,32.9425950422563,37.0995761516692,36.7307959753706
-4.59999999999999,34.4843675406516,33.3184512334454,37.5243679861903,37.9252443431061
-4.5,35.4568583058222,33.6697097899152,37.9165024484394,39.1004892637236
-4.39999999999999,36.4132160660998,33.9961294157245,38.275706514536,40.2545146578407
-4.3,37.351913245546,34.2975671385339,38.601839389886,41.3854272398054
-4.19999999999999,38.2715156954139,34.5739787632349,38.8948931441265,42.491462872799
-4.09999999999999,39.1706870011837,34.8254188494531,39.1549926879807,43.5709920838366
-4,40.0481921714255,35.0520402105095,39.3823950882344,44.6225247107921
-3.89999999999999,40.9029006914808,35.2540929338905,39.5774882205841,45.6447136591143
-3.8,41.7337889289617,35.4319229257639,39.7407887636745,46.6363577516068
-3.69999999999999,42.5399418821494,35.5859699845665,39.8729395412187,47.5964036604408
-3.59999999999999,43.3205542665022,35.7167654111622,39.9747062226424,48.5239469164359
-3.5,44.0749309386515,35.82492916552,40.0469733962163,49.4182319965464
-3.39999999999999,44.8024866614193,35.9111665822723,40.0907400320961,50.2786514963741
-3.3,45.502745217529,35.9762646598728,40.1071143560755,51.1047444003728
-3.19999999999999,46.1753378837642,36.0210879403642,40.0973081581381,51.8961934681667
-3.09999999999999,46.8200012813279,36.0465739989812,40.0626305630665,52.6528217610362
-3,47.4365746220586,36.0537285649371,40.0044812933984,53.3745883381036
-2.89999999999999,48.0249963739225,36.0436202967626,39.9243434578987,54.0615831570259
-2.8,48.5853003728171,36.0173752374679,39.8237759014286,54.7140212190563
-2.69999999999999,49.1176114111563,35.9761709765806,39.7044051546153,55.3322360031212
-2.59999999999999,49.6221403369429,35.9212305477544,39.567917024048,55.9166722380523
-2.5,50.09917870005,35.8538160921394,39.4160478658312,56.467878066286
-2.39999999999999,50.5490929852062,35.7752223190481,39.250575587207,56.9864966561547
-2.3,50.9723184736976,35.6867697966311,39.0733104225917,57.4732573233437
-2.19999999999999,51.3693527780405,35.5897981062849,38.8860855317606,57.9289662251265
-2.09999999999999,51.7407490958301,35.4856588953511,38.6907474690452,58.3544966936134
-2,52.0871092306233,35.3757088633137,38.4891465732627,58.7507792764417
-1.89999999999999,52.40907642905,35.261302717173,38.2831273286912,59.1187915550655
-1.8,52.7073280843645,35.1437861319496,38.0745187477138,59.4595478120817
-1.69999999999999,52.9825683573371,35.0244887523589,37.8651248257866,59.774088619828
-1.59999999999999,53.235520765743,34.9047172715919,37.6567151191398,60.0634704228179
-1.5,53.466920793726,34.7857486228403,37.4510154950914,60.3287551864212
-1.39999999999999,53.6775085720023,34.6688233187127,37.2496991040494,60.5710001835714
-1.3,53.8680216792223,34.5551389730145,37.0543776211985,60.7912479901739
-1.19999999999999,54.0391881138354,34.445844038495,36.8665928045197,60.99051675832
-1.09999999999999,54.1917194845034,34.3420317931214,36.6878084141847,61.1697908343805
-1,54.3263044655009,34.2447346062171,36.5194025365027,61.3300117865861
-0.899999999999991,54.4436025616233,34.1549185144057,36.3626603534972,61.4720699038003
-0.799999999999997,54.5442382249218,34.0734781357484,36.2187673968524,61.5967962238861
-0.699999999999989,54.6287953631042,34.0012319487482,36.0888033224168,61.7049551463766
-0.599999999999994,54.6978122766974,33.9389179610377,35.9737362386953,61.7972376801048
-0.5,54.7517770590874,33.8871897905746,35.8744176198127,61.8742553720603
-0.399999999999991,54.7911234903485,33.846613180046,35.7915778303154,61.9365349590456
-0.299999999999997,54.8162274523647,33.8176629629534,35.7258222859036,61.9845137787351
-0.199999999999989,54.8274038891634,33.8007204975093,35.677628270776,62.01853597153
-0.0999999999999943,54.8249043326411,33.7960715820561,35.6473424287446,62.038849499178
0,54.8089150099878,33.8039048632115,35.6351789416492,62.0456040005432
0.0999999999999943,54.779555545141,33.8243107453831,35.6412184049035,62.038849499178
0.199999999999989,54.7368782625431,33.85728080768,35.6654074062477,62.01853597153
0.299999999999997,54.6808680973676,33.9027077316007,35.7075588099871,61.9845137787352
0.399999999999991,54.6114431122428,33.9603857402099,35.7673527451979,61.9365349590456
0.5,54.5284556163685,34.0300115468401,35.8443382925808,61.8742553720604
0.599999999999994,54.431693878816,34.1111858086926,35.937935860879,61.7972376801049
0.699999999999989,54.3208844237509,34.2034150780684,36.0474402400617,61.7049551463767
0.799999999999997,54.1956948913481,34.3061142413565,36.1720243148344,61.5967962238862
0.899999999999991,54.0557374443111,34.4186094333585,36.3107434184851,61.4720699038004
1,53.9005726961763,34.5401414120423,36.4625403036422,61.3300117865862
1.09999999999999,53.7297141340153,34.6698693764109,36.626250703214,61.1697908343806
1.19999999999999,53.5426330047583,34.8068752078664,36.8006094516308,60.9905167583201
1.3,53.3387636311755,34.9501681132363,36.9842571335225,60.791247990174
1.39999999999999,53.1175091205909,35.098689645547,37.17574722417,60.5710001835714
1.5,52.8782474266842,35.2513190766656,37.3735536834708,60.3287551864212
1.59999999999999,52.6203377222802,35.4068790941147,37.5760789627763,60.063470422818
1.69999999999999,52.3431270388396,35.5641417926926,37.7816623818068,59.7740886198281
1.8,52.0459571264824,35.7218349300213,37.9885888309377,59.4595478120818
1.89999999999999,51.728171486782,35.8786484137979,38.1950977524883,59.1187915550656
2,51.3891225293005,36.0332409873575,38.3993923532422,58.7507792764418
2.09999999999999,51.0281788018848,36.1842470791586,38.5996489992951,58.3544966936135
2.19999999999999,50.6447322441187,36.3302837810035,38.794026743462,57.9289662251266
2.3,50.2382054130396,36.4699579191819,38.9806769348921,57.4732573233438
2.39999999999999,49.8080586302708,36.6018731823072,39.157752860234,56.9864966561548
2.5,49.3537970000969,36.7246372693824,39.3234193656692,56.4678780662861
2.59999999999999,48.8749772487225,36.836869021597,39.475862409388,55.9166722380525
2.69999999999999,48.3712143359829,36.9372055015181,39.6132984946138,55.3322360031213
2.8,47.8421877921358,37.0243089836911,39.7339839340882,54.7140212190564
2.89999999999999,47.2876477340244,37.096873821211,39.8362238980066,54.061583157026
3,46.7074205168651,37.1536331535578,39.9183811987274,53.3745883381037
3.09999999999999,46.1014139801672,37.1933654219053,39.9788847671682,52.6528217610363
3.19999999999999,45.46962224881,37.2149006592067,40.0162377776329,51.8961934681668
3.3,44.8121300530844,37.2171265236267,40.0290253798776,51.1047444003729
3.39999999999999,44.1291165345175,37.1989940453143,40.015921999505,50.2786514963742
3.5,43.4208585075302,37.1595230581024,39.9756981702609,49.4182319965465
3.59999999999999,42.6877331504125,37.0978072894422,39.9072268644862,48.523946916436
3.69999999999999,41.9302201026934,37.0130190837568,39.8094892908263,47.5964036604409
3.8,41.1489029497451,36.9044137363811,39.6815801313069,46.6363577516069
3.89999999999999,40.3444700793366,36.7713334173732,39.522712193031,45.6447136591144
4,39.5177148988287,36.6132106666802,39.3322204530212,44.6225247107921
4.09999999999999,38.6695354057686,36.4295714444512,39.1095654780961,43.5709920838366
4.19999999999999,37.800933108735,36.2200377226574,38.8543362051209,42.491462872799
4.3,36.9130112994242,35.9843296066245,38.5662520704864,41.3854272398055
4.39999999999999,36.0069726810855,35.7222669775682,38.2451644812194,40.2545146578407
4.5,35.0841163625081,35.4337706497512,37.8910576237048,39.1004892637237
4.59999999999999,34.1458342308052,35.1188630384253,37.5040486095746,37.9252443431062
4.69999999999999,33.1936067201884,34.7776683372782,37.0843869618721,36.7307959753707
4.8,32.2289979977807,34.4104122066532,36.632453448118,35.5192758716888
4.89999999999999,31.253650591228,34.0174209763394,36.1487582703592,34.2929234446618
5,30.2692794864286,33.5991203692223,35.6339386256596,33.0540771528855
5.09999999999999,29.2776657270871,33.1560337545376,35.088755653772,31.8051651684315
5.19999999999999,28.2806495509758,32.6887799418496,34.5140907918956,30.5486954195683
5.3,27.280123100756,32.1980705291993,33.9109415594543,29.287245065061
5.39999999999999,26.2780227499319,31.6847068210858,33.2804167987176,28.0234494600307
5.5,25.2763210869831,31.1495763340827,32.6237313998004,26.7599906766241
5.59999999999999,24.2770186029244,30.5936489099087,31.9422005411236,25.4995856456167
5.69999999999999,23.2821351294507,30.0179724576773,31.2372334787625,24.244973987512
5.8,22.2937010764589,29.4236683488262,30.5103269202589,22.9989056037249
5.89999999999999,21.3137485190427,28.8119264898609,29.7630580204013,21.7641281000029
6,20.3443021850698,28.1840000995424,28.9970770381864,20.5433741153523
6.09999999999999,19.3873703951342,27.5412002184866,28.2140996956531,19.3393486304028
6.19999999999999,18.4449360070378,26.8848899803209,27.415899280515,18.1547163293242
6.3,17.5189474170013,26.216478674562,26.6042985355164,16.9920890891485
6.39999999999999,16.6113096695203,25.5374156322234,25.7811613781828,15.8540136696148
6.5,15.7238757271763,24.8491839658335,24.9483844951361,14.7429596754675
6.59999999999999,14.8584379508025,24.1532941960488,24.1078888553982,13.6613078615126
6.69999999999999,14.0167198391681,23.4512777973631,23.2616111871019,12.6113388486631
6.8,13.2003680758243,22.7446806955663,22.4114954617895,11.5952223167275
6.89999999999999,12.4109449289341,22.0350567495732,21.5594844299847,10.6150067368002
7,11.6499210478106,21.3239612500353,20.707511251001,9.67260970284347
7.09999999999999,10.9186686975354,20.6129444667796,19.8574912589912,8.76980891842044
7.19999999999999,10.2184554704135,19.9035452765655,19.0113139060592,7.90823389056159
7.3,9.55043851018763,19.1972849019478,18.1708349218604,7.08935837847423
7.39999999999999,8.91565928188179,18.4956607911611,17.3378687275166,6.31449364023404
7.5,8.31503891689803,17.8001406679239,16.5141811398701,5.58478251578231
7.59999999999999,7.74937415957734,17.1121567788933,15.701482400136,4.90119437951638
7.69999999999999,7.21933393786514,16.4331003651961,14.9014205588541,4.2645209905269
7.8,6.72545657703225,15.7643163830295,14.1155752467546,3.67537326315689
7.89999999999999,6.26814767160183,15.1070984967725,13.3454518587064,3.13417897504892
8,5.84767862675557,14.4626843663788,12.5924761753564,2.64118142425505
8.09999999999999,5.46418587656189,13.8322512490665,11.8579894444005,2.19643904134451
8.19999999999999,5.11767078240146,13.216911933455,11.1432439406626,1.7998259567823
8.3,4.8080002109989,12.6177110223761,10.4493990213251,1.45103351821804
8.39999999999999,4.53490778751565,12.03562157858,9.77751768975996,1.14957274673969
8.5,4.29799581525088,11.4715421455047,9.12856367847647,0.894777715654717
8.59999999999999,4.09673784965595,10.9262941531807,8.50339905874812,0.685809829994429
8.69999999999999,3.93048191061459,10.4006197172085,7.9027823815173,0.521662979722363
8.8,3.79845431330321,9.89517983660549,7.32736735123114,0.40116953460677
8.89999999999999,3.69976409444017,9.41055299415797,6.77770203133879,0.323007143910269
9,3.63340800738425,8.9472341607664,6.25422857730527,0.285706299492669
9.09999999999999,3.59827605636939,8.50563420314167,5.75728349018628,0.287658616639899
9.19999999999999,3.59315753718206,8.08607969210258,5.28709838106654,0.327125782947314
9.3,3.61674754882007,7.68881310666585,4.84380123402327,0.402249121924624
9.39999999999999,3.66765393812924,7.31399342710483,4.42741815273365,0.511059714671029
9.5,3.74440463711438,6.96169710820473,4.03787557342529,0.651489020013011
9.59999999999999,3.84545535057415,6.63191942206545,3.67500292458154,0.821379930918083
9.69999999999999,3.9691975499282,6.32457615800495,3.33853571166479,1.01849820281154
9.8,4.11396672759717,6.03950566541399,3.02811900313193,1.24054418763786
9.89999999999999,4.27805086507038,5.77647122380619,2.74331129218616,1.48516480613549
10,4.45969906685836,5.53516372280878,2.48358870705211,1.74996568983735
10.1,4.65713031187874,5.31520463345777,2.24834954108574,2.03252342377121
10.2,4.86854227347193,5.11614925089511,2.03691907273539,2.33039782071963
10.3,5.0921201591806,4.93749018743119,1.84855464427074,2.64114415819867
10.4,5.32604552165915,4.7786610939285,1.68245096728678,2.96232531003059
10.5,5.56850499259858,4.63904058659176,1.53774562227874,3.29152370550637
10.6,5.81769889235338,4.51795635551827,1.41352471907153,3.62635305064909
10.7,6.07184966903687,4.4146894307684,1.30882868457021,3.96446974799143
10.8,6.32921012219504,4.32847858126808,1.2226581441815,4.30358395354682
10.9,6.58807136777268,4.25852482154654,1.15397986333249,4.64147021227685
11,6.84677050293347,4.20399600114842,1.101732715781,4.97597761631096
11.1,7.10369793137411,4.16403145153626,1.0648336458688,5.30503943343948
11.2,7.35730431207219,4.13774666541564,1.04218359250563,5.62668215695919
11.3,7.60610709690458,4.12423798366949,1.03267334348558,5.93903393176896
11.4,7.84869662525855,4.1225872654752,1.03518928971796,6.24033231567536
11.5,8.08374174660865,4.13186651769579,1.04861905009533,6.52893133914038
11.6,8.30999494503062,4.15114246027865,1.071856939012,6.80330783115959
11.7,8.52629694275329,4.17948100515725,1.1038092499779,7.06206698357322
11.8,8.73158076308345,4.21595162702636,1.143399330333,7.30394713084802
11.9,8.92487523636465,4.25963160534362,1.18957242374765,7.52782372720226
12,9.10530793602079,4.30961011799219,1.24130025897959,7.73271250784297
12.1,9.27210753517116,4.36499216821255,1.29758536523914,7.91777182601451
12.2,9.42460557776538,4.42490232767005,1.35746509647626,8.08230416249338
12.3,9.56223766164817,4.48848827985691,1.42001534893326,8.22575680906892
12.4,9.68454403440995,4.55492414942816,1.48435395839384,8.34772173240004
12.5,9.79116960628488,4.6234136045278,1.54964376568695,8.44793462940074
12.6,9.88186338770334,4.69319272066727,1.61509534116077,8.52627318995405
12.7,9.95647736237423,4.76353259626327,1.67996936101491,8.58275458725993
12.8,10.0149648099396,4.83374171151543,1.74357863055259,8.61753222045812
12.9,10.0573780952967,4.90316802389853,1.80528975157819,8.63089173830944
13,10.0838659446009,4.97120079514816,1.86452443330515,8.62324637664373
13.1,10.094670230727,5.03727214622318,1.92076044824178,8.59513164596788
13.2,10.0901222935718,5.10085833832531,1.97353223657821,8.54719940905308
13.3,10.0706388229983,5.16148077963482,2.0224311645918,8.48021139146838
13.4,10.0367173344518,5.21870675897327,2.06710544451287,8.39503217088047
13.5,9.98893126930102,5.27214990912202,2.10725972513533,8.29262169348414
13.6,9.92792475376618,5.32147040399834,2.1426543642079,8.17402736815084
13.7,9.85440705188283,5.36637489531357,2.17310439529369,8.04037579077405
13.8,9.76914674930291,5.40661619570135,2.19847820332859,7.89286415284235
13.9,9.67296570585451,5.44199271660166,2.21869592453632,7.73275138947692
14,9.56673281565911,5.4723476704115,2.23372758766247,7.56134912302842
14.1,9.45135761423927,5.49756804756056,2.24359101466632,7.38001245883453
14.2,9.32778377243959,5.51758338023288,2.2483495000523,7.19013068989659
14.3,9.19698251712988,5.53236430543052,2.2481092889283,6.99311796704538
14.4,9.0599460185621,5.54192094095659,2.24301687464409,6.79040399063351
14.5,8.91768078391762,5.54630108868027,2.23325613748518,6.5834247789283
14.6,8.77120109601133,5.545588280132,2.21904534637689,6.37361356718704
14.7,8.62152253532083,5.53989968006063,2.20063404588778,6.16239188989212
14.8,8.46965562249139,5.52938386406433,2.17829985101265,5.95116089681862
14.9,8.31659961723628,5.51421848678236,2.15234517226384,5.74129295151262
15,8.16333650812086,5.49460785740519,2.12309389350849,5.53412355839764
15.1,8.01082522609606,5.47078043942529,2.09088802476043,5.33094366211046
15.2,7.85999611284531,5.44298629161251,2.05608435177453,5.13299235981878
15.3,7.71174567304391,5.4114944671564,2.01905110380104,4.9414500642129
15.4,7.56693163751031,5.37659038777541,1.98016466024447,4.75743215160877
15.5,7.42636836197619,5.33857320935351,1.93980631624179,4.58198312617929
15.6,7.29082258382544,5.29775319532924,1.89835912633405,4.41607132776096
15.7,7.16100955667191,5.25444911363662,1.85620484446207,4.26058420699322
15.8,7.03758958007655,5.20898567248436,1.8137209774781,4.11632418775956
15.9,6.9211649390626,5.16169100966421,1.77127796823887,3.9840051330366
16,6.81227726539178,5.11289424940725,1.72923652314152,3.86424942634787
16.1,6.71140532982991,5.06292314006211,1.6879450976891,3.75758567708401
16.2,6.61896327187585,5.01210178505898,1.64773755233837,3.6644470540167
16.3,6.53529927066987,4.960748478753,1.60893098949726,3.58517024742574
16.4,6.46069465805224,4.90917365781655,1.57182378111311,3.51999505639701
16.5,6.39536347202908,4.85767797787946,1.53669379483471,3.46906459406142
16.6,6.33945244623362,4.80655052410493,1.50379682525223,3.43242609985016
16.7,6.29304142836494,4.7560671633447,1.47336523522715,3.41003234426322
16.8,6.25614421805744,4.70648904444679,1.44560681083136,3.40174360820649
16.9,6.22870981219676,4.65806125219862,1.42070383192759,3.40733021566614
17,6.21062404336612,4.6110116192872,1.39881235895392,3.42647559537786
17.1,6.20171159489346,4.56554969955024,1.38006173503095,3.4587798442272
17.2,6.20173837388692,4.52186590468695,1.36455430109993,3.50376376240361
17.3,6.21041422170436,4.48013080550039,1.35236532043336,3.56087332783714
17.4,6.22739593951302,4.44049459766144,1.34354310754292,3.62948457518722
17.5,6.25229060496564,4.40308673092481,1.3381093552511,3.70890884263605
17.6,6.2846591545588,4.36801569969486,1.33605965250004,3.79839834797758
17.7,6.32402020495356,4.33536899184107,1.33736418434938,3.89715205399049
17.8,6.36985408543353,4.30521319170391,1.34196860457122,4.00432178184905
17.9,6.42160705275664,4.2775942323176,1.34979507028955,4.11901853036179
18,6.47869565892544,4.25253779101183,1.36074342723806,4.24031895813649
18.1,6.54051124186105,4.23004982174413,1.37469253342932,4.36727198535367
18.2,6.60642450861681,4.21011721676268,1.39150170834208,4.49890547168652
18.3,6.67579018061009,4.19270858950955,1.41101229414545,4.63423292703085
18.4,6.74795167038298,4.17777517004961,1.43304931499114,4.77226021210146
18.5,6.82224575962085,4.16525180375463,1.4574232200187,4.91199218660211
18.6,6.89800724856074,4.15505804348574,1.48393169543528,5.05243926358122
18.7,6.97457354750178,4.14709932510446,1.51236153085034,5.19262382973337
18.8,7.05128918188261,4.14126821580312,1.54249052496677,5.33158649278678
18.9,7.12751018331079,4.13744572448048,1.57408941575218,5.46839211872133
19,7.20260834000473,4.13550266319907,1.60692382033513,5.60213562337192
19.1,7.2759752813362,4.1353010486464,1.64075617008899,5.73194748497969
19.2,7.34702637252751,4.13669553248247,1.67534762667834,5.85699894644062
19.3,7.41520439705317,4.13953484949003,1.71045996524438,5.97650687835144
19.4,7.47998300591221,4.1436632725506,1.74585741139497,6.08973827645304
19.5,7.54086991465981,4.14892206364583,1.78130841923449,6.19601436970025
19.6,7.59740983090612,4.15515091032915,1.81658737831645,6.29471431792922
19.7,7.64918709689297,4.16218933742335,1.85147623811988,6.38527848093073
19.8,7.69582803373262,4.16987808407298,1.88576603943513,6.46721124364922
19.9,7.73700297592456,4.17806043671323,1.91925834288864,6.54008338519752
20,7.77242798684296,4.18658350900523,1.95176654573339,6.60353398238403
20.1,7.80186624799618,4.1952994603275,1.98311707897581,6.6572718414759
20.2,7.8251291169866,4.20406664500074,2.01315047789408,6.701076454949
20.3,7.84207685123226,4.21275068505331,2.04172232001877,6.73479848298389
20.4,7.8526189966366,4.22122546000363,2.06870402569051,6.75835976244096
20.5,7.85671444249803,4.22937400783738,2.09398351736991,6.77175284896585
20.6,7.85437114602323,4.23708933208839,2.11746573494836,6.77504010072594
20.7,7.84564553183563,4.24427511068572,2.13907300538598,6.76835231503885
20.8,7.8306415738419,4.25084630300184,2.15874526607739,6.75188693181315
20.9,7.80950956872215,4.25672965232187,2.17644014241204,6.72590582026151
21,7.78244461213535,4.26186408174715,2.19213288104442,6.69073266775633
21.1,7.74968479046769,4.2662009823417,2.20581614141591,6.64674999196255
21.2,7.71150910259114,4.2697043931237,2.21749964906732,6.59439579949087
21.3,7.66823512763232,4.27235107328941,2.22720971524228,6.53415991625658
21.4,7.62021645617011,4.27413046783006,2.23498862820286,6.46658001649397
21.5,7.56783990357838,4.27504456845813,2.24089392255242,6.39223737895711
21.6,7.51152252539939,4.27510767249303,2.24499753368333,6.31175240022525
21.7,7.45170845567046,4.27434604306367,2.24738484523315,6.22577989622187
21.8,7.3888655900258,4.27279747466225,2.24815363813823,6.13500422404416
21.9,7.32348213615264,4.27051076872566,2.24741295051486,6.04013425698082
22,7.25606305479495,4.26754512452486,2.24528185817074,5.94189824617066
22.1,7.18712641496554,4.2639694512048,2.24188818605209,5.84103860271903
22.2,7.11719968734743,4.25986160733458,2.23736716136014,5.73830663424577
22.3,7.04681600003934,4.25530757479737,2.2318600194247,5.634457269789
22.4,6.97651038082591,4.25040057426881,2.22551257369876,5.53024380673462
22.5,6.90681601003604,4.24524012990003,2.21847376143738,5.42641271298929
22.6,6.83826050779098,4.23993109113395,2.21089417674431,5.32369851696597
22.7,6.7713622790441,4.23458261984144,2.20292460271219,5.22281881711596
22.8,6.70662693927876,4.22930715116415,2.19471455434646,5.1244694417249
22.9,6.64454384306391,4.22421933659441,2.18641084385021,5.02931978850037
23,6.58558273687636,4.21943497790794,2.1781561796591,4.93800837212709
23.1,6.53019055668732,4.21506996059274,2.17008781035345,4.85113860645937
23.2,6.47878838978802,4.21123919538792,2.16233622424067,4.76927484637183
23.3,6.43176861920091,4.20805557645923,2.15502391499929,4.6929387125105
23.4,6.38949226779684,4.20562896459595,2.1482642233073,4.62260572028691
23.5,6.35228655792396,4.2040652036168,2.14216026384704,4.55870223245321
23.6,6.32044270095835,4.20346517792265,2.13680394649009,4.50160275249769
23.7,6.29421392971874,4.20392391883374,2.13227509982124,4.45162757392082
23.8,6.27381378515894,4.20552976699944,2.12864070446765,4.40904079820776
23.9,6.25941466716843,4.20836359777411,2.12595424295955,4.37404873201477
24,6.25114665768657,4.21249811601336,2.12425517206861,4.34679867175146
24.1,6.24909662267681,4.21799722626706,2.12356852275504,4.32737808137966
24.2,6.25330759782492,4.22491548382891,2.12390463200763,4.31581416687832
24.3,6.26377846112975,4.23329763155344,2.12525900999022,4.31207384845575
24.4,6.28046389385469,4.24317822677125,2.12761234501672,4.31606412923891
24.5,6.30327462961499,4.25458136202759,2.13093064797172,4.32763285684779
24.6,6.33207798969692,4.26752048274065,2.13516553687965,4.34656987198472
24.7,6.36669870105201,4.28199830422907,2.14025466140843,4.37260853594487
24.8,6.4069199917892,4.29800682989593,2.14612226617845,4.40542762679894
24.9,6.45248495741097,4.315527471685,2.15267989084066,4.44465359192208
25,6.50309818951298,4.33453127324547,2.15982720399322,4.4898631425558
25.1,6.55842765719971,4.35497923556115,2.16745296713009,4.5405861742027
25.2,6.61810683006761,4.37682274412028,2.1754361239623,4.5963089948758
25.3,6.68173703027989,4.40000409602894,2.18364700962769,4.65647784156411
25.4,6.74889000001029,4.42445712480694,2.19194867351316,4.72050266374246
25.5,6.81911066937174,4.45010791995519,2.20019830865841,4.78776115135203
25.6,6.89192010887669,4.47687563775035,2.20824877999697,4.85760298341641
25.7,6.96681864950301,4.50467339911095,2.21595024302167,4.92935427234075
25.8,7.04328915256719,4.5334092697916,2.22315184384271,5.0023221779725
25.9,7.12080041083903,4.56298731760234,2.229703491039,5.0757996646874
26,7.19881066167197,4.5933087408215,2.23545768919113,5.1490703741027
26.1,7.27677119237296,4.62427306147524,2.24027142353029,5.2214135855164
26.2,7.35413001759765,4.65577937669914,2.2440080847428,5.2921092358256
26.3,7.43033560823062,4.68772766097727,2.24653942263768,5.36044297048825
26.4,7.5048406509989,4.72002011167657,2.24774751711575,5.42571119706202
26.5,7.57710581796747,4.75256252995938,2.24752675467489,5.48722611297752
26.6,7.64660352507969,4.78526572886723,2.24578579854755,5.54432067947956
26.7,7.71282165903016,4.81804696012594,2.24244954049425,5.59635351409597
26.8,7.77526725199184,4.85083135102616,2.23746102227084,5.64271367456365
26.9,7.83347008406069,4.883553342587,2.2307833148471,5.68282530785295
27,7.88698619372556,4.91615812011245,2.22240134357914,5.71615213877603
27.1,7.935401277217,4.94860302720253,2.21232364772826,5.74220177363926
27.2,7.97833395822995,4.98085895428297,2.20058406297101,5.76052979549454
27.3,8.01543891024922,5.01291169276868,2.18724331585969,5.77074362875408
27.4,8.04640981452704,5.04476324607693,2.17239051956598,5.77250615224886
27.5,8.07098213766449,5.07643308885543,2.15614456067167,5.76553904122487
27.6,8.08893571372718,5.10795936598723,2.13865536725592,5.74962582027425
27.7,8.10009711687401,5.13940002317729,2.12010504906618,5.72461461078162
27.8,8.10434181159031,5.17083386121377,2.1007089011469,5.69042055812018
27.9,8.10159606878744,5.20236150632828,2.08071626293211,5.64702792554783
28,8.09183863725028,5.23410628945162,2.06041122548253,5.59449184351987
28.1,8.07510216118022,5.26621502757375,2.04011318026093,5.53293970494428
28.2,8.05147433588181,5.29885870086533,2.02017720358725,5.46257219874552
28.3,8.02109879497312,5.3322330197012,2.00099427169283,5.38366397596509
28.4,7.98417572385394,5.36655887624191,1.98299130209875,5.29656394450095
28.5,7.94096219553568,5.40208267577303,1.9666310178698,5.20169519046439
28.6,7.89177222631519,5.43907654357291,1.95241163214163,5.09955452600106
28.7,7.83697655015442,5.47783840367289,1.94086635117725,4.99071166527458
28.8,7.77700211200188,5.51869192648775,1.93256269507778,4.87580803213629
28.9,7.71233128165424,5.56198634292479,1.92810163614593,4.75555520479473
29,7.64350079109884,5.60809612322418,1.92811655577453,4.63073300454431
29.1,7.57110039959587,5.65742051943725,1.9332720216033,4.50218723730761
29.2,7.49577129204477,5.71038297111167,1.94426238754932,4.37082709837867
29.3,7.41820421742778,5.7674303744166,1.96181022016725,4.23762225232324
29.4,7.33913737532892,5.82903221560715,1.98666455562969,4.10359960148333
29.5,7.25935405968259,5.8956795703894,2.01959899243185,3.96983975794647
29.6,7.17968007000957,5.96788397140338,2.0614096257153,3.83747323516561
29.7,7.10098090144182,6.04617614668862,2.11291282986776,3.70767637664903
29.8,7.02415872581968,6.13110463263015,2.17494289678724,3.58166704027733
29.9,6.95014917705958,6.22323426550194,2.24834953789606,3.46070005784005
30,6.87991795483549,6.32314455632433,2.33399525864921,3.34606249031669
30.1,6.81445726138834,6.43142795433043,2.43275261490091,3.23906870025032
30.2,6.75478208697273,6.54868800489066,2.54550136106855,3.14105526327631
30.3,6.70192636006706,6.67553740827267,2.67312550056396,3.05337574146975
30.4,6.65693897900931,6.81259598611161,2.81651024944385,2.97739534166486
30.5,6.62087974217482,6.96048856293391,2.9765389246647,2.91448548227288
30.6,6.59481519418428,7.11984277051056,3.15408976870841,2.86601829238686
30.7,6.57981440591735,7.29128678321521,3.35003272267384,2.8333610671074
30.8,6.57694470631167,7.47544699292322,3.56522616020393,2.81787070305857
30.9,6.58726738404721,7.67294563231137,3.80051359483832,2.8208881379859
31,6.61183337725317,7.88439835570056,4.05672037354519,2.84373281814277
31.1,6.65167896932998,8.11041178682629,4.33465036929522,2.88769721687885
31.2,6.70782150885313,8.35158104312209,4.63508268559273,2.95404142744914
31.3,6.78125517132131,8.60848724625837,4.95876838587611,3.04398785256561
31.4,6.87294678022972,8.88169502879458,5.30642726064143,3.15871601262255
31.5,6.98383170459309,9.17175004687308,5.67874464502967,3.29935749384247
31.6,7.11480984961535,9.47917650891138,6.07636829945101,3.4669910568194
31.7,7.26674175670567,9.80447473023394,6.49990536560071,3.66263792508307
31.8,7.44044482847824,10.148118723526,6.94991940994977,3.88725727237846
31.9,7.63668969374843,10.5105538348913,7.42692756647351,4.14174192635384
32,7.85619672685524,10.892194435152,7.93139779001348,4.42691430528457
32.1,8.09963273490177,11.2934216758462,8.46374623125238,4.74352260333344
32.2,8.36760782571858,11.7145813191546,9.02433474382623,5.09223723866966
32.3,8.66067246852026,12.155981650725,9.61346853359723,5.47364757754213
32.4,8.97931475835041,12.6178914840647,10.2313939595733,5.88825894613561
32.5,9.32395789449755,13.1005382648365,10.8782964953864,6.33648994073706
32.6,9.69495788212,13.6041062830219,11.5542988596337,6.81867004541127
32.7,10.0926014653441,14.1287350005187,12.2594593227486,7.33503756503349
32.8,10.5171042991047,14.6745175013039,12.9937701973995,7.88573788016223
32.9,10.9686093659834,15.2414990708369,13.7571565187294,8.4708220288628
33,11.4471856432705,15.8296759108914,14.5494749200319,9.09024561921484
33.1,11.9528270244419,16.4389939954948,15.3705127087336,9.74386807486723
33.2,12.4854514981996,17.0693480731247,16.2199871468043,10.4314522146408
33.3,13.0449005871842,17.7205808197617,17.0975449389624,11.1526641658343
33.4,13.6309390474332,18.3924821468325,18.0027619312755,11.9070736095656
33.5,14.2432548286293,19.0847886674984,18.9351430219857,12.6941543551815
33.6,14.8814592941733,19.7971833241513,19.8941222856171,13.5132852395059
33.7,15.5450876991179,20.5292951793811,20.8790633106498,14.3637513454694
33.8,16.2335999230242,21.2806993720716,21.8892597502771,15.2447455334724
33.9,16.9463814538567,22.0509172396717,22.9239360850027,16.1553702777029
34,17.6827446181092,22.8394166070786,23.9822485950827,17.0946397985304
34.1,18.4419300514666,23.6456122419582,25.0632865400818,18.0614824810699
34.2,19.2231084034591,24.4688664757249,26.1660735420908,19.0547435690292
34.3,20.0253822687432,25.3084899887992,27.2895691684467,20.0731881220302
34.4,20.8477883368796,26.1637427581746,28.4326707091207,21.1155042237509
34.5,21.6892997517433,27.0338351647435,29.5942151432758,22.180306427435
34.6,22.5488286710167,27.9179292572631,30.7729812888656,23.2661394246019
34.7,23.4252290155866,28.8151401692951,31.9676921285423,24.3714819221358
34.8,24.3172993980713,29.7245376849139,33.1770173045644,25.4947507123502
34.9,25.2237862191773,30.6451479484677,34.3995757748581,26.6343049201185
35,26.1433869200945,31.575955313179,35.6339386218695,27.7884504107194
35.1,27.0747533787148,32.5159043229044,36.8786320053807,28.9554443416856
35.2,28.0164954370803,33.4639018209243,38.1321402500172,30.1334998416523
35.3,28.9671845471471,34.4188191792141,39.3929090577797,31.320790798979
35.4,29.9253575216848,35.3794946412565,40.6593488355729,32.5154567427773
35.5,30.8895203769195,36.3447357710884,41.9298381273803,33.7156077988935
35.6,31.8581522533722,37.3133220009434,43.2027271404556,34.9193297033952
35.7,32.8297094012406,38.2840072695465,44.4763413546612,36.1246888561658
35.8,33.8026292166246,39.2555227428432,45.7489852038839,37.3297373973429
35.9,34.7753343148969,40.2265796087094,47.0189458183038,38.5325182895266
36,35.7462366275792,41.1958719369769,48.2844968161742,39.7310703889389
36.1,36.7137415091835,42.1620795959359,49.5439021336924,40.9234334890271
36.2,37.6762518406393,43.1238712163382,50.7954198815169,42.107653320379
36.3,38.6321721161216,44.0799071938105,52.0373062164784,43.2817864912386
36.4,39.5799125003485,45.0288427205201,53.2678192170917,44.4439053533903
36.5,40.517892843701,45.9693308368905,54.4852227515519,45.5921027787045
36.6,41.4445466428549,46.9000254941567,55.6877903270237,46.7244968322053
36.7,42.3583249349805,47.8195846185767,56.8738089091916,47.8392353281335
36.8,43.2577001139803,48.7266731681699,58.0415827012372,48.9345002561285
36.9,44.1411696576708,49.6199661729452,59.1894368716354,50.0085120653339
37,45.0072597552955,50.4981517496959,60.3157212204284,51.0595337949515
37.1,45.8545288252568,51.3599340825916,61.418813773929,52.0858750405052
37.2,46.6815709134881,52.2040363609721,62.4971242981317,53.0858957458481
37.3,47.4870189634434,53.0292036659547,63.5490977214594,54.0580098117298
37.4,48.2695479492583,53.8342057976994,64.5732174578599,55.0006885125455
37.5,49.027877864235,54.6178400354307,65.5680086216642,55.9124637137036
37.6,49.7607765574164,55.3789338226012,66.5320411260518,56.7919308828778
37.7,50.4670624116397,56.116347369881,67.4639326574134,57.6377518892361
37.8,51.1456068571004,56.8289761689858,68.3623515183715,58.4486575855798
37.9,51.7953367151025,57.5157534107007,69.2260193327022,59.2234501691532
38,52.415236367321,58.1756523008201,70.0537136059048,59.9610053177215
38.1,53.0043497465607,58.8076882681027,70.8442701356741,60.6602740983298
38.2,53.5617821456475,59.4109210587388,71.5965852670596,61.3202846469752
38.3,54.0867018417443,59.9844567122295,72.3096179876226,61.9401436182177
38.4,54.5783415340309,60.5274494140046,72.9823918584502,62.5190374045469
38.5,55.0359995933314,61.0391032205276,73.6139967774198,63.0562331260781
38.6,55.4590411229053,61.518673653082,74.2035905716664,63.5510793919057
38.7,55.8468988302404,61.9654691568701,74.7504004167441,64.0030068351551
38.8,56.199073710298,62.3788524225111,75.2537240805273,64.411528424478
38.9,56.5151355412518,62.7582415674737,75.7129309904394,64.7762395553994
39,56.7947231943442,63.1031111754346,76.1274631231369,65.0968179255702
39.1,57.0375447600381,63.4129931920073,76.4968357163134,65.3730231985855
39.2,57.2433774931871,63.6874776757388,76.8206378028096,65.6046964616074
39.3,57.4120675804609,63.9262134037197,77.098532567735,65.7917594825773
39.4,57.5435297337599,64.1289083315987,77.3302575298115,65.9342137733098
39.5,57.6377466138229,64.2953299082318,77.5156245486389,66.0321394652365
39.6,57.6947680886792,64.4253052456228,77.6545196600627,66.0856940050069
39.7,57.7147103320139,64.5187211452402,77.7469027422856,66.0951106775526
39.8,57.6977547669111,64.5755239822002,77.7928070158108,66.0606969645892
39.9,57.6441468608017,64.5957194492106,77.7923383807318,65.9828327468531
40,57.5541947777817,64.579372162556,77.7456745952938,65.8619683586625
40.1,57.428267894775,64.5266051327767,77.6530643000387,65.6986225036429
40.2,57.2667951882922,64.4375991030575,77.5148258922168,65.49338004067
40.3,57.0702634987895,64.3125917586803,77.3313462554917,65.2468896492637
40.4,56.8392156798502,64.1518768112253,77.1030793502927,64.9598613838026
40.5,56.5742486396045,63.9558029615138,76.8305446704677,64.6330641260381
40.6,56.2760112819638,63.7247727455777,76.5143255721692,64.2673229454525
40.7,55.9452023553801,63.4592412682117,76.1550674811622,63.8635163770419
40.8,55.5825682169445,63.1597148289225,75.7534759849698,63.4225736261071
40.9,55.1889005197171,62.8267494453172,75.3103148164827,62.9454717096011
41,54.7650338312259,62.4609492791933,74.8264037358372,62.4332325435235
41.1,54.3118431910971,62.062964970783,74.3026163175273,61.8869199857545
41.2,53.8302416157718,61.6334918867773,73.7398776498478,61.3076368436046
41.3,53.3211775582353,61.1732682879114,73.1391619538739,60.6965218552022
41.4,52.7856323306291,60.6830734220211,72.5014901292717,60.0547466536695
41.5,52.2246174975342,60.1637255485924,71.8279272342887,59.3835127228344
41.6,51.639172247617,59.6160799009167,71.1195799073199,58.6840483530062
41.7,51.0303607512,59.0410265920354,70.3775937374531,57.9576056050948
41.8,50.3992695111771,58.4394884707031,69.6031505913931,57.2054572910913
41.9,49.7470047145269,57.8124189336331,68.797465904137,56.4288939786433
42,49.0746895914966,57.1607997002949,67.9617859407181,55.6292210271609
42.1,48.3834617893229,56.4856385565242,67.0973850362684,54.8077556625695
42.2,47.6744707671467,55.7879670731819,66.2055628215604,53.9658240975046
42.3,46.9488752185384,55.0688383060445,65.2876414410739,53.1047587033978
42.4,46.2078405278112,54.329324483051,64.3449627705117,52.2258952405541
42.5,45.452536266035,53.570514684945,63.3788856405397,51.3305701519646
42.6,44.6841337324008,52.7935125252562,62.3907830733648,50.4201179262286
42.7,43.9038035462986,51.9994338354482,61.38203953859,49.4958685345894
42.8,43.1127132951888,51.1894043609347,60.3540482345904,48.5591449467136
42.9,42.3120252430468,50.3645574735197,59.3082084014529,47.611260729463
43,41.5028941038611,49.5260319056619,58.2459226712999,46.6535177325291
43.1,40.6864648843559,48.674969511797,57.1685944615923,45.6872038644252
43.2,39.863870799797,47.8125130617641,56.0776254167636,44.7135909619458
43.3,39.0362312664277,46.9398040711985,54.9744129032895,43.7339327558362
43.4,38.2046499737641,46.0579806735465,53.8603475630388,42.7494629350389
43.5,37.3702130396614,45.1681755381435,52.7368109294849,41.76139331152
43.6,36.533987250749,44.2715138385882,51.6051731110868,40.7709120873195
43.7,35.6970183905176,43.3691112754051,50.4667905458699,39.7791822251165
43.8,34.8603296570269,42.4620721567654,49.3230038309552,38.7873399232577
43.9,34.0249201718966,41.5514875407905,48.1751356305,37.7964931958613
44,33.191763581939,40.6384334427231,47.0244886652258,36.8077205582843
44.1,32.3618067544907,39.7239691099993,45.8723437864193,35.822069817929
44.2,31.5359685672108,38.8091353680098,44.7199581370023,34.8405569700584
44.3,30.715138792824,37.8949530390809,43.568563401977,33.8641651980031
44.4,29.9001770790102,36.9824214369557,42.4193641502631,32.8938439768603
44.5,29.091912023371,36.0725169388004,41.2735362696585,31.9305082795258
44.6,28.2911403431413,35.1661916365066,40.1322254963705,30.975037883642
44.7,27.4986261390634,34.26437206881,38.9965460402835,30.0282767778125
44.8,26.7151002525961,33.3679580354929,37.8675793068559,29.0910326652085
44.9,25.9412597153987,32.4778214946897,36.746372716263,28.1640765624789
45,25.1777672898121,31.5948055440741,35.6339386201439,27.2481424916891
45.1,24.4252510988405,30.7197234864594,34.5312533160459,26.343927262824
45.2,23.6843043439481,29.8533579801146,33.4392561594121,25.4520903442334
45.3,22.9554851087854,28.9964602738612,32.3588487727101,24.5732538182392
45.4,22.2393162467945,28.1497495267966,31.2908943510664,23.708002418993
45.5,21.5362853504689,27.3139122122663,30.2362170635391,22.856883649546
45.6,20.8468447998989,26.4896016055,29.1956015489472,22.0204079749894
45.7,20.1714118880862,25.677437354117,28.1697925049607,21.1990490884238
45.8,19.5103690203895,24.8780051305151,27.1594943689569,20.3932442464426
45.9,18.8640639853411,24.0918563649621,26.1653710889593,19.6033946707407
46,18.2328102939733,23.319508058034,25.1880459827906,18.8298660124116
46.1,17.6168875847021,22.5614426708693,24.2281016834092,18.0729888754523
46.2,17.0165420907296,21.8181080915463,23.2860801682287,17.3330593959669
46.3,16.4319871668666,21.0899176757394,22.3624828700846,16.6103398735459
46.4,15.8634038726083,20.3772503596606,21.4577708673577,15.9050594512886
46.5,15.3109416082605,19.6804508431654,20.5723651506552,15.2174148409481
46.6,14.7747188008682,18.9998298407712,19.7066469633179,14.547571089689
46.7,14.254823636682,18.3356643982243,18.8609582129284,13.8956623849787
46.8,13.7513148368771,17.6881982721465,18.0356019508939,13.261792894169
46.9,13.2642224732383,17.057642370196,17.2308429170975,12.646037635368
47,12.7935488205276,16.4441752490918,16.4469081465361,12.0484433762584
47.1,12.3392692422662,15.8479436677761,15.6839876348026,11.4690295575779
47.2,11.9013331066855,15.2690631929231,14.9422350592175,10.9077892380489
47.3,11.479664729634,14.7076188539466,14.2217685523737,10.3646900576186
47.4,11.0741643412629,14.1636658446091,13.5226715248236,9.83967521595401
47.5,10.6847090733674,13.6372302683048,12.8449935336209,9.33266446322262
47.6,10.3111539643074,13.1283099240522,12.1887511934115,8.8435551002858
47.7,9.95333297849719,12.6368751302191,11.5539291267674,8.37222298552553
47.8,9.61106003752081,12.1628695829905,10.9404809504635,7.91852354563107
47.9,9.28413006000063,11.7062112465871,10.3483302944086,7.48229278777391
48,8.97232000742786,11.2667932722495,9.7773718499676,7.06334831071047
48.1,8.6753899332465,10.8444849430182,9.22747244443951,6.66149031246184
48.2,8.39308403257014,10.4391326413604,8.69847213849581,6.276502592333
48.3,8.12513169000427,10.0505608367243,8.19018534342797,5.90815354514941
48.4,7.87124852314164,9.67857309013939,7.70240195510466,5.55619714570378
48.5,7.63113741939828,9.32295307302318,7.23488850159821,5.22037392152313
48.6,7.40448956395954,8.98346559740483,6.78738930150471,4.90041191218338
48.7,7.19098545670944,8.65985765483222,6.35962763005084,4.59602761351445
48.8,6.99029591612409,8.35185946129069,5.95130689015856,4.30692690515701
48.9,6.80208306821622,8.05918550552703,5.56211178571609,4.03280596004529
49,6.62600131872874,7.78153559824578,5.19170949439122,3.77335213450694
49.1,6.46169830688421,7.51859591972013,4.83975083741099,3.52824483778254
49.2,6.30881583910734,7.27004006344,4.50587144382315,3.29715637987819
49.3,6.16699080124928,7.03553007350534,4.18969290685374,3.07975279677497
49.4,6.03585604795156,6.81471747355908,3.89082393007098,2.87569465212411
49.5,5.9150412678981,6.60724428514612,3.6088614611692,2.6846378146619
49.6,5.80417382381257,6.41274403347803,3.3433918112897,2.50623421067953
49.7,5.70287956616597,6.23084273867883,3.09399175790006,2.34013255098068
49.8,5.61078361966608,6.06115989068583,2.86022962936182,2.18597903185605
49.9,5.52751114170504,5.90330940607882,2.64166636942312,2.04341800969466
50,5.4526880520443,5.75690056521188,2.43785657998228,1.91209264894116
50.1,5.38594173311711,5.62153892812447,2.24834954057762,1.79164554319268
50.2,5.3269017004269,5.49682722781077,2.07269020316771,1.68171930931018
50.3,5.27520024261638,5.38236623952942,1.91042016087557,1.58195715449669
50.4,5.23047303087498,5.2777556249392,1.76107858947921,1.49200341636858
50.5,5.19235969744304,5.18259474994833,1.62420316053808,1.41150407611551
50.6,5.16050438305842,5.09648347526814,1.49933092515253,1.34010724491113
50.7,5.13455625327584,5.01902291876304,1.38599916745857,1.27746362379814
50.8,5.1141699836698,4.94981618878909,1.283746227064,1.22322693732988
50.9,5.09900621401054,4.88846908781279,1.19211228973476,1.17705434130449
51,5.08873197157592,4.83459078569929,1.11064014573984,1.13860680497842
51.1,5.08302106383384,4.78779446215505,1.03887591536189,1.10754946819237
51.2,5.08155444079653,4.74769791790381,0.976369741175802,1.08355197388586
51.3,5.08402052741213,4.71392415426666,0.92267644679098,1.06628877651526
51.4,5.09011552641907,4.68610192090593,0.87735616184344,1.05543942692613
51.5,5.09954369214505,4.66386623158019,0.83997491311137,1.05068883426216
51.6,5.11201757578567,4.64685884784108,0.81010518171266,1.05172750552169
51.7,5.12725824274668,4.63472873068467,0.78732642642425,1.05825176339775
51.8,5.14499546267947,4.62713246024833,0.7712255732418,1.06996394305936
51.9,5.16496787288176,4.62373462371939,0.761397471372999,1.08657256855044
52,5.18692311577339,4.62420817169446,0.757445315929903,1.10779250949819
52.1,5.21061795119267,4.62823474329716,0.75898103765383,1.13334511883565
52.2,5.23581834428983,4.63550496042775,0.765625660071328,1.16295835225262
52.3,5.26229952982237,4.64571869158078,0.777009624541097,1.19636687009657
52.4,5.28984605368197,4.65858528572561,0.7927730837096,1.23331212244951
52.5,5.31825179250413,4.67382377680051,0.812566163947394,1.27354241810927
52.6,5.34731995223001,4.69116305942287,0.836049197389014,1.31681297820291
52.7,5.37686304650539,4.71034203646685,0.862892924246389,1.36288597515847
52.8,5.40670285581395,4.73110973920493,0.892778666109517,1.4115305577561
52.9,5.43667036825123,4.75322542075105,0.92539847098809,1.46252286297397
53,5.4666057028529,4.77645862358207,0.960455230884878,1.51564601533616
53.1,5.49635801639432,4.80058922194802,0.997662772724424,1.57069011445991
53.2,5.5257853945799,4.82540744001353,1.03674592349073,1.62745221148866
53.3,5.55475472854019,4.85071384660093,1.07744055045437,1.68573627508488
53.4,5.58314157755059,4.8763193274296,1.11949357739231,1.74535314764235
53.5,5.61083001888006,4.90204503576797,1.16266297772394,1.80612049236342
53.6,5.63771248567099,4.92772232243296,1.20671774550424,1.86786273182999
53.7,5.66368959374086,4.95319264608626,1.25143784522826,1.93041097868076
53.8,5.68866995818524,4.97830746478943,1.29661414141258,1.99360295898927
53.9,5.71257000064805,5.00292810978872,1.34204830892739,2.05728292891903
54,5.73531374810994,5.0269256425068,1.3875527250583,2.1213015852131
54.1,5.75683262402926,5.05018069572225,1.43295034427965,2.18551597005606
54.2,5.77706523265189,5.07258329991854,1.47807455672138,2.24978937082679
54.3,5.79595713728687,5.09403269578231,1.52276903130914,2.31399121523987
54.4,5.8134606333247,5.11443713382693,1.56688754455291,2.37799696235359
54.5,5.82953451675294,5.13371366211063,1.61029379595234,2.4416879899021
54.6,5.84414384890198,5.15178790300996,1.65286121097844,2.5049514783885
54.7,5.85725971812978,5.16859381999829,1.6944727325799,2.56768029235565
54.8,5.86885899913059,5.18407347536629,1.73502060214979,2.62977285923059
54.9,5.87892411052788,5.19817677980668,1.77440613087372,2.69113304611905
55,5.88744277138611,5.21086123476904,1.81253946236424,2.75167003490573
55.1,5.89440775725023,5.22209166847188,1.84933932746852,2.81129819599708
55.2,5.89981665629581,5.23183996644031,1.88473279211707,2.86993696102347
55.3,5.90367162614561,5.24008479741529,1.91865499906065,2.92751069479875
55.4,5.90597915188251,5.24681133545926,1.95104890432087,2.98394856681683
55.5,5.90674980576112,5.2520109790582,1.98186500915705,3.03918442254649
55.6,5.90599800909402,5.25568106799624,2.01106108832798,3.09315665476817
55.7,5.90374179676157,5.25782459875239,2.03860191540255,3.14580807517911
55.8,5.90000258476747,5.25844993914329,2.06445898584762,3.19708578647707
55.9,5.8948049412357,5.25757054290762,2.08861023859532,3.24694105511606
56,5.88817636121825,5.25520466490044,2.11103977676508,3.29532918491291
56.1,5.88014704565681,5.25137507753671,2.13173758818856,3.34220939166786
56.2,5.87074968481597,5.24610878909459,2.1506992663575,3.38754467894846
56.3,5.86001924648034,5.23943676445939,2.1679257323873,3.43130171517246
56.4,5.84799276918274,5.2313936488595,2.18342295855986,3.47345071211192
56.5,5.83470916070685,5.22201749511608,2.19720169398187,3.51396530492889
56.6,5.82020900208303,5.21134949489759,2.20927719286537,3.55282243384048
56.7,5.80453435727384,5.19943371444148,2.21966894590988,3.59000222750083
56.8,5.78772858872195,5.18631683517431,2.22840041523614,3.62548788817597
56.9,5.76983617891212,5.17204789963258,2.23549877329417,3.65926557877829
57,5.7509025580768,5.15667806305704,2.24099464613978,3.69132431181767
57.1,5.73097393815481,5.14026035100366,2.24492186144638,3.72165584031737
57.2,5.71009715309205,5.12284942328598,2.24731720159142,3.75025455073503
57.3,5.68831950555434,5.10450134453498,2.2482201621299,3.7771173579209
57.4,5.66568862010379,5.08527336163465,2.24767271594101,3.80224360213881
57.5,5.64225230287245,5.06522368826418,2.24571908330791,3.82563494816858
57.6,5.6180584077496,5.04441129675045,2.2424055081651,3.84729528650232
57.7,5.59315470908362,5.02289571740899,2.23778004072333,3.86723063664215
57.8,5.56758878088296,5.00073684552511,2.23189232665735,3.88544905250102
57.9,5.54140788248673,4.97799475610289,2.22479340301851,3.90196052990414
58,5.51465885066126,4.95472952648508,2.21653550101118,3.91677691618439
58.1,5.48738799806593,4.93100106692396,2.20717185575002,3.9299118218611
58.2,5.45964101801894,4.90686895916017,2.19675652309299,3.9413805343882
58.3,5.4314628954827,4.88239230304558,2.18534420362554,3.9511999339552
58.4,5.40289782417676,4.85762957122443,2.1729900738499,3.95938841132128
58.5,5.37398912971725,4.83263847186812,2.15974962461589,3.96596578766086
58.6,5.34477919867116,4.80747581943838,2.14567850680986,3.97095323639689
58.7,5.31530941340635,4.78219741343711,2.13083238430204,3.97437320699667
58.8,5.28562009260933,4.756857925082,2.11526679413507,3.9762493507032
58.9,5.25575043733621,4.73151079183202,2.099037013921,3.97660644817446
59,5.2257384824554,4.70620811967056,2.08219793639872,3.97547033900169
59.1,5.19562105333463,4.68100059303944,2.06480395108992,3.97286785307734
59.2,5.16543372762007,4.65593739230359,2.04690883297773,3.96882674378288
59.3,5.13521080195015,4.63106611861286,2.02856563812,3.96337562296611
59.4,5.10498526344301,4.60643272601607,2.00982660609727,3.95654389767793
59.5,5.07478876579308,4.58208146067076,1.99074306918422,3.94836170863824
59.6,5.04465160980916,4.55805480698224,1.97136536812372,3.93885987040093
59.7,5.01460272822438,4.53439344049617,1.9517427743724,3.92806981318811
59.8,4.98466967460635,4.51113618736029,1.93192341867878,3.91602352636435
59.9,4.95487861619465,4.48831999016352,1.91195422584654,3.90275350352195
60,4.92525433049205,4.46597987995334,1.89188085552832,3.88829268914881
60.1,4.89582020543527,4.44414895422681,1.87174764888951,3.87267442685138
60.2,4.86659824297132,4.42285836068507,1.85159758097481,3.8559324091055
60.3,4.83760906586606,4.40213728653659,1.83147221860625,3.83810062850873
60.4,4.80887192757219,4.38201295313073,1.81141168363599,3.81921333050885
60.5,4.78040472498535,4.36251061570007,1.79145462137398,3.79930496758332
60.6,4.75222401391864,4.34365356798758,1.77163817400744,3.778410154846
60.7,4.7243450271276,4.32546315153285,1.75199795882588,3.75656362705755
60.8,4.69678169472005,4.3079587693906,1.73256805106409,3.7338001970173
60.9,4.66954666678775,4.29115790405412,1.71338097117375,3.71015471531453
61,4.64265133809938,4.27507613935637,1.69446767633314,3.68566203141842
61.1,4.61610587469774,4.25972718612207,1.67585755600439,3.66035695608633
61.2,4.58991924224687,4.2451229113453,1.65757843134759,3.63427422507067
61.3,4.56409923597857,4.23127337066866,1.63965655830125,3.60744846410569
61.4,4.53865251209131,4.2181868439424,1.62211663414022,3.57991415515577
61.5,4.51358462045833,4.20586987364429,1.60498180732267,3.55170560390748
61.6,4.48890003850555,4.19432730594387,1.58827369044019,3.52285690848832
61.7,4.46460220612435,4.18356233419854,1.57201237608659,3.49340192939553
61.8,4.44069356148797,4.17357654467212,1.55621645546369,3.46337426061868
61.9,4.41717557764503,4.16436996427117,1.54090303954506,3.43280720194034
62,4.39404879976782,4.15594111009821,1.52608778262163,3.40173373239944
62.1,4.37131288293732,4.14828704062588,1.51178490805631,3.37018648490209
62.2,4.348966630352,4.14140340830137,1.49800723607854,3.33819772196533
62.3,4.32700803185105,4.13528451339484,1.48476621345324,3.30579931257887
62.4,4.30543430264824,4.12992335891175,1.47207194486264,3.2730227101707
62.5,4.28424192217651,4.12531170639398,1.45993322584351,3.23989893166214
62.6,4.26342667294831,4.12144013244087,1.4483575771271,3.20645853759813
62.7,4.24298367934108,4.11829808578671,1.43735128023289,3.17273161333878
62.8,4.22290744622224,4.11587394477761,1.42691941417232,3.13874775129789
62.9,4.20319189733191,4.11415507509669,1.41706589312325,3.10453603421427
63,4.18383041334675,4.11312788759248,1.40779350494069,3.07012501944184
63.1,4.16481586955241,4.11277789607214,1.39910395037412,3.03554272424384
63.2,4.14614067305659,4.1130897749271,1.3909978828669,3.00081661207704
63.3,4.12779679947883,4.11404741646488,1.38347494881804,2.96597357985109
63.4,4.10977582905789,4.11563398782785,1.37653382819157,2.93103994614816
63.5,4.09206898212121,4.11783198738529,1.37017227536413,2.89604144038808
63.6,4.07466715386546,4.12062330049178,1.36438716010599,2.8610031929234
63.7,4.05756094840104,4.12398925451134,1.35917450859593,2.82594972604906
63.8,4.04074071201729,4.12791067301271,1.3545295443757,2.79090494591076
63.9,4.02419656562912,4.13236792904733,1.35044672915403,2.75589213529595
64,4.0079184363694,4.137340997428,1.34691980337598,2.72093394729107
64.1,3.99189608829515,4.14280950593181,1.34394182647753,2.68605239978833
64.2,3.97611915217893,4.14875278535694,1.34150521675058,2.65126887082498
64.3,3.9605771543606,4.15514991836896,1.33960179074809,2.61660409473784
64.4,3.94525954463735,4.16197978707764,1.33822280216386,2.58207815911535
64.5,3.93015572317369,4.16922111929085,1.33735898012584,2.54771050252919
64.6,3.91525506641575,4.17685253339803,1.33700056684666,2.51351991302722
64.7,3.9005469519972,4.18485258184006,1.33713735457902,2.47952452736924
64.8,3.88602078262732,4.19319979312858,1.33775872182834,2.44574183098643
64.9,3.87166600895382,4.20187271238195,1.33885366877884,2.41218865864566
65,3.85747215139625,4.21084994035033,1.34041085189357,2.37888119579886
65.1,3.84342882094792,4.22011017090681,1.34241861765259,2.34583498059809
65.2,3.82952573894661,4.22963222698618,1.34486503539756,2.31306490655604
65.3,3.81575275581687,4.23939509495718,1.34773792925457,2.28058522583199
65.4,3.80209986878849,4.24937795741813,1.3510249091105,2.24840955312262
65.5,3.78855723859801,4.25956022441028,1.35471340062199,2.21655087013738
65.6,3.77511520518177,4.26992156304621,1.35879067423888,2.18502153063732
65.7,3.76176430237104,4.28044192555539,1.36324387322773,2.15383326601656
65.8,3.74849527160129,4.2911015757513,1.36806004068354,2.12299719140556
65.9,3.73529907464911,4.30188111392882,1.37322614552111,2.09252381227465
66,3.72216690541212,4.31276150020302,1.37872910744009,2.06242303151688
66.1,3.70909020074805,4.32372407630381,1.38455582086032,2.03270415698877
66.2,3.69606065039093,4.33475058584368,1.39069317782668,2.00337590948763
66.3,3.68307020596304,4.34582319307804,1.39712808988519,1.97444643114415
66.4,3.67011108910254,4.35692450018071,1.40384750893401,1.94592329420881
66.5,3.65717579872771,4.36803756305862,1.41083844705535,1.91781351021109
66.6,3.64425711745945,4.37914590573286,1.41808799533642,1.89012353946992
66.7,3.63134811722443,4.390233533314,1.42558334168892,1.86285930093461
66.8,3.61844216406221,4.40128494360272,1.43331178767895,1.83602618233499
66.9,3.60553292215996,4.41228513734715,1.44126076438044,1.80962905062005
67,3.59261435713909,4.4232196271909,1.44941784726669,1.78367226266441
67.1,3.57968073861863,4.43407444534634,1.45777077015637,1.758159676222
67.2,3.56672664208027,4.44483615002935,1.46630743823118,1.73309466110685
67.3,3.55374695006064,4.45549183069262,1.4750159401438,1.70848011058088
67.4,3.54073685269634,4.46602911209557,1.48388455923577,1.68431845292896
67.5,3.52769184764752,4.47643615724989,1.49290178388595,1.66061166320164
67.6,3.51460773942605,4.48670166928004,1.50205631701099,1.63736127510663
67.7,3.50148063815397,4.49681489223912,1.51133708473985,1.61456839302993
67.8,3.48830695777836,4.50676561092043,1.52073324428575,1.59223370416829
67.9,3.47508341376836,4.51654414970576,1.53023419103853,1.57035749075475
68,3.46180702032013,4.52614137049168,1.53982956490182,1.54893964235963
68.1,3.44847508709529,4.53554866973458,1.5495092558991,1.52797966824947
68.2,3.43508521551818,4.54475797465658,1.55926340907373,1.50747670978715
68.3,3.42163529465715,4.55376173865268,1.56908242870776,1.48742955285657
68.4,3.40812349671445,4.56255293594079,1.57895698188466,1.46783664029581
68.5,3.39454827214948,4.57112505549526,1.58887800142164,1.44869608432326
68.6,3.3809083444593,4.5794720943045,1.59883668819657,1.43000567894153
68.7,3.36720270464012,4.58758854999274,1.60882451289506,1.41176291230441
68.8,3.35343060535325,4.59546941284569,1.61883321720306,1.39396497903277
68.9,3.33959155481801,4.60311015727928,1.62885481447011,1.37660879246569
69,3.32568531045425,4.61050673278987,1.63888158986821,1.35969099683368
69.1,3.31171187229616,4.6176555544242,1.64890610007137,1.34320797934111
69.2,3.29767147619866,4.62455349280589,1.65892117248008,1.32715588214603
69.3,3.28356458685733,4.63119786375539,1.66891990401518,1.3115306142254
69.4,3.26939189066186,4.63758641753884,1.67889565950495,1.29632786311469
69.5,3.25515428840289,4.64371732778079,1.68884206968889,1.2815431065113
69.6,3.24085288785117,4.64958918007501,1.69875302886151,1.26717162373173
69.7,3.22648899622756,4.65520096032609,1.70862269217844,1.25320850701275
69.8,3.21206411258177,4.66055204285458,1.71844547264749,1.23964867264764
69.9,3.19757992009707,4.66564217829667,1.72821603782605,1.22648687194904
70,3.18303827833753,4.67047148132848,1.73792930624596,1.21371770203013
70.1,3.16844121545406,4.67504041824491,1.747580443587,1.20133561639696
70.2,3.15379092036443,4.67934979442078,1.75716485861838,1.18933493534465
70.3,3.13908973492215,4.68340074168187,1.76667819892829,1.17770985615113
70.4,3.12434014608837,4.68719470561202,1.77611634646026,1.16645446306234
70.5,3.10954477812036,4.69073343282164,1.78547541287462,1.15556273706338
70.6,3.09470638478945,4.69401895820176,1.79475173475286,1.14502856543062
70.7,3.07982784164089,4.69705359218685,1.80394186866213,1.13484575106021
70.8,3.06491213830703,4.69983990804848,1.813042586096,1.12500802156877
70.9,3.04996237088538,4.70238072924105,1.822050868308,1.11550903816286
71,3.03498173439168,4.70467911681961,1.83096390105263,1.10634240427391
71.1,3.01997351529804,4.70673835694872,1.83977906924879,1.09750167395572
71.2,3.00494108416553,4.7085619485206,1.84849395157955,1.08898036004255
71.3,2.98988788838003,4.71015359089948,1.8571063150419,1.08077194206563
71.4,2.97481744499937,4.71151717180823,1.86561410945889,1.07286987392655
71.5,2.95973333371973,4.71265675537236,1.87401546196666,1.06526759132677
71.6,2.94463918996809,4.71357657033553,1.882308671488,1.05795851895204
71.7,2.92953869812769,4.71428099845971,1.89049220320309,1.05093607741185
71.8,2.91443558490224,4.71477456312222,1.89856468302818,1.04419368993346
71.9,2.8993336128248,4.7150619181211,1.90652489211195,1.03772478881129
72,2.88423657391622,4.71514783669915,1.91437176135879,1.03152282161198
72.1,2.86914828349776,4.71503720079624,1.92210436598758,1.02558125713628
72.2,2.85407257416227,4.71473499053873,1.92972192013454,1.01989359113916
72.3,2.8390132899074,4.71424627397387,1.93722377150732,1.01445335180954
72.4,2.82397428043421,4.71357619705621,1.94460939609786,1.00925410501155
72.5,2.80895939561419,4.71272997389258,1.95187839296024,1.00428945928963
72.6,2.79397248012688,4.71171287725103,1.9590304790601,0.999553070639652
72.7,2.77901736827036,4.71053022933865,1.9660654842008,0.995038647048772
72.8,2.76409787894624,4.70918739285267,1.9729833460319,0.990739952806908
72.9,2.74921781082048,4.70768976230791,1.9797841051445,0.98665081259286
73,2.73438093766092,4.70604275564378,1.9864679002576,0.982765115338361
73.1,2.71959100385242,4.70425180611291,1.99303496349982,0.979076817873539
73.2,2.70485172008958,4.70232235445297,1.99948561578933,0.975579948357383
73.3,2.69016675924737,4.70025984134286,2.00582026231567,0.97226860949708
73.4,2.67553975242924,4.69806970014359,2.01203938812569,0.969136981560113
73.5,2.66097428519211,4.69575734992393,2.01814355381626,0.96617932518321
73.6,2.64647389394763,4.69332818877029,2.02413339133567,0.963389983982475
73.7,2.63204206253839,4.69078758737969,2.03000959989532,0.960763386968854
73.8,2.61768221898793,4.68814088293457,2.03577294199315,0.958294050773539
73.9,2.60339773242302,4.68539337325729,2.04142423954988,0.955976581687771
74,2.58919191016636,4.68255031124221,2.04696437015863,0.953805677521657
74.1,2.57506799499794,4.67961689956272,2.05239426344892,0.951776129286742
74.2,2.56102916258263,4.67659828564984,2.05771489756452,0.949882822707009
74.3,2.54707851906216,4.67349955693955,2.06292729575604,0.948120739563242
74.4,2.53321909880846,4.67032573638472,2.06803252308726,0.946484958875446
74.5,2.51945386233636,4.66708177822789,2.07303168325537,0.944970657928356
74.6,2.50578569437226,4.66377256403058,2.07792591552392,0.943573113144832
74.7,2.49221740207647,4.66040289895482,2.08271639176824,0.942287700812179
74.8,2.47875171341586,4.6569775082919,2.08740431363181,0.941109897666203
74.9,2.46539127568375,4.65350103423366,2.09199090979273,0.940035281338073
75,2.45213865416403,4.64997803288107,2.09647743333873,0.939059530668776
75.1,2.43899633093596,4.64641297148493,2.10086515924957,0.938178425896244
75.2,2.42596670381654,4.6428102259132,2.10515538198494,0.937387848719905
75.3,2.41305208543678,4.63917407833935,2.10934941317616,0.936683782247582
75.4,2.4002547024485,4.6355087151461,2.11344857942015,0.936062310829611
75.5,2.38757669485817,4.63181822503882,2.11745422017343,0.935519619784904
75.6,2.37502011548393,4.62810659736248,2.12136768574424,0.935051995023717
75.7,2.36258692953251,4.62437772061655,2.12519033538076,0.934655822571866
75.8,2.35027901429225,4.62063538116155,2.12892353545329,0.934327588001006
75.9,2.33809815893832,4.6168832621113,2.13256865772795,0.934063875769453
76,2.32604606444688,4.61312494240478,2.13612707772986,0.933861368478286
76.1,2.31412434361413,4.60936389605157,2.13960017319344,0.933716846046894
76.2,2.30233452117668,4.60560349154465,2.14298932259738,0.933627184812591
76.3,2.29067803402966,4.60184699143448,2.14629590378193,0.933589356558417
76.4,2.27915623153856,4.59809755205828,2.14952129264616,0.9336004274734
76.5,2.26777037594164,4.5943582234186,2.15266686192269,0.933657557049436
76.6,2.25652164283866,4.59063194920469,2.15573398002748,0.933757996918763
76.7,2.24541112176284,4.58692156695132,2.15872400998222,0.933899089636057
76.8,2.23443981683221,4.58322980832858,2.16163830840687,0.934078267408927
76.9,2.22360864747675,4.57955929955708,2.16447822458002,0.934293050780683
77,2.21291844923799,4.57591256194256,2.16724509956434,0.934541047268956
77.1,2.20236997463745,4.57229201252439,2.16994026539517,0.93481994996383
77.2,2.19196389411053,4.56869996483199,2.17256504432932,0.935127536088882
77.3,2.18170079700255,4.56513862974407,2.17512074815223,0.935461665528639
77.4,2.17158119262352,4.56161011644462,2.17760867754069,0.935820279325602
77.5,2.16160551135838,4.55811643347083,2.1800301214791,0.93620139815012
77.6,2.15177410582962,4.55465948984726,2.18238635672687,0.936603120746182
77.7,2.14208725210895,4.55124109630141,2.18467864733472,0.937023622356058
77.8,2.13254515097508,4.5478629665553,2.18690824420769,0.937461153126775
77.9,2.12314792921454,4.54452671868841,2.18907638471268,0.937914036501108
78,2.11389564096253,4.54123387656697,2.19118429232835,0.938380667595868
78.1,2.10478826908097,4.53798587133493,2.19323317633538,0.938859511569974
78.2,2.09582572657098,4.53478404296207,2.195224231545,0.939349101984916
78.3,2.0870078580169,4.53162964184469,2.19715863806383,0.939848039159853
78.4,2.07833444105927,4.52852383045462,2.19903756109304,0.940354988523794
78.5,2.06980518789414,4.52546768503232,2.20086215076002,0.940868678966917
78.6,2.06141974679619,4.52246219731986,2.20263354198066,0.941387901193213
78.7,2.0531777036632,4.51950827633003,2.20435285435044,0.941911506076429
78.8,2.04507858357939,4.51660675014761,2.20602119206278,0.94243840302121
78.9,2.03712185239542,4.51375836775899,2.20763964385261,0.942967558331294
79,2.02930691832286,4.51096380090686,2.2092092829639,0.94349799358642
79.1,2.02163313354075,4.50822364596623,2.21073116713946,0.944028784029693
79.2,2.01409979581234,4.50553842583858,2.21220633863133,0.944559056966847
79.3,2.00670615011,4.50290859186101,2.21363582423052,0.945087990178953
79.4,1.99945139024614,4.50033452572709,2.21502063531458,0.945614810349893
79.5,1.99233466050856,4.49781654141683,2.21636176791167,0.946138791509969
79.6,1.98535505729819,4.49535488713252,2.21766020277976,0.946659253496777
79.7,1.97851163076755,4.49294974723811,2.21891690549986,0.947175560434572
79.8,1.97180338645845,4.49060124419929,2.22013282658187,0.947687119233127
79.9,1.96522928693696,4.48830944052204,2.22130890158211,0.948193378107117
80,1.95878825342454,4.48607434068704,2.22244605123129,0.94869382511689
80.1,1.95247916742359,4.48389589307795,2.22354518157188,0.949187986731537
80.2,1.94630087233616,4.48177399190134,2.22460718410397,0.949675426414971
80.3,1.94025217507444,4.47970847909623,2.22563293593853,0.950155743235765
80.4,1.93433184766184,4.47769914623146,2.22662329995734,0.950628570501384
80.5,1.92853862882345,4.47574573638899,2.22757912497859,0.951093574417386
80.6,1.92287122556461,4.4738479460315,2.22850124592726,0.951550452772101
80.7,1.91732831473684,4.47200542685272,2.22939048400983,0.951998933647274
80.8,1.91190854458969,4.47021778760897,2.23024764689216,0.952438774155038
80.9,1.90661053630805,4.46848459593056,2.23107352888028,0.952869759201645
81,1.90143288553355,4.46680538011175,2.23186891110304,0.953291700278115
81.1,1.89637416386958,4.46517963087805,2.23263456169636,0.953704434278202
81.2,1.89143292036893,4.46360680312974,2.23337123598823,0.954107822343754
81.3,1.88660768300347,4.4620863176607,2.23407967668413,0.954501748737689
81.4,1.88189696011506,4.46061756285148,2.23476061405227,0.954886119744641
81.5,1.87729924184718,4.45919989633575,2.23541476610822,0.955260862599389
81.6,1.87281300155661,4.45783264663947,2.23604283879841,0.955625924443033
81.7,1.86843669720471,4.45651511479202,2.23664552618228,0.955981271306954
81.8,1.8641687727278,4.45524657590857,2.23722351061255,0.956326887124452
81.9,1.86000765938612,4.45402628074329,2.23777746291335,0.956662772769996
82,1.85595177709114,4.45285345721279,2.2383080425559,0.956988945125976
82.1,1.85199953571069,4.45172731188943,2.23881589783133,0.957305436176737
82.2,1.84814933635172,4.4506470314641,2.23930166602069,0.957612292129796
82.3,1.84439957262041,4.44961178417822,2.23976597356157,0.957909572563943
82.4,1.84074863185928,4.44862072122461,2.2402094362113,0.958197349604009
82.5,1.83719489636128,4.44767297811722,2.24063265920655,0.95847570712208
82.6,1.83373674456057,4.44676767602939,2.24103623741916,0.958744739964756
82.7,1.83037255219987,4.44590392310072,2.24142075550796,0.959004553206259
82.8,1.82710069347435,4.44508081571237,2.24178678806665,0.959255261426953
82.9,1.82391954215192,4.44429743973094,2.24213489976737,0.959496988016987
83,1.82082747266992,4.44355287172089,2.24246564550021,0.959729864504631
83.1,1.81782286120824,4.44284618012565,2.24277957050826,0.959954029908973
83.2,1.81490408673874,4.44217642641744,2.24307721051832,0.960169630116503
83.3,1.81206953205123,4.4415426662162,2.24335909186735,0.960376817281225
83.4,1.80931758475588,4.44094395037756,2.24362573162422,0.9605757492478
83.5,1.80664663826226,4.44037932605036,2.24387763770735,0.960766588997342
83.6,1.80405509273513,4.43984783770369,2.2441153089976,0.960949504115337
83.7,1.80154135602701,4.43934852812412,2.24433923544699,0.961124666281287
83.8,1.7991038445878,4.43888043938305,2.24454989818284,0.961292250779541
83.9,1.79674098435155,4.43844261377486,2.24474776960767,0.961452436030886
84,1.79445121160058,4.43803409472601,2.24493331349467,0.961605403144366
84.1,1.79223297380723,4.43765392767565,2.245106985079,0.961751335488866
84.2,1.79008473045328,4.43730116092799,2.24526923114475,0.961890418283939
84.3,1.78800495382748,4.43697484647707,2.24542049010789,0.962022838209389
84.4,1.78599212980128,4.43667404080412,2.24556119209506,0.962148783033099
84.5,1.78404475858313,4.43639780564831,2.24569175901836,0.962268441256601
84.6,1.78216135545153,4.43614520875095,2.24581260464624,0.962382001777871
84.7,1.78034045146718,4.43591532457407,2.24592413467058,0.962489653570863
84.8,1.77858059416442,4.43570723499356,2.24602674677006,0.962591585381236
84.9,1.77688034822245,4.43552002996752,2.24612083066981,0.962687985437815
85,1.77523829611636,4.43535280818032,2.2462067681976,0.962779041179246
85.1,1.77365303874854,4.43520467766288,2.24628493333654,0.962864938995358
85.2,1.77212319606061,4.43507475638973,2.24635569227457,0.962945863982718
85.3,1.7706474076263,4.43496217285338,2.24641940345056,0.963021999713917
85.4,1.76922433322556,4.43486606661645,2.24647641759741,0.963093528020052
85.5,1.76785265340016,4.4347855888423,2.24652707778215,0.963160628785955
85.6,1.76653106999132,4.43471990280447,2.24657171944311,0.963223479757654
85.7,1.76525830665942,4.43466818437567,2.24661067042433,0.963282256361629
85.8,1.76403310938641,4.43462962249674,2.24664425100731,0.963337131535349
85.9,1.76285424696103,4.43460341962613,2.24667277394021,0.963388275568662
86,1.76172051144729,4.43458879217056,2.2466965444646,0.963435855955563
86.1,1.76063071863656,4.43458497089717,2.24671586033988,0.963480037255899
86.2,1.75958370848351,4.43459120132795,2.24673101186551,0.963520980966559
86.3,1.75857834552636,4.43460674411676,2.24674228190111,0.963558845401722
86.4,1.75761351929165,4.43463087540959,2.24674994588453,0.963593785581746
86.5,1.75668814468396,4.43466288718854,2.24675427184813,0.963625953130253
86.6,1.75580116236081,4.43470208759995,2.24675552043314,0.963655496179035
86.7,1.75495153909313,4.43474780126733,2.24675394490243,0.963682559280352
86.8,1.75413826811167,4.4347993695895,2.24674979115175,0.963707283326252
86.9,1.75336036943944,4.4348561510243,2.24674329771928,0.963729805474525
87,1.75261689021082,4.43491752135867,2.24673469579407,0.963750259080903
87.1,1.75190690497732,4.4349828739651,2.24672420922304,0.96376877363718
87.2,1.75122951600052,4.43505162004545,2.24671205451675,0.963785474714862
87.3,1.75058385353233,4.43512318886202,2.24669844085424,0.963800483914032
87.4,1.74996907608302,4.43519702795681,2.24668357008669,0.963813918817084
87.5,1.74938437067707,4.43527260335894,2.24666763674028,0.96382589294701
87.6,1.74882895309732,4.43534939978105,2.24665082801811,0.963836515729927
87.7,1.74830206811757,4.43542692080475,2.24663332380147,0.96384589246155
87.8,1.74780298972397,4.43550468905565,2.24661529665031,0.963854124277313
87.9,1.74733102132529,4.43558224636841,2.24659691180322,0.963861308125864
88,1.74688549595254,4.43565915394194,2.24657832717677,0.963867536745667
88.1,1.74646577644794,4.43573499248537,2.24655969336449,0.963872898644455
88.2,1.74607125564363,4.43580936235488,2.24654115363539,0.963877478081279
88.3,1.74570135653027,4.4358818836819,2.24652284393212,0.96388135505094
88.4,1.74535553241571,4.43595219649281,2.24650489286895,0.963884605270553
88.5,1.74503326707395,4.43601996082054,2.24648742172947,0.963887300168048
88.6,1.74473407488462,4.43608485680839,2.24647054446412,0.963889506872418
88.7,1.74445750096307,4.43614658480609,2.24645436768765,0.963891288205487
88.8,1.74420312128129,4.43620486545868,2.24643899067648,0.963892702675064
88.9,1.74397054277981,4.43625943978814,2.2464245053661,0.963893804469281
89,1.74375940347072,4.43631006926816,2.24641099634844,0.963894643451989
89.1,1.74356937253193,4.4363565358922,2.24639854086933,0.963895265159037
89.2,1.74340015039285,4.43639864223497,2.24638720882602,0.963895710795331
89.3,1.74325146881151,4.43643621150766,2.24637706276495,0.963896017232531
89.4,1.74312309094332,4.43646908760679,2.24636815787956,0.963896217007293
89.5,1.7430148114015,4.43649713515709,2.24636054200831,0.963896338319932
89.6,1.74292645630932,4.43652023954847,2.24635425563297,0.963896405033462
89.7,1.74285788334411,4.43653830696697,2.24634933187712,0.96389643667289
89.8,1.74280898177328,4.43655126442011,2.24634579650485,0.963896448424737
89.9,1.74277967248221,4.43655905975647,2.24634366791983,0.963896451136709
90,1.74276990799415,4.43656166167962,2.24634295716453,0.963896451317506
