Azimuth_deg,MSE,FinalMaxMin,MaxMin,RadarOnly
-90,1.87081282945991,4.65922580598991,2.20860461009437,0.963896627830241
-89.9,1.87081108801565,4.65923330529205,2.20860517142242,0.963896627649443
-89.8,1.87080586864349,4.65925579885626,2.20860685511022,0.96389662493747
-89.7,1.87079718622604,4.65929327365595,2.20860966026858,0.963896613185629
-89.6,1.87078506556988,4.65934570798032,2.20861358541537,0.963896581546214
-89.5,1.870769541409,4.65941307143455,2.20861862847506,0.96389651483271
-89.4,1.87075065840957,4.65949532494019,2.20862478677828,0.963896393520119
-89.3,1.87072847117606,4.65959242073561,2.20863205706106,0.963896193745438
-89.2,1.87070304425872,4.65970430237652,2.20864043546395,0.963895887308358
-89.1,1.87067445216253,4.65983090473672,2.20864991753083,0.963895441672241
-89,1.87064277935741,4.6599721540089,2.20866049820744,0.96389481996544
-88.9,1.8706081202899,4.66012796770562,2.20867217183951,0.963893980983065
-88.8,1.87057057939621,4.66029825466048,2.20868493217058,0.963892879189284
-88.7,1.87053027111666,4.66048291502941,2.20869877233926,0.963891464720269
-88.6,1.87048731991159,4.66068184029223,2.20871368487599,0.963889683387907
-88.5,1.87044186027861,4.66089491325437,2.20872966169918,0.963887476684413
-88.4,1.87039403677137,4.66112200804884,2.2087466941106,0.963884781787987
-88.3,1.8703440040197,4.66136299013853,2.20876477279005,0.963881531569665
-88.2,1.8702919267513,4.66161771631869,2.20878388778908,0.963877654601542
-88.1,1.87023797981482,4.6618860347198,2.20880402852373,0.963873075166535
-88,1.87018234820444,4.66216778481076,2.20882518376616,0.963867713269877
-87.9,1.87012522708602,4.66246279740245,2.20884734163507,0.963861484652546
-87.8,1.87006682182466,4.6627708946517,2.20887048958472,0.963854300806847
-87.7,1.8700073480139,4.66309189006567,2.20889461439256,0.963846068994352
-87.6,1.86994703150638,4.66342558850673,2.20891970214516,0.963836692266452
-87.5,1.86988610844612,4.66377178619784,2.2089457382224,0.963826069487753
-87.4,1.86982482530235,4.66413027072845,2.20897270727979,0.963814095362583
-87.3,1.86976343890497,4.66450082106103,2.20900059322867,0.963800660464866
-87.2,1.86970221648161,4.66488320753814,2.20902937921422,0.963785651271659
-87.1,1.86964143569634,4.66527719189025,2.20905904759105,0.963768950200611
-87,1.86958138469002,4.66568252724425,2.20908957989626,0.963750435651692
-86.9,1.86952236212234,4.66609895813264,2.20912095681967,0.963729982053443
-86.8,1.86946467721554,4.66652622050359,2.2091531581712,0.963707459914123
-86.7,1.86940864979991,4.66696404173186,2.20918616284509,0.963682735878051
-86.6,1.8693546103609,4.66741214063057,2.20921994878073,0.963655672787497
-86.5,1.86930290008812,4.66787022746391,2.20925449292009,0.963626129750467
-86.4,1.86925387092602,4.66833800396091,2.20928977116131,0.963593962214758
-86.3,1.86920788562641,4.66881516333018,2.20932575830832,0.963559022048641
-86.2,1.86916531780282,4.66930139027586,2.20936242801644,0.963521157628552
-86.1,1.86912655198659,4.66979636101464,2.20939975273338,0.9634802139342
-86,1.86909198368499,4.67029974329403,2.20943770363581,0.963436032651467
-85.9,1.86906201944098,4.67081119641199,2.20947625056093,0.963388452283531
-85.8,1.86903707689512,4.67133037123777,2.20951536193305,0.963337308270613
-85.7,1.86901758484917,4.67185691023428,2.2095550046848,0.963282433118786
-85.6,1.86900398333174,4.67239044748186,2.20959514417273,0.963223656538273
-85.5,1.86899672366586,4.67293060870361,2.20963574408721,0.963160805591676
-85.4,1.86899626853849,4.67347701129232,2.20967676635609,0.963093704852589
-85.3,1.86900309207203,4.6740292643391,2.20971817104223,0.963022176575056
-85.2,1.86901767989775,4.67458696866373,2.20975991623424,0.962946040874324
-85.1,1.86904052923137,4.6751497168468,2.20980195793059,0.96286511591937
-85,1.86907214895046,4.67571709326384,2.20984424991652,0.962779218137682
-84.9,1.86911305967405,4.67628867412129,2.20988674363357,0.96268816243277
-84.8,1.86916379384409,4.67686402749466,2.20992938804162,0.962591762414889
-84.7,1.86922489580913,4.67744271336865,2.20997212947291,0.962489830645472
-84.6,1.86929692190992,4.67802428367964,2.21001491147808,0.962382178895778
-84.5,1.86938044056708,4.67860828236038,2.21005767466374,0.962268618420228
-84.4,1.86947603237086,4.67919424538709,2.21010035652133,0.962148960244956
-84.3,1.86958429017295,4.67978170082899,2.21014289124727,0.962023015472067
-84.2,1.86970581918026,4.68037016890047,2.21018520955379,0.961890595600119
-84.1,1.86984123705085,4.68095916201582,2.21022723847044,0.961751512861313
-84,1.86999117399179,4.68154818484675,2.21026890113589,0.961605580575931
-83.9,1.87015627285919,4.6821367343828,2.21031011657998,0.961452613524511
-83.8,1.87033718926006,4.68272429999459,2.21035079949549,0.961292428338254
-83.7,1.87053459165628,4.68331036350022,2.2103908599997,0.961124843908204
-83.6,1.87074916147058,4.68389439923478,2.21043020338532,0.960949681813665
-83.5,1.87098159319437,4.68447587412314,2.21046872986061,0.960766766770374
-83.4,1.87123259449756,4.68505424775612,2.21050633427863,0.960575927098921
-83.3,1.87150288634026,4.68562897247015,2.21054290585523,0.960376995213907
-83.2,1.87179320308641,4.68619949343054,2.2105783278757,0.96016980813431
-83.1,1.87210429261909,4.68676524871854,2.21061247738991,0.959954208015556
-83,1.87243691645781,4.68732566942223,2.21064522489577,0.959730042703729
-82.9,1.87279184987734,4.6878801797314,2.21067643401083,0.95949716631243
-82.8,1.87316988202842,4.68842819703658,2.21070596113198,0.959255439822656
-82.7,1.87357181605994,4.6889691320324,2.21073365508302,0.959004731706227
-82.6,1.87399846924281,4.6895023888253,2.21075935675011,0.958744918573079
-82.5,1.87445067309521,4.69002736504585,2.21078289870497,0.958475885842933
-82.4,1.87492927350947,4.69054345196582,2.21080410481575,0.958197528441652
-82.3,1.87543513088006,4.69105003462008,2.21082278984566,0.95790975152272
-82.2,1.87596912023306,4.69154649193365,2.2108387590391,0.957612471214132
-82.1,1.8765321313567,4.6920321968539,2.21085180769565,0.957305615391138
-82,1.87712506893301,4.6925065164882,2.21086172073155,0.956989124475027
-81.9,1.87774885267048,4.69296881224714,2.21086827222914,0.95666295225836
-81.8,1.87840441743753,4.69341843999358,2.21087122497404,0.956327066756865
-81.7,1.87909271339686,4.6938547501976,2.21087032998027,0.955981451088228
-81.6,1.87981470614027,4.69427708809776,2.21086532600366,0.955626104378049
-81.5,1.88057137682412,4.69468479386861,2.21085593904338,0.955261042693095
-81.4,1.88136372230508,4.69507720279496,2.21084188183211,0.954886300002055
-81.3,1.88219275527613,4.69545364545289,2.21082285331497,0.954501929163889
-81.2,1.88305950440259,4.69581344789792,2.21079853811749,0.954108002943875
-81.1,1.88396501445807,4.69615593186045,2.21076860600302,0.95370461505744
-81,1.88491034646012,4.6964804149488,2.2107327113199,0.953291881241716
-80.9,1.88589657780546,4.69678621086011,2.21069049243877,0.952869940354908
-80.8,1.88692480240452,4.69707262959932,2.2106415711806,0.952438955503303
-80.7,1.88799613081514,4.69733897770654,2.21058555223581,0.951999115195924
-80.6,1.88911169037521,4.69758455849311,2.21052202257507,0.951550634526557
-80.5,1.89027262533405,4.69780867228666,2.21045055085246,0.9510937563831
-80.4,1.89148009698225,4.69801061668541,2.21037068680145,0.950628752683836
-80.3,1.89273528377974,4.69818968682207,2.21028196062465,0.950155925640456
-80.2,1.89403938148194,4.6983451756378,2.21018388237788,0.949675609047421
-80.1,1.89539360326353,4.69847637416621,2.21007594134946,0.949188169597279
-80,1.89679917983976,4.69858257182827,2.20995760543558,0.948694008221459
-79.9,1.89825735958492,4.69866305673793,2.20982832051262,0.948193561456048
-79.8,1.89976940864768,4.69871711601935,2.20968750980759,0.947687302831951
-79.7,1.90133661106297,4.69874403613567,2.20953457326745,0.947175744288804
-79.6,1.9029602688602,4.69874310323007,2.20936888692864,0.946659437611915
-79.5,1.90464170216729,4.6987136034793,2.20918980228801,0.946138975891479
-79.4,1.90638224931039,4.69865482346017,2.20899664567619,0.94561499500321
-79.3,1.90818326690872,4.69856605052951,2.20878871763496,0.945088175109467
-79.2,1.91004612996433,4.69844657321785,2.20856529229973,0.9445592421799
-79.1,1.91197223194628,4.69829568163754,2.20832561678893,0.944028969530564
-79,1.91396298486896,4.69811266790543,2.2080689106015,0.943498179380324
-78.9,1.91601981936402,4.69789682658098,2.20779436502419,0.942967744423369
-78.8,1.91814418474559,4.6976474551199,2.20750114255047,0.942438589416507
-78.7,1.92033754906827,4.69736385434414,2.20718837631257,0.941911692779904
-78.6,1.92260139917754,4.69704532892849,2.20685516952862,0.941388088209718
-78.5,1.92493724075209,4.69669118790444,2.20650059496672,0.940868866301188
-78.4,1.92734659833749,4.69630074518183,2.20612369442793,0.940355176180443
-78.3,1.92983101537094,4.69587332008877,2.20572347825024,0.939848227143354
-78.2,1.93239205419641,4.69540823793031,2.20529892483552,0.939349290299597
-78.1,1.93503129606968,4.69490483056666,2.20484898020188,0.938859700220005
-78,1.93775034115291,4.69436243701116,2.20437255756352,0.938380856585248
-77.9,1.94055080849796,4.69378040404893,2.20386853694037,0.937914225833653
-77.8,1.94343433601812,4.69315808687646,2.2033357648003,0.937461342806109
-77.7,1.94640258044755,4.69249484976294,2.20277305373585,0.937023812385599
-77.6,1.94945721728796,4.6917900667338,2.20217918217867,0.936603311129127
-77.5,1.95259994074178,4.69104312227703,2.20155289415373,0.936201588889435
-77.4,1.95583246363144,4.69025341207296,2.2008928990765,0.935820470424004
-77.3,1.95915651730391,4.68942034374798,2.20019787159557,0.93546185698859
-77.2,1.96257385152009,4.68854333765283,2.19946645148376,0.935127727912568
-77.1,1.96608623432818,4.68762182766611,2.19869724358052,0.934820142153151
-77,1.96969545192061,4.68665526202338,2.19788881778869,0.934541239825511
-76.9,1.97340330847374,4.6856431041727,2.19703970912868,0.934293243705754
-76.8,1.9772116259696,4.68458483365695,2.19614841785302,0.934078460703462
-76.7,1.98112224399917,4.68347994702363,2.19521340962475,0.933899283300662
-76.6,1.98513701954634,4.68232795876254,2.19423311576252,0.93375819095368
-76.5,1.98925782675187,4.68112840227203,2.19320593355596,0.933657751454529
-76.4,1.99348655665676,4.67988083085422,2.19213022665442,0.933600622248142
-76.3,1.99782511692415,4.67858481873978,2.19100432553256,0.933589551701873
-76.2,2.00227543153908,4.67723996214255,2.18982652803607,0.933627380323396
-76.1,2.00683944048544,4.67584588034481,2.18859510001108,0.933717041923246
-76,2.01151909939924,4.67440221681319,2.18730827602053,0.933861564717924
-75.9,2.01631637919751,4.67290864034596,2.18596426015106,0.934064072369643
-75.8,2.02123326568216,4.67136484625195,2.18456122691388,0.934327784958519
-75.7,2.02627175911776,4.66977055756129,2.18309732224303,0.93465601988297
-75.6,2.03143387378291,4.66812552626857,2.18157066459458,0.935052192684151
-75.5,2.03672163749391,4.66642953460828,2.17997934615014,0.935519817789868
-75.4,2.04213709110043,4.66468239636311,2.17832143412823,0.936062509173746
-75.3,2.04768228795209,4.66288395820498,2.17659497220688,0.936683980924954
-75.2,2.05335929333522,4.66103410106898,2.1747979820607,0.937388047723984
-75.1,2.05917018387926,4.65913274156036,2.17292846501601,0.938178625219897
-75,2.06511704693158,4.65717983339439,2.17098440382717,0.939059730304237
-74.9,2.07120197990041,4.65517536886904,2.16896376457722,0.940035481276935
-74.8,2.07742708956473,4.65311938037042,2.16686449870625,0.941110097899399
-74.7,2.08379449135064,4.65101194191057,2.16468454517032,0.942287901329965
-74.6,2.09030630857311,4.64885317069738,2.16242183273383,0.943573313936771
-74.5,2.09696467164275,4.64664322873624,2.1600742823986,0.944970858983302
-74.4,2.10377171723649,4.64438232446283,2.15763980997181,0.946485160181526
-74.3,2.11072958743157,4.64207071440651,2.15511632877588,0.94812094110784
-74.2,2.11784042880213,4.63970870488365,2.1525017525024,0.949883024476756
-74.1,2.12510639147756,4.6372966537199,2.14979399821259,0.951776331267492
-74,2.13252962816196,4.63483497200076,2.14699098948629,0.953805879698479
-73.9,2.14011229311403,4.63232412584914,2.14409065972147,0.955976784044932
-73.8,2.14785654108653,4.62976463822886,2.14109095558576,0.958294253294487
-73.7,2.15576452622482,4.62715709077278,2.13798984062187,0.960763589636208
-73.6,2.16383840092369,4.62450212563405,2.1347852990077,0.963390186778012
-73.5,2.17208031464186,4.62180044735903,2.13147533947249,0.966179528087851
-73.4,2.18049241267343,4.61905282477993,2.12805799936949,0.969137184553908
-73.3,2.18907683487585,4.61626009292546,2.12453134890573,0.9722688125592
-73.2,2.19783571435362,4.61342315494734,2.12089349552908,0.975580151466107
-73.1,2.20677117609716,4.61054298406044,2.11714258847206,0.979077021006246
-73,2.2158853355764,4.60762062549412,2.11327682345236,0.982765318471518
-72.9,2.22518029728852,4.60465719845231,2.10929444752888,0.986651015702013
-72.8,2.23465815325915,4.60165389807935,2.10519376411206,0.990740155866677
-72.7,2.24432098149679,4.59861199742873,2.100973138127,0.995038850032839
-72.6,2.25417084439987,4.59553284943158,2.09663100132703,0.999553273520759
-72.5,2.26420978711591,4.59241788886143,2.09216585775568,1.00428966203957
-72.4,2.27443983585265,4.58926863429173,2.08757628935366,1.00925430760116
-72.3,2.28486299614033,4.58608669004218,2.08286096170762,1.01445355420872
-72.2,2.29548125104528,4.58287374811002,2.07801862993708,1.01989379331684
-72.1,2.30629655933408,4.5796315900818,2.07304814471459,1.02558145906041
-72,2.31731085358815,4.57636208902127,2.06794845841474,1.03152302324959
-71.9,2.32852603826859,4.57306721132853,2.06271863138625,1.03772499012843
-71.8,2.33994398773086,4.56974901856549,2.05735783834133,1.04419389089522
-71.7,2.35156654418926,4.56640966924237,2.0518653748555,1.05093627798237
-71.6,2.36339551563089,4.56305142055972,2.04624066397106,1.05795871909453
-71.5,2.37543267367919,4.55967663010026,2.04048326289618,1.06526779100348
-71.4,2.38767975140659,4.5562877574644,2.03459286979119,1.07287007309881
-71.3,2.40013844109666,4.55288736584319,2.02856933063328,1.08077214069383
-71.2,2.41281039195529,4.54947812352221,2.02241264614986,1.08898055808619
-71.1,2.42569720777127,4.5460628053094,2.01612297880991,1.09750187137336
-71,2.43880044452594,4.5426442938799,2.0097006598629,1.10634260102326
-70.9,2.45212160795243,4.53922558103045,2.00314619641312,1.11550923420075
-70.8,2.46566215104416,4.53580976883565,1.9964602785171,1.12500821685116
-70.7,2.47942347151292,4.53240007069814,1.98964378629109,1.13484594554223
-70.6,2.49340690919687,4.52899981228477,1.98269779701483,1.1450287590666
-70.5,2.50761374341837,4.52561243233986,1.97562359221682,1.15556292980682
-70.4,2.52204519029202,4.52224148336722,1.96842266472588,1.16645465486602
-70.3,2.53670239998325,4.51889063217171,1.96109672567319,1.17771004696705
-70.2,2.55158645391765,4.51556366025115,1.9536477114277,1.18933512512409
-70.1,2.56669836194146,4.5122644640292,1.94607779044757,1.20133580509055
-70,2.58203905943351,4.50899705491916,1.93838937002945,1.21371788958783
-69.9,2.59760940436908,4.50576555920913,1.93058510293638,1.22648705832018
-69.8,2.61341017433612,4.50257421775795,1.9226678938848,1.23964885778097
-69.7,2.62944206350421,4.4994273854917,1.91464090587022,1.25320869085648
-69.6,2.64570567954678,4.49632953069002,1.90650756630993,1.26717180623356
-69.5,2.66220154051713,4.49328523405153,1.89827157298168,1.28154328761846
-69.4,2.67893007167888,4.49029918752721,1.88993689973488,1.296328042774
-69.3,2.69589160229114,4.48737619291064,1.88150780195159,1.31153079238331
-69.2,2.71308636234926,4.48452116017375,1.87298882173325,1.32715605874863
-69.1,2.73051447928175,4.48173910553663,1.86438479278844,1.34320815433425
-69,2.74817597460375,4.47903514925976,1.85570084499662,1.35969117016296
-68.9,2.76607076052814,4.47641451314712,1.84694240862203,1.37660896407656
-68.8,2.78419863653457,4.47388251774834,1.83811521815136,1.39396514887055
-68.7,2.80255928589733,4.47144457924809,1.82922531572839,1.41176308031438
-68.6,2.82115227217278,4.46910620603109,1.82027905415806,1.43000584506896
-68.5,2.83997703564695,4.46687299491064,1.81128309945236,1.44869624851349
-68.4,2.85903288974431,4.46475062700925,1.80224443288967,1.46783680249432
-68.3,2.8783190173982,4.46274486327944,1.79317035255889,1.48742971300904
-68.2,2.89783446738397,4.46086153965321,1.7840684743596,1.50747686783952
-68.1,2.91757815061561,4.45910656180879,1.77494673242885,1.52797982414802
-68,2.93754883640653,4.45748589954325,1.76581337896532,1.54893979605104
-67.9,2.95774514869566,4.45600558073999,1.75667698342132,1.5703576421862
-67.8,2.97816556223953,4.45467168492038,1.74754643103284,1.59223385328751
-67.7,2.99880839877131,4.45349033636878,1.73843092065811,1.61456853978529
-67.6,3.01967182312781,4.45246769682095,1.7293399618951,1.63736141944721
-67.5,3.04075383934538,4.45160995770605,1.72028337144843,1.66061180507733
-67.4,3.06205228672564,4.45092333193267,1.71127126871648,1.68431859229052
-67.3,3.08356483587222,4.45041404521013,1.70231407056961,1.70848024738005
-67.2,3.10528898469948,4.45008832689675,1.69342248529123,1.73309479529639
-67.1,3.12722205441432,4.44995240036703,1.6846075056532,1.75815980775582
-67,3.14936118547241,4.45001247289092,1.67588040109842,1.78367239149766
-66.9,3.17170333350981,4.45027472501844,1.6672527090034,1.80962917670916
-66.8,3.19424526525148,4.45074529946418,1.65873622499507,1.83602630563781
-66.7,3.21698355439789,4.45143028948661,1.65034299229626,1.86285942141048
-66.6,3.23991457749126,4.45233572675831,1.64208529007589,1.89012365707977
-66.5,3.26303450976285,4.45346756872399,1.63397562078071,1.91781362491751
-66.4,3.28633932096288,4.45483168544427,1.62602669642652,1.94592340597619
-66.3,3.30982477117487,4.4564338459241,1.61825142382845,1.97444653993869
-66.2,3.33348640661618,4.45827970392624,1.61066288875142,2.00337601527754
-66.1,3.35731955542663,4.46037478327074,1.60327433896273,2.03270425974427
-66,3.38131932344729,4.46272446262343,1.59609916617164,2.06242313121035
-65.9,3.40548058999177,4.46533395977711,1.58915088684162,2.0925239088807
-65.8,3.42979800361227,4.46820831543098,1.58244312186354,2.12299728490113
-65.7,3.45426597786303,4.47135237647513,1.57598957507998,2.153833356381
-65.6,3.47887868706402,4.47477077878855,1.56980401065316,2.18502161785251
-65.5,3.5036300620677,4.47846792956066,1.56390022927148,2.2165509541878
-65.4,3.52851378603235,4.48244798914827,1.558292043192,2.24840963399542
-65.3,3.55352329020524,4.48671485248149,1.55299325011933,2.28058530351713
-65.2,3.57865174971959,4.4912721300339,1.54801760592361,2.31306498104634
-65.1,3.6038920794093,4.49612312837463,1.54337879620404,2.34583505188931
-65,3.62923692964604,4.50127083032128,1.53909040670679,2.37888126388981
-64.9,3.65467868220333,4.50671787471559,1.53516589261011,2.41218872353828
-64.8,3.68020944615291,4.51246653584502,1.5316185466924,2.44574189268585
-64.7,3.70582105379902,4.51851870253631,1.52846146640285,2.47952458588386
-64.6,3.73150505665652,4.52487585694898,1.52570751985791,2.51351996836881
-64.5,3.7572527214795,4.53153905309916,1.52336931079086,2.54771055471292
-64.4,3.78305502634745,4.53850889514665,1.5214591424854,2.58207820815992
-64.3,3.80890265681652,4.54578551548049,1.51998898072904,2.61660414066548
-64.2,3.83478600214409,4.55336855264077,1.51897041582547,2.65126891366155
-64.1,3.86069515159545,4.56125712911732,1.5184146237103,2.68605243956339
-64,3.88661989084217,4.56944982906799,1.5183323262187,2.72093398403789
-63.9,3.91254969846221,4.57794467600267,1.51873375055816,2.75589216905159
-63.8,3.93847374255275,4.58673911048104,1.51962858804464,2.79090497671613
-63.7,3.96438087746754,4.59582996787578,1.52102595216496,2.82594975394894
-63.6,3.99025964069117,4.6052134562548,1.52293433603342,2.86100321796648
-63.5,4.01609824986384,4.61488513443966,1.52536156931588,2.89604146262701
-63.4,4.04188459997085,4.62483989029989,1.52831477469954,2.93103996563956
-63.3,4.06760626071215,4.6350719193455,1.53180032399183,2.96597359665555
-63.2,4.09325047406842,4.64557470368366,1.53582379393753,3.00081662625921
-63.1,4.11880415208078,4.65634099140736,1.5403899218483,3.03554273587236
-63,4.14425387486293,4.66736277648781,1.54550256114427,3.0701250285894
-62.9,4.16958588886516,4.67863127924431,1.55116463691302,3.10453604095758
-62.8,4.19478610541114,4.69013692746891,1.55737810159664,3.13874775571768
-62.7,4.21984009952964,4.70186933828541,1.56414389092302,3.1727316155198
-62.6,4.24473310910453,4.71381730082551,1.5714618802031,3.20645853762912
-62.5,4.26945003436774,4.72596875980745,1.57933084112143,3.23989892963578
-62.4,4.2939754377615,4.73831080010518,1.5877483991526,3.27302270618364
-62.3,4.3182935441972,4.75082963239877,1.59671099174156,3.3057993067316
-62.2,4.34238824174005,4.76351057999945,1.60621382739144,3.3381977143622
-62.1,4.36624308275006,4.77633806694486,1.61625084580737,3.37018647565124
-62,4.3898412855114,4.78929560746283,1.62681467925027,3.40173372161273
-61.9,4.41316573638401,4.80236579690396,1.63789661525936,3.43280718973328
-61.8,4.43619899251253,4.81553030424567,1.64948656090725,3.46337424711035
-61.7,4.45892328512981,4.82876986627216,1.66157300875597,3.49340191470849
-61.6,4.48132052349356,4.84206428353701,1.67414300468713,3.52285689274855
-61.5,4.5033722994965,4.85539241821623,1.68718211778347,3.55170558724422
-61.4,4.52505989299231,4.86873219396191,1.70067441244327,3.57991413770148
-61.3,4.54636427788108,4.88206059786718,1.71460242291318,3.60744844599586
-61.2,4.56726612900001,4.89535368465503,1.72894713042813,3.63427420644376
-61.1,4.58774582986682,4.90858658320415,1.7436879431509,3.6603569370836
-61,4.60778348132502,4.92173350552557,1.75880267910632,3.6856620121838
-60.9,4.62735891114197,4.93476775830486,1.77426755230813,3.71015469599447
-60.8,4.64645168461248,4.9476617571243,1.79005716227868,3.73380017776061
-60.7,4.66504111622251,4.96038704347988,1.80614448716336,3.75656360801526
-60.6,4.68310628242891,4.97291430470729,1.82250088064339,3.77841013617114
-60.5,4.70062603561328,4.98521339693081,1.83909607285131,3.79930494943079
-60.4,4.71757901926925,4.99725337114787,1.8558981754944,3.81921331303521
-60.3,4.73394368448438,5.00900250256069,1.87287369139086,3.83810061187202
-60.2,4.74969830777913,5.02042832326522,1.8899875286237,3.85593239346502
-60.1,4.76482101036698,5.03149765840523,1.90720301951547,3.8726744123675
-60,4.7792897789012,5.04217666589737,1.92448194462636,3.88829267598273
-59.9,4.79308248777479,5.05243087983015,1.94178456197495,3.90275349183552
-59.8,4.80617692304151,5.06222525763684,1.95906964167903,3.91602351631982
-59.7,4.81855080802693,5.07152423113867,1.97629450620975,3.92806980494789
-59.6,4.83018183069929,5.08029176155086,1.99341507644865,3.93885986412737
-59.5,4.8410476728708,5.08849139853972,2.01038592373222,3.94836170449336
-59.4,4.85112604130074,5.09608634341396,2.02716032806294,3.95654389582321
-59.3,4.86039470077182,5.10303951652861,2.04369034265969,3.96337562356222
-59.2,4.86883150921218,5.10931362897367,2.05992686501345,3.96882674698941
-59.1,4.87641445493475,5.11487125861382,2.07581971460612,3.97286785905254
-59,4.88312169606629,5.11967493053865,2.09131771744207,3.97547034790221
-58.9,4.88893160223738,5.12368720197573,2.1063687975325,3.97660646015511
-58.8,4.89382279860471,5.12687075171119,2.12092007546233,3.97624936591663
-58.7,4.8977742122756,5.12918847405427,2.13491797415869,3.97437322559313
-58.6,4.90076512120401,5.13060357737366,2.14830833196776,3.97095325852394
-58.5,4.9027752056255,5.13107968722422,2.16103652313432,3.96596581346312
-58.4,4.90378460209711,5.13058095407279,2.17304758576447,3.95938844094012
-58.3,4.9037739602062,5.12907216562211,2.18428635733786,3.95119996752847
-58.2,4.90272450200942,5.12651886372021,2.19469761782,3.94138057204998
-58.1,4.90061808426094,5.12288746583246,2.20422624040942,3.9299118637414
-58,4.89743726348529,5.11814539104062,2.21281734993685,3.91677696240888
-57.9,4.89316536394714,5.11226119052184,2.22041648891634,3.90196058059387
-57.8,4.88778654856614,5.10520468244713,2.2269697912284,3.88544910777217
-57.7,4.88128589282099,5.09694709122607,2.23242416339675,3.86723069660576
-57.6,4.87364946168168,5.08746119101026,2.23672747339852,3.84729535126401
-57.5,4.86486438960393,5.07672145335417,2.23982874692725,3.82563501782831
-57.4,4.85491896361437,5.06470419891735,2.24167837100558,3.80224367679062
-57.3,4.84380270950841,5.05138775307658,2.24222830482128,3.77711743765264
-57.2,4.83150648117638,5.03675260530112,2.24143229763691,3.75025463562816
-57.1,4.81802255306664,5.02078157212865,2.23924611359887,3.7216559304467
-57,4.80334471578605,5.00345996356238,2.23562776324591,3.69132440725114
-56.9,4.78746837483071,4.98477575269393,2.23053774149215,3.65926567957674
-56.8,4.77039065243094,4.96471974833912,2.22393927183234,3.62548799439294
-56.7,4.752110492485,4.94328577045661,2.2157985564905,3.59000233918234
-56.6,4.73262876854665,4.92047082810173,2.20608503220522,3.55282255102487
-56.5,4.71194839482117,4.89627529965024,2.19477163131665,3.51396542764661
-56.4,4.69007444011351,4.87070311500824,2.18183504779207,3.47345084038538
-56.3,4.66701424466097,4.84376193950712,2.1672560077972,3.43130184901584
-56.2,4.64277753977067,4.81546335916295,2.15101954439173,3.3875448183676
-56.1,4.61737657016973,4.78582306696274,2.13311527589771,3.3422095366601
-56,4.59082621896279,4.75486104982034,2.11353768745949,3.29532933546698
-55.9,4.56314413507801,4.72260177582715,2.09228641528435,3.24694121121195
-55.8,4.53435086306861,4.68907438140415,2.06936653302258,3.19708594808598
-55.7,4.50446997512209,4.65431285794353,2.04478883971619,3.14580824226333
-55.6,4.47352820511445,4.61835623751039,2.0185701487154,3.09315682728103
-55.5,4.44155558453065,4.5812487771568,1.99073357693231,3.03918460043232
-55.4,4.40858558005683,4.54304014138334,1.9613088337723,2.98394875001089
-55.3,4.37465523263291,4.50378558226563,1.93033250905407,2.92751088322727
-55.2,4.33980529773731,4.46354611674701,1.89784835920134,2.8699371546036
-55.1,4.30408038665816,4.42238870058184,1.86390759096094,2.81129839463693
-55,4.26752910848743,4.38038639839823,1.828569141875,2.75167023850438
-54.9,4.23020421255643,4.33761854933387,1.79189995670841,2.69113325456663
-54.8,4.19216273101285,4.29417092768412,1.75397525900735,2.62977307240832
-54.7,4.15346612122038,4.25013589798744,1.71487881693982,2.56768051013593
-54.6,4.11418040764359,4.20561256396078,1.67470320254598,2.50495170063503
-54.5,4.07437632286157,4.160706910685,1.63355004350399,2.44168821646996
-54.4,4.03412944733422,4.11553193942957,1.59153026649571,2.37799719308942
-54.3,3.99352034752676,4.07020779449542,1.54876433123789,2.31399144998198
-54.2,3.95263471197781,4.02486188144626,1.50538245422629,2.24978960940536
-54.1,3.91156348487784,3.97962897609014,1.46152482122404,2.18551621229331
-54,3.87040299670586,3.93465132356747,1.41734178751165,2.12130183092352
-53.9,3.82925509145256,3.89007872689549,1.37299406490343,2.05728317790958
-53.8,3.78822724994062,3.84606862431606,1.328652894525,1.99360321105961
-53.7,3.74743270873354,3.80278615479082,1.28450020433832,1.93041123362351
-53.6,3.70699057410744,3.76040421098753,1.24072875039519,1.86786298943103
-53.5,3.6670259305423,3.71910347910151,1.19754224079652,1.80612075240213
-53.4,3.62766994317243,3.67907246485924,1.15515544133394,1.74535340989193
-53.3,3.58905995362022,3.64050750505517,1.11379426179228,1.68573653931266
-53.2,3.5513395686213,3.6036127639789,1.07369582189568,1.62745247745645
-53.1,3.51465874083509,3.56860021409789,1.03510849588784,1.5706903819243
-53,3.47917384122108,3.53568960037108,0.998291934747099,1.51564628404891
-52.9,3.44504772234862,3.50510838758024,0.96351706505053,1.46252313268235
-52.8,3.41244977199633,3.47709169008033,0.9310660635176,1.41153082820329
-52.7,3.38155595638766,3.4518821833863,0.901232306284241,1.36288624608391
-52.6,3.35254885239983,3.42972999703179,0.874320291980721,1.31681324934275
-52.5,3.32561766807588,3.41089258815583,0.85064553771349,1.27354268919672
-52.4,3.30095825076442,3.39563459529674,0.830534447081315,1.23331239321529
-52.3,3.27877308220663,3.38422767189705,0.814324149389086,1.1963671402693
-52.2,3.25927125988828,3.37695029905081,0.802362309260069,1.16295862155929
-52.1,3.24266846397361,3.37408757705458,0.795006905887962,1.133345387002
-52,3.22918690913952,3.37593099535522,0.79262598121441,1.10779277624916
-51.9,3.21905528063188,3.38277818052215,0.795597356365708,1.08657283361063
-51.8,3.21250865387154,3.39493262190864,0.804308315734008,1.06996420615344
-51.7,3.20978839694532,3.41270337470585,0.819155258144005,1.05825202425089
-51.6,3.21114205532791,3.43640474013484,0.84054331460485,1.05172776386005
-51.5,3.21682321819307,3.46635592256592,0.868885932210204,1.05068908981327
-51.4,3.227091365688,3.50288066340073,0.904604423815536,1.05543967941935
-51.3,3.24221169656277,3.54630685160113,0.948127483191849,1.06628902568219
-51.2,3.26245493556726,3.59696611079979,0.999890665428948,1.0835522194608
-51.1,3.28809712005174,3.65519336298039,1.06033583243801,1.10754970991271
-51,3.31941936523363,3.7213263687705,1.12991056348436,1.13860704258505
-50.9,3.35670760762219,3.79570524444748,1.20906753076454,1.17705457454222
-50.8,3.40025232612556,3.87867195581717,1.29826384012973,1.22322716594781
-50.7,3.4503482403997,3.97056978918624,1.39796033714693,1.27746384755006
-50.6,3.50729398603767,4.07174279971208,1.5086208787831,1.34010746355588
-50.5,3.5713917662392,4.18253523747922,1.63071157109332,1.41150428941734
-50.4,3.64294697964556,4.30329095171745,1.76469997339248,1.49200362409749
-50.3,3.72226782407265,4.43435277364481,1.91105426949144,1.58195735642875
-50.2,3.80966487592699,4.57606187848818,2.07024240668206,1.68171950522786
-50.1,3.90545064514324,4.72875712730451,2.24273120326062,1.79164573288512
-50,4.00993910554021,4.89277438929775,2.42898542548722,1.91209283220447
-49.9,4.12344520055281,5.06844584539859,2.62946683498695,2.04341818633216
-49.8,4.24628432436175,5.25609927394844,2.84463320770989,2.18597920167852
-49.7,4.37877177850968,5.45605731940206,3.07493732567763,2.34013271380658
-49.6,4.52122220416299,5.66863674503836,3.32082594285709,2.50623436633517
-49.5,4.67394899025132,5.8941476707433,3.5827387266148,2.68463796298166
-49.4,4.83726365779291,6.13289279700333,3.86110717631816,2.87569479295054
-49.3,5.01147522079276,6.3851666163222,4.15635352076285,3.07975292995898
-49.2,5.196889524182,6.65125461334863,4.46888959621909,3.2971565052791
-49.1,5.39380855935054,6.93143245507459,4.79911570699998,3.52824495526819
-49,5.60252975791162,7.22596517253743,5.1474194705671,3.77335224395377
-48.9,5.82334526442518,7.53510633553025,5.51417464929737,4.03280606133834
-48.8,6.05654118889708,7.85909722189413,5.89973997114191,4.30692699818995
-48.7,6.30239683996459,8.19816598303611,6.30445794151494,4.59602769818958
-48.6,6.56118393977075,8.55252680738092,6.72865364885048,4.90041198841156
-48.5,6.83316582162676,8.9223790835311,7.1726335663667,5.22037398922377
-48.4,7.11859661165782,9.30790656497129,7.63668435267337,5.55619720480471
-48.3,7.41772039572366,9.70927653821106,8.12107165394852,5.90815359558681
-48.2,7.73077037300492,10.1266389963192,8.6260389105019,6.27650263405124
-48.1,8.05796799774259,10.560125819853,9.15180617062309,6.66149034541336
-48,8.39952211071729,11.0098499672393,9.69856891469303,7.06334833485558
-47.9,8.75562806215195,11.4759046767059,10.2664968926097,7.4822928030806
-47.8,9.12646682781857,11.9583626819083,10.8557329776458,7.91852355207484
-47.7,9.51220412022645,12.4572754434316,11.4663920399183,8.37222298308909
-47.6,9.91298949686295,12.9726723983822,12.0985598427031,8.84355508895886
-47.5,10.3289554675512,13.5045602303122,12.7522919648749,9.33266444300162
-47.4,10.76021660308,14.0529221617418,13.4276127527947,9.83967518684181
-47.3,11.2068686473484,14.6177172715655,14.124514304995,10.3646900196243
-47.2,11.6689876353543,15.1988798396383,14.8429554930418,10.9077891911871
-47.1,12.1466290194361,15.7963187208464,15.5828610219637,11.4690295018692
-47,12.6398268062561,16.4099167509673,16.3441205336456,12.0484433117281
-46.9,13.1485927070882,17.0395301866193,17.1265877565852,12.6460375620464
-46.8,13.6729153040387,17.6849881815884,17.9300797053922,13.2617928120908
-46.7,14.2127592348987,18.3460923018025,18.7543759333927,13.8956622941828
-46.6,14.7680643993785,19.0226160811987,19.5992178416688,14.547570990218
-46.5,15.3387451895326,19.7143046206961,20.4643080478183,15.2174147328478
-46.4,15.9246897472259,20.4208742324488,21.3493098176687,15.9050593346079
-46.3,16.525759251534,21.1420121315073,22.2538465631157,16.6103397483363
-46.2,17.1417872390012,21.877376176963,23.1775014091813,17.3330592622822
-46.1,17.7725789597041,22.6265946645916,24.1198168333034,18.0729887333481
-46,18.4179107720853,23.389266172938,25.080294379766,18.829865861945
-45.9,19.0775295795307,24.1649594647179,26.0583944520816,19.6033945119699
-45.8,19.7511523116602,24.9532134453184,27.0535361860068,20.3932440794268
-45.7,20.4384654532943,25.7535371800991,28.0650974057521,21.1990489132226
-45.6,21.1391246240373,26.5654099720886,29.0924146657976,22.0204077916625
-45.5,21.8527542113894,27.3882815015714,30.1347833805804,22.8568834581529
-45.4,22.5789470602586,28.2215720289462,31.1914580441503,23.7080022195928
-45.3,23.3172642216934,29.0646726621125,32.2616525417192,24.5732536108905
-45.2,24.0672347635972,29.9169456895221,33.344540554845,25.4520901289936
-45.1,24.8283556461107,30.7777249798919,34.4392560617933,26.3439270397492
-45,25.6000916642674,31.6463164494359,35.5448939344171,27.2481422608343
-44.9,26.3818754604298,32.521998597327,36.660510632674,28.1640763238973
-44.8,27.1731076089105,33.4040231099443,37.7851249976853,29.0910324189515
-44.7,27.973156775061,34.2916155343002,38.917719143994,30.0282765239298
-44.6,28.7813599509846,35.1839760208816,40.0572394514501,30.975037622181
-44.5,29.5970227698843,36.080280135959,41.2025976568882,31.930508010532
-44.4,30.4194199009086,36.9796797432498,42.3526720455135,32.893843700377
-44.3,31.2477955261868,37.881303954635,43.5063087416394,33.8641649140715
-44.2,32.0813639015744,38.7842601494456,44.6623230981532,34.8405566787174
-44.1,32.9193100024406,39.687635061646,45.8195011838057,35.8220695192154
-44,33.7607902556262,40.5904959340466,46.9766013671378,36.807720252233
-43.9,34.604933358498,41.4918917384858,48.1323559955703,37.7964928825051
-43.8,35.4508411857983,42.390854460718,49.2854731678911,38.7873396026278
-43.7,36.2975897847619,43.2864004485503,50.4346385980817,39.779181897242
-43.6,37.1442304587307,44.1775318215652,51.578517568128,40.7709117522285
-43.5,37.9897909392458,45.0632379405654,52.7157569671626,41.7613929692393
-43.4,38.8332766463399,45.9424969346741,53.8449874139904,42.7494625855941
-43.3,39.6736720364817,46.8142772838252,54.9648254597512,43.7339323992524
-43.2,40.5099420373558,47.677539454171,56.0738758671795,44.7135905982478
-43.1,41.3410335683718,48.5312375837436,57.1707339626268,45.6872034936377
-43,42.1658771455158,49.3743212155043,58.2539880567286,46.6535173546773
-42.9,42.9833885688573,50.2057370747231,59.3222219293072,47.6112603445728
-42.8,43.7924706907313,51.0244308874412,60.3740173738281,48.5591445548121
-42.7,44.5920152623103,51.8293492365872,61.4079567964566,49.4958681357054
-42.6,45.380904855976,52.6194414521289,62.4226258644914,50.4201175203929
-42.5,46.1580148605967,53.3936615314821,63.4166161987072,51.330569739211
-42.4,46.9222155465023,54.150970086216,64.3885281038817,52.225894820919
-42.3,47.6723741966491,54.8903363109474,65.3369733315574,53.1047582769217
-42.2,48.4073573001529,55.6107399701537,66.2605778688621,53.9658236642321
-42.1,49.1260328040702,56.3111733985001,67.1579847470034,54.8077552225498
-42,49.8272724190028,56.9906435101343,68.0278568628568,55.6292205804487
-41.9,50.5099539738083,57.6481738122866,68.8688798068897,56.428893525299
-41.8,51.1729638144072,58.2828064183925,69.6797646904946,57.2054568311819
-41.7,51.815199241396,58.8936040558592,70.459250965662,57.9576051386943
-41.6,52.4355709809006,59.4796520635048,71.2061092297922,58.684047880196
-41.5,53.0330056828396,60.0400603736221,71.919144008334,59.3835122437041
-41.4,53.6064484405153,60.5739654735577,72.5971965078481,60.0547461683176
-41.3,54.1548653252052,61.0805323416422,73.2391473320212,60.6965213637363
-41.2,54.6772459292054,61.5589563522774,73.8439191531102,61.3076363461419
-41.1,55.1726059105567,62.0084651449599,74.4104793312618,61.8869194824226
-41,55.6399895324939,62.4283204520184,74.9378424741554,62.4332320344607
-40.9,56.078472190475,62.8178198798496,75.4250729294264,62.945471194957
-40.8,56.487162919489,63.1762986384619,75.8712872023751,63.4225731060429
-40.7,56.8652068741976,63.503131214183,76.275656291526,63.8635158517308
-40.6,57.211787774347,63.7977329804369,76.6374079346945,64.2673224150802
-40.5,57.5261303077863,64.0595617415806,76.9558287583312,64.6330635908031
-40.4,57.8075024833566,64.2881192048726,77.2302663230508,64.9598608439164
-40.3,58.0552179258581,64.482952375762,77.4601310584177,65.2468891049511
-40.2,58.2686381052832,64.6436548718065,77.6448980802491,65.4933794921694
-40.1,58.4471744924972,64.7698681506724,77.7841088839068,65.6986219512065
-40,58.5902906335769,64.86128264783,77.8773729072901,65.8619678025563
-39.9,58.6975041350727,64.9176388197305,77.9243689575025,65.982832187357
-39.8,58.7683885525369,64.9387280884457,77.9248464954513,66.0606964019971
-39.7,58.8025751747771,64.9243936839582,77.8786267729515,66.0951101121723
-39.6,58.7997546964278,64.874531380517,77.7856038172367,66.08569343716
-39.5,58.7596787716049,64.78909012371,77.6457452581362,66.0321388952584
-39.4,58.6821614416064,64.6680725451631,77.4590929935572,65.9342132015492
-39.3,58.5670804298498,64.5115353620424,77.2257636893082,65.7917589093963
-39.2,58.4143782974955,64.3195896588226,76.9459491097198,65.6046958873809
-39.1,58.2240634534937,64.0924010490778,76.6199162759574,65.373022623701
-39,57.9962110131101,63.8301897153634,76.2480074493767,65.0968173504274
-38.9,57.7309634993317,63.5332303255767,75.8306399377479,64.7762389804094
-38.8,57.4285313819308,63.2018518245169,75.3683057226601,64.4115278500631
-38.7,57.0891934493679,62.8364370997068,74.8615709069254,64.003006261748
-38.6,56.713297009147,62.4374225208892,74.3110749813137,63.5510788199487
-38.5,56.301257912693,62.0052973529704,73.7175299104809,63.0562325560228
-38.4,55.8535604013062,61.5406030425496,73.0817190384869,62.5190368368529
-38.3,55.3707567702556,61.0439323785428,72.4044958148468,61.9401430533521
-38.2,54.8534668486041,60.5159285277896,71.6867823426107,61.3202840854116
-38.1,54.302377292913,59.9572839469079,70.9295677505203,60.6602735405474
-38,53.718240693545,59.3687391720455,70.1339063918532,59.961004764204
-37.9,53.1018744928782,58.7510814885599,69.3009158731205,59.223449620388
-37.8,52.4541597153518,58.1051434830417,68.4317749163458,58.4486570420566
-37.7,51.776039509889,57.4318014804742,67.5277210592029,57.6377513514462
-37.6,51.0685175058787,56.7319738697038,66.5900481978435,56.7919303513123
-37.5,50.3326559845461,56.0066193207667,65.6201039777852,55.9124631888532
-37.4,49.5695738681978,55.256734897984,64.6192870387628,55.0006879948983
-37.3,48.7804445304926,54.4833540731005,63.5890441199684,54.0580093017708
-37.2,47.96649343155,53.6875446430887,62.5308670326099,53.0858952440575
-37.1,47.1289955823833,52.8704065575852,61.4462895072124,52.0858745473574
-37,46.2692728438057,52.0330696612548,60.3368839235591,51.0595333109138
-36.9,45.3886910656235,51.1766913566914,59.2042579316212,50.0085115908652
-36.8,44.4886570725848,50.3024541937729,58.0500509722625,48.934499791678
-36.7,43.5706155042003,49.4115633916674,56.8759307069078,47.8392348741395
-36.6,42.6360455161876,48.5052442999633,55.6835893657521,46.7244963890938
-36.5,41.6864573519077,47.5847398056439,54.4747400244404,45.5921023468883
-36.4,40.7233887927687,46.6513076928617,53.2511128194739,44.4439049332673
-36.3,39.7484014971478,45.7062179626776,52.0144511128976,43.2817860831912
-36.2,38.763077237944,44.7507501201204,50.7665076170826,42.1076529247723
-36.1,37.7690140494053,43.7861904360916,49.5090404906496,40.9234331062084
-36,36.7678222943722,42.8138291917795,48.2438094167693,39.7310700192362
-35.9,35.7611206635564,41.8349579133706,46.9725716752394,38.5325179332477
-35.8,34.7505321189052,40.8508666049373,45.6970782198498,37.3297370547743
-35.7,33.7376797935012,39.8628409874477,44.4190697726316,36.1246885275722
-35.6,32.72418286081,38.8721597518863,43.1402729466278,34.919329389018
-35.5,31.7116523864021,37.880091834486,41.8623964088196,33.7156074989506
-35.4,30.7016871755518,36.8878937220576,40.5871270948031,32.515456457462
-35.3,29.6958696303424,35.8968067953611,39.3161264867321,31.3207905284595
-35.2,28.6957616300855,34.9080547183924,38.051026965911,30.1334995860709
-35.1,27.7029004489921,33.9228408813568,36.7934282512611,28.9554441011586
-35,26.7187947251109,32.9423459049762,35.5448939346736,27.7884501853363
-34.9,25.7449204945716,31.9677252136188,34.3069481240102,26.6343047099418
-34.8,24.7827173051441,31.0001066845541,33.0810722042249,25.4947505174151
-34.7,23.8335844230354,30.0405883804256,31.868701726742,24.3714817424502
-34.6,22.8988771467057,29.0902363717918,30.6712234368578,23.2661392601463
-34.5,21.9799032412879,28.1500826563196,29.4899724485195,22.1803062781623
-34.4,21.077919506934,27.2211231809195,28.3262295753818,21.1155040895868
-34.3,20.1941284941037,26.3043159727972,27.1812188265615,20.0731880028732
-34.2,19.3296753784356,25.4005793850466,26.0561050749792,19.0547434647509
-34.1,18.4856450074147,24.5107904620482,24.9519919056267,18.0614823915156
-34,17.6630591305667,23.6357834295453,23.8699196505091,17.0946397235194
-33.9,16.8628738243671,22.7763483138579,22.810863616387,16.1553702170293
-33.8,16.0859771224647,21.9332296942721,21.7757325108058,15.2447454869055
-33.7,15.3331868611645,21.1071255921825,20.7653670712155,14.3637513127545
-33.6,14.6052487494249,20.2986865001129,19.7805389012969,13.5132852203655
-33.5,13.9028346718739,19.5085145532527,18.821949517888,12.6941543493157
-33.4,13.2265412325528,18.7371628456557,17.8902296111668,11.9070736166534
-33.3,12.576888546265,17.9851348927451,16.9859385200016,11.1526641855346
-33.2,11.9543192835196,17.252884241252,16.1095639236069,10.4314522465936
-33.1,11.3591979741482,16.5408142271959,15.2615217498756,9.74386811869487
-33,10.7918105737163,15.849277881986,14.4421562999733,9.09024567452314
-32.9,10.2523642958662,15.1785779861957,13.6517405879979,8.47082209524248
-32.8,9.74098771271759,14.528967270027,12.8904768937205,7.88573795719029
-32.7,9.25773112440974,13.9006487589536,12.1584975256427,7.33503765227463
-32.6,8.80256719781803,13.293776262504,11.4558657908292,6.81867014241935
-32.5,8.37539187339998,12.7084550036228,10.7825771672046,6.3364900470566
-32.4,7.97602553804385,12.1447423855341,10.1385606732534,5.8882590613033
-32.3,7.6042144607024,11.6026488925273,9.52368042931916,5.47364770108842
-32.2,7.25963248650059,11.0821391205916,8.93773740398175,5.09223737012025
-32.1,6.94188298391732,10.5831329333472,8.38047133829243,4.74352274221092
-32,6.65050103855989,10.1055067382595,7.85156283997745,4.42691445110991
-31.9,6.38495588598048,9.64909487767829,7.35063563907476,4.14174207864798
-31.8,6.1446535749338,9.21369112882185,6.87725899585827,3.88725743066388
-31.7,5.92893985144723,8.79905030642157,6.43095025132671,3.66263808888523
-31.6,5.73710325307558,8.40488996137111,6.01117750999425,3.46699122566831
-31.5,5.56837840174582,8.03089216836921,5.61736244421939,3.2993576672741
-31.4,5.42194948266946,7.67670539522581,5.24888320885193,3.15871619018024
-31.3,5.29695389591479,7.3419464462068,4.90507745456444,3.04398803380147
-31.2,5.19248606639369,7.02620247153099,4.58524542786861,2.95404161192532
-31.1,5.10760139723308,6.72903303490356,4.28865314550012,2.8876974041688
-31,5.04132035077271,6.44997223077419,4.01453563058897,2.84373300783242
-30.9,4.99263264076439,6.18853084284691,3.76210019781851,2.82088832967479
-30.8,4.96050151874623,5.9441985352436,3.53052977461585,2.81787089636085
-30.7,4.94386813703286,5.71644606763355,3.31898624531033,2.83336126165282
-30.6,4.94165597030333,5.50472752559007,3.12661380514699,2.86601848782159
-30.5,4.95277527738439,5.30848255742123,2.95254231104805,2.91448567826031
-30.4,4.97612758452263,5.12713860874483,2.79589061607821,2.97739553788629
-30.3,5.01061017121586,4.9601131461406,2.65576987468931,3.05337593762496
-30.2,5.05512053953533,4.80681586131149,2.53128680599593,3.14105545908404
-30.1,5.10856084781741,4.66665084732436,2.42154690256613,3.23906889544869
-30,5.16984228963803,4.53901873867494,2.32565757249935,3.34606268466343
-29.9,5.23788939910613,4.42331880713405,2.24273120290627,3.46070025111274
-29.8,5.31164426372548,4.31895100557974,2.17188813330097,3.58166723227344
-29.7,5.39007062637582,4.22531795230313,2.11225952786391,3.70767656718591
-29.6,5.47215785835684,4.14182684859224,2.06299013603196,3.83747342408036
-29.5,5.55692478591881,4.06789132274795,2.02324093141745,3.96983994509571
-29.4,5.64342335327272,4.00293319406629,1.99219161965067,4.10359978674289
-29.3,5.73074210572767,3.94638415073192,1.96904300637461,4.23762243558773
-29.2,5.81800947734319,3.89768733600447,1.95301921729723,4.37082727956095
-29.1,5.90439686830558,3.85629883754386,1.94336976291915,4.50218741633821
-29,5.9891214981384,3.82168907520669,1.9393714413031,4.63073318137075
-28.9,6.07144902183357,3.79334408315478,1.94033007302961,4.75555537938071
-28.8,6.15069589703873,3.77076668264373,1.94558206329007,4.8758082044609
-28.7,6.22623149155287,3.75347754240352,1.95449578689819,4.99071183533133
-28.6,6.29747992156186,3.74101612408027,1.96647279285025,5.09955469379694
-28.5,6.36392161228419,3.7329415107774,1.98094882593075,5.20169535601885
-28.4,6.42509457398735,3.72883311731147,1.99739466373634,5.29656410784477
-28.3,6.48059538767405,3.72829128138039,2.01531676837626,5.38366413713927
-28.2,6.53007989611566,3.73093773542759,2.03425775299448,5.46257235780013
-28.1,6.57326359732416,3.73641595957007,2.05379666414509,5.53293986193724
-28,6.60992173899501,3.74439141654079,2.07354908193302,5.59449199851578
-27.9,6.63988911391543,3.7545516701707,2.0931670407023,5.64702807861669
-27.8,6.66305955780855,3.76660638950278,2.11233877390955,5.69042070933617
-27.7,6.67938515256596,3.78028724118402,2.13078828765719,5.7246147602219
-27.6,6.68887513930228,3.79534767332118,2.14827476817399,5.74962596801772
-27.5,6.69159454713753,3.8115625945068,2.16459182931624,5.76553918735097
-27.4,6.68766254506856,3.82872795222303,2.1795666069167,5.77250629683641
-27.3,6.67725052572234,3.84666021530782,2.19305870752682,5.77074377188014
-27.2,6.66057993118338,3.86519576561947,2.20495901977616,5.7605299372333
-27.1,6.63791983244669,3.88419020445804,2.21518839720814,5.74220191406103
-27,6.60958427536068,3.90351757969439,2.22369622203997,5.71615227794622
-26.9,6.5759294071815,3.92306953991637,2.23045885983266,5.68282544583118
-26.8,6.53735039905592,3.94275442222568,2.23547801554249,5.64271381140287
-26.7,6.49427818087645,3.96249628060562,2.23877900185457,5.59635364984171
-26.6,6.44717600600235,3.98223386202857,2.24040893106991,5.54432081416922
-26.5,6.39653586430862,4.00191953767998,2.24043484212795,5.48722624663975
-26.4,6.34287476290394,4.02151819684222,2.23894177459372,5.42571132971627
-26.3,6.28673089464381,4.04100611110638,2.23603080162273,5.36044310214428
-26.2,6.22865971525001,4.0603697766604,2.23181703403443,5.29210936648319
-26.1,6.16922995042834,4.07960474243948,2.2264276076769,5.22141371516513
-26,6.10901955484767,4.09871443191683,2.21999966625013,5.14907050272182
-25.9,6.04861164520236,4.11770896626129,2.21267835167311,5.07579979224584
-25.8,5.98859042982204,4.13660399649232,2.20461481393025,5.00232230442894
-25.7,5.92953715741641,4.15541955212245,2.19596425211723,4.92935439764384
-25.6,5.87202610754496,4.17417891359418,2.18688399812512,4.85760310750506
-25.5,5.81662064528142,4.19290751559217,2.17753165405581,4.7877612741558
-25.4,5.76386936229906,4.21163188804474,2.16806329405404,4.7205027851821
-25.3,5.71430232623633,4.23037864132092,2.15863174077233,4.65647796155211
-25.2,5.66842745971196,4.24917350178453,2.1493849261585,4.59630911331712
-25.1,5.6267270697473,4.26804040348411,2.14046434567281,4.54058629099555
-25,5.58965454762222,4.2870006413413,2.132003614407,4.48986325759251
-24.9,5.55763125834195,4.3060720907519,2.12412713289367,4.44465370509
-24.8,5.53104363793033,4.32526849803521,2.11694886966504,4.40542773798151
-24.7,5.51024051569193,4.3445988456624,2.11057126684945,4.37260864502268
-24.6,5.49553067740846,4.36406679566539,2.10508427428623,4.34656997883665
-24.5,5.48718068415757,4.38367021407737,2.10056451679903,4.32763296135217
-24.4,5.48541296007029,4.40340077868837,2.09707459839917,4.31606423127477
-24.3,5.49040416088582,4.42324367181647,2.09466254629976,4.31207394790409
-24.2,5.50228383362287,4.44317735920218,2.09336139671139,4.31581426362337
-24.1,5.52113337607649,4.46317345553208,2.09318892346904,4.32737817531017
-24,5.5469853031739,4.48319667649374,2.09414750961079,4.34679876276201
-23.9,5.57982282549288,4.50320487665855,2.09622416109796,4.37404882000705
-23.8,5.61957974346923,4.52314917188814,2.09939066093987,4.40904088309186
-23.7,5.66614065900747,4.54297414436624,2.10360386106878,4.45162765561645
-23.6,5.71934150436863,4.56261812777507,2.10880610840845,4.5016028309354
-23.5,5.77897038635316,4.58201356956748,2.11492580069744,4.55870230757556
-23.4,5.84476874193504,4.60108746673664,2.12187806677296,4.62260579204957
-23.3,5.91643279964545,4.61976187095792,2.12956556519625,4.69293878088328
-23.2,5.99361533916286,4.63795445847571,2.13787939431277,4.76927491133963
-23.1,6.07592773975026,4.65557915963531,2.14670010609413,4.85113866802311
-23,6.1629423064022,4.67254684251965,2.15589881540948,4.93800843030444
-22.9,6.25419486083324,4.6887660447448,2.16533839572507,5.02931984332645
-22.8,6.34918758276741,4.70414374710182,2.17487475163856,5.12446949325287
-22.7,6.44739208538491,4.71858618240558,2.18435815812083,5.22281886541745
-22.6,6.54825270725826,4.73199967262875,2.19363465586871,5.32369856213143
-22.5,6.6511900016746,4.7442914871613,2.20254749176919,5.42641275512821
-22.4,6.75560440290481,4.75537071484624,2.21093859314252,5.53024384597561
-22.3,6.86088004774979,4.76514914230138,2.21865006417134,5.6344573062797
-22.2,6.96638872958217,4.77354213094672,2.22552569273747,5.7383066681527
-22.1,7.07149396111149,4.78046948511871,2.23141245577903,5.84103863422719
-22,7.17555512124328,4.78585630366639,2.23616201124955,5.94189827548314
-21.9,7.2779316606825,4.78963380749163,2.23963216480878,6.04013428431809
-21.8,7.37798734035526,4.79174013561524,2.2416882995021,6.13500424964337
-21.7,7.47509447629597,4.79212110252411,2.24220475689184,6.22577992033593
-21.6,7.56863816437291,4.79073090977926,2.24106615838896,6.31175242312178
-21.5,7.6580204581087,4.78753280514165,2.23816865589626,6.3922374009173
-21.4,7.74266447289459,4.78249968279937,2.23342110131314,6.46658003781125
-21.3,7.82201839010111,4.77561461865567,2.22674612496442,6.53415993723525
-21.2,7.89555933495381,4.76687133505926,2.21808111360029,6.59439582044453
-21.1,7.96279710256966,4.75627458982599,2.20737907926685,6.64675001321247
-21,8.02327770723819,4.74384048490942,2.19460941106457,6.69073268962972
-20.9,8.07658673087764,4.7295966906268,2.17975850259044,6.72590584308969
-20.8,8.12235244759794,4.71358258193091,2.16283024869524,6.75188695592966
-20.7,8.16024870245523,4.6958492838356,2.14384640607433,6.76835234077746
-20.6,8.18999752378151,4.67645962374922,2.12284681314456,6.77504012841865
-20.5,8.21137144991159,4.65548798914102,2.09988946563512,6.7717528789408
-20.4,8.22419555270181,4.63302008965845,2.07505044533044,6.75835979502033
-20.3,8.22834914193173,4.60915262352204,2.04842370044343,6.73479851848182
-20.2,8.22376713649375,4.58399284874569,2.02012067715949,6.70107649366944
-20.1,8.21044109019612,4.55765806045914,1.99026980297061,6.65727188371054
-20,8.18841986202189,4.53027497634086,1.95901582350649,6.60353402841018
-19.9,8.15780992278892,4.50197903289885,1.92651899565998,6.54008343527614
-19.8,8.1187752923327,4.47291359605944,1.89295414088935,6.46721129802288
-19.7,8.07153710357157,4.4432290902345,1.85850956365292,6.38527853982175
-19.6,8.01637279210056,4.4130820507311,1.82338584098585,6.29471438153783
-19.5,7.95361491228198,4.38263410503893,1.7877944902562,6.19601443820287
-19.4,7.88364958314432,4.35205088917629,1.75195652313148,6.08973835000069
-19.3,7.8069145697518,4.32150090588826,1.71610089474034,5.97650695706826
-19.2,7.72389700805115,4.29115433206819,1.68046285791991,5.85699903042253
-19.1,7.63513078352515,4.26118178331033,1.64528223329167,5.73194757429322
-19,7.54119357626936,4.23175304399281,1.61080160669979,5.60213571805317
-18.9,7.44270358734538,4.20303577173303,1.57726446627141,5.46839221877515
-18.8,7.34031596343705,4.17519418544707,1.54491329201054,5.33158659818612
-18.7,7.23471893892821,4.1483877465782,1.51398761141275,5.19262394041881
-18.6,7.12662971652318,4.12276984333314,1.48472203507983,5.05243937946071
-18.5,7.01679010942508,4.0984864879758,1.45734428671896,4.91199230755093
-18.4,6.90596196986322,4.075675037374,1.43207324222485,4.7722603379624
-18.3,6.79492243040547,4.05446294707339,1.40911699276269,4.63423305761459
-18.2,6.68445898599196,4.03496656918204,1.38867094689118,4.49890560677222
-18.1,6.57536444597388,4.01729000428805,1.3709159867867,4.36727212468985
-18,6.46843178662255,4.0015240175001,1.35601669354949,4.24031910144203
-17.9,6.36444893558217,3.98774502849616,1.3441196563896,4.11901867732725
-17.8,6.26419352056558,3.97601418518928,1.33535188020382,4.00432193213816
-17.7,6.16842761522738,3.96637653027128,1.32981930566528,3.89715220724186
-17.6,6.07789251558917,3.95886026947647,1.32760545545519,3.79839850380662
-17.5,5.99330358062926,3.95347614991972,1.32877021967299,3.70890900063709
-17.4,5.91534517068212,3.95021695630778,1.33334879276989,3.62948473493583
-17.3,5.84466571711789,3.94905713220232,1.34135077356254,3.56087348889265
-17.2,5.7818729563865,3.94995253283058,1.35275943900408,3.50376392431172
-17.1,5.72752936091663,3.95284031519749,1.36753120142111,3.45878000652289
-17,5.68214779855508,3.95763897045616,1.38559525787384,3.42647575758827
-16.9,5.64618745122207,3.964248502645,1.40685343916644,3.40733037731373
-16.8,5.62005002224416,3.97255075700454,1.43118026483316,3.40174376881222
-16.7,5.60407626041521,3.98240990014987,1.45842320915836,3.41003250334986
-16.6,5.59854282723274,3.9936730534009,1.4884031819626,3.43242625694563
-16.5,5.60365953196967,4.00617107956764,1.52091522651064,3.46906474870227
-16.4,5.61956695727901,4.01971952245806,1.55572943547747,3.51999520813183
-16.3,5.64633449590122,4.03411969732697,1.59259208445454,3.58517039581865
-16.2,5.68395881676159,4.04915992942286,1.63122698099904,3.66444719865081
-16.1,5.73236277632122,4.06461693672222,1.67133702573269,3.75758581756483
-16,5.79139478849207,4.08025735187439,1.71260598049339,3.86424956230671
-15.9,5.86082866375989,4.09583937732066,1.75470043704205,3.98400526413384
-15.8,5.94036392539153,4.11111456650745,1.79727197833807,4.11632431368785
-15.7,6.02962660775408,4.12582972309041,1.83995952293003,4.26058432748055
-15.6,6.12817053885627,4.13972890903276,1.88239184157261,4.41607144257359
-15.5,6.23547910625647,4.15255555154241,1.92419023378698,4.58198323512451
-15.4,6.35096750248475,4.16405463787716,1.9649713507392,4.75743225453745
-15.3,6.4739854431143,4.17397498617999,2.00435014952876,4.94145016102185
-15.2,6.60382034761285,4.18207157969638,2.04194296276754,5.13299245045291
-15.1,6.73970097012172,4.18810795097611,2.07737066619578,5.33094374656462
-15,6.88080146437089,4.19185860198164,2.11026192603624,5.53412363671826
-14.9,7.02624586406067,4.19311144541827,2.14025650683792,5.74129302379903
-14.8,7.17511295724151,4.19167025207304,2.167008619714,5.95116096322412
-14.7,7.32644153052419,4.1873570885063,2.19019029014389,6.16239195062468
-14.6,7.47923595636773,4.18001472908414,2.20949472389095,6.37361362250969
-14.5,7.63247209424247,4.16950902607791,2.22463964909343,6.58342482915926
-14.4,7.78510347416507,4.15573122139052,2.23537061222094,6.79040403614585
-14.3,7.93606772896734,4.13860018340239,2.24146420535671,6.99311800826646
-14.2,8.0842932397091,4.11806455246436,2.24273120217226,7.1901307273071
-14.1,8.22870595688616,4.09410477870301,2.23901958000703,7.38001249296713
-14,8.36823635853649,4.06673503604665,2.23021740565485,7.56134915446611
-13.9,8.50182650501928,4.03600499672813,2.21625556279267,7.73275141885101
-13.8,8.62843714914295,4.00200145097426,2.19711029946511,7.8928641808301
-13.7,8.74705485946322,3.9648497571491,2.17280557466057,8.04037581809595
-13.6,8.85669911396209,3.92471510827976,2.14341518378076,8.17402739556756
-13.5,8.95642932096662,3.88180360165542,2.10906464371138,8.29262172179321
-13.4,9.04535172407245,3.83636309905088,2.06993281924603,8.3950322009126
-13.3,9.12262614800623,3.78868386608162,2.02625327379315,8.48021142408348
-13.2,9.18747254279724,3.73909898024434,1.97831532860232,8.54719944513605
-13.1,9.23917728432727,3.68798449833007,1.92646481617562,8.59513168642412
-13,9.27709919029226,3.63575937511114,1.87110451507526,8.62324642239441
-12.9,9.30067521183292,3.5828851264933,1.81269425499339,8.63089179028655
-12.8,9.30942576257106,3.52986523168279,1.7517506827045,8.61753227959937
-12.7,9.30295964851713,3.47724427033842,1.68884668136689,8.58275465450343
-12.6,9.28097856428331,3.42560679215408,1.62461043756774,8.52627326623293
-12.5,9.24328112323732,3.37557591783828,1.55972415250479,8.44793471563759
-12.4,9.18976639165171,3.32781167201717,1.49492239575672,8.34772182950134
-12.3,9.12043689953067,3.28300905017651,1.430990102202,8.22575691791935
-12.2,9.0354011036157,3.2418958233675,1.36876021478929,8.08230428395022
-12.1,8.93487528106841,3.20523008602218,1.30911097803116,7.91777196090194
-12,8.81918483548564,3.17379755384561,1.25296288927109,7.73271265694656
-11.9,8.68876500020101,3.14840862036619,1.20127531695129,7.5278238912634
-11.8,8.5441609272499,3.1298951823209,1.15504279727063,7.30394731055858
-11.7,8.38602715389953,3.11910724561963,1.11529102275479,7.06206717957032
-11.6,8.21512644225452,3.11690932516263,1.08307253835244,6.80330804402056
-11.5,8.03232799111577,3.12417665326664,1.05946216270654,6.52893156937792
-11.4,7.8386050229783,3.14179121287997,1.04555215421721,6.240332563733
-11.3,7.6350317527764,3.1706376131236,1.04244714339797,5.93903419801673
-11.2,7.42277974869987,3.21159882597693,1.05125885481835,5.62668244168965
-11.1,7.20311369909262,3.26555180412235,1.07310064361018,5.30503973686407
-11,6.97738660307626,3.33336300106487,1.10908187308117,4.97597793855672
-10.9,6.74703440609992,3.41588381564319,1.16030216141532,4.64147055338349
-10.8,6.51357010507543,3.51394598393885,1.2278455267354,4.30358431346428
-10.7,6.2785773510943,3.62835694236413,1.31277446094871,3.96447012657776
-10.6,6.04370358091999,3.75989518635921,1.41612396378213,3.62635344766892
-10.5,5.8106527114789,3.90930564965104,1.53889556923141,3.2915241206297
-10.4,5.58117743442458,4.07729512941255,1.68205139729127,2.96232574283217
-10.3,5.35707115049463,4.26452778290902,1.84650826429373,2.6411446081578
-10.2,5.14015958580623,4.47162072132436,2.03313188545595,2.3303982872205
-10.1,4.93229213442666,4.69913972641877,2.2427312033191,2.03252390610377
-10,4.73533297349056,4.94759511548293,2.47605287564784,1.74996618719859
-9.89999999999999,4.55115199880849,5.21743777971633,2.73377595604768,1.48516531763134
-9.8,4.38161563030318,5.50905542067201,3.01650680004948,1.24054471228549
-9.69999999999999,4.22857753771418,5.82276900877622,3.32477422870329,1.01849873954229
-9.59999999999999,4.09386933781869,6.15882948714841,3.65902498081863,0.821380478580751
-9.5,3.97929131491739,6.51741474302249,4.01961948389261,0.651489577377684
-9.39999999999999,3.88660321652714,6.898626868,4.40682797247653,0.511060280433377
-9.3,3.81751517610144,7.30248972716106,4.82082698125966,0.402249694710629
-9.19999999999999,3.77367881416442,7.72894685572092,5.2616962384959,0.327126361318429
-9.09999999999999,3.75667856849709,8.17785970045233,5.72941598357263,0.287659199098601
-9,3.76802330295468,8.64900622151126,6.22386473053529,0.285706884488403
-8.89999999999999,3.80913824313038,9.1420798686028,6.7448174972367,0.323007729845725
-8.8,3.88135728541656,9.65668894362202,7.2919445174954,0.401170119844491
-8.69999999999999,3.98591572406058,10.1923563600075,7.86481045123117,0.521663562591632
-8.59999999999999,4.12394343857813,10.7485198070581,8.46287410500558,0.685810408798408
-8.5,4.29645858138545,11.3245323254069,9.08548867275749,0.894778288677796
-8.39999999999999,4.50436180275653,11.9196632977187,9.73190250378375,1.14957331225503
-8.3,4.74843104721856,12.5330998565017,10.4012604022071,1.45103407449523
-8.19999999999999,5.02931695228699,13.1639487087023,11.0926054593001,1.79982650209512
-8.09999999999999,5.34753887702594,13.8112383745035,11.8048814171114,2.19643957397877
-8,5.70348158432702,14.4739218354834,12.5369355589,2.6411819425164
-7.89999999999999,6.09739259704372,15.1508795850161,13.2875221189155,3.13417947727065
-7.8,6.52938024422905,15.840923071539,14.0553062011139,3.67537374770769
-7.69999999999999,6.99941240972113,16.542798523074,14.8388681934642,4.26452145581844
-7.59999999999999,7.50731599122807,17.2551911391772,15.6367086616051,4.90119482401079
-7.5,8.05277707391178,17.9767296343477,16.447253702782,5.58478293799943
-7.39999999999999,8.63534181827526,18.7059911148203,17.2688607382247,6.31449403875844
-7.3,9.25441805795738,19.4415062686519,18.0998247194612,7.08935875196191
-7.19999999999999,9.90927759885101,20.1817648470761,18.9383847214977,7.90823423774645
-7.09999999999999,10.5990592068119,20.9252214132595,19.7827308933524,8.76980923812029
-7,11.3227722671509,21.6703013328698,20.6310117341328,9.67260999396571
-6.89999999999999,12.0793010951131,22.4154069792591,21.4813416606975,10.615006998347
-6.8,12.8674098726838,23.1589241245865,22.3318088309605,11.5952225478007
-6.69999999999999,13.6857481833387,23.8992284868774,23.1804831851053,12.6113390484685
-6.59999999999999,14.5328571127985,24.6346924018254,24.0254246653576,13.6613080293636
-6.5,15.4071758804869,25.363691587123,24.8646915735794,14.7429598107883
-6.39999999999999,16.3070489632355,26.0846119662457,25.6963490247454,15.8540137719432
-6.3,17.2307336698607,26.7958565179274,26.5184774534092,16.9920891581381
-6.19999999999999,18.1764081225727,27.4958521170599,27.3291811295327,18.1547163647458
-6.09999999999999,19.1421795987701,28.1830563324177,28.1265966395503,19.3393486321454
-6,20.1260931846722,28.855964146479,28.9089012882988,20.5433740834231
-5.89999999999999,21.126140690414,29.5131145626562,29.674321377426,21.7641280345274
-5.8,22.1402697747358,30.153097065497,30.4211403161406,22.9989055049458
-5.69999999999999,23.1663932262136,30.7745578998453,31.1477065206566,24.2449738557877
-5.59999999999999,24.202398347124,31.3762061355764,31.8524410594222,25.4995854814193
-5.5,25.2461563855254,31.9568194853311,32.5338450022125,26.7599904805363
-5.39999999999999,26.2955319609568,32.5152498436729,33.1905064323958,28.0234492327429
-5.3,27.3483924293222,33.0504285172678,33.8211070831459,29.2872448073673
-5.19999999999999,28.4026171330373,33.5613711170476,34.4244285600779,30.548695132362
-5.09999999999999,29.4561064833532,34.0471820848379,34.9993581147,31.8051648527004
-5,30.5067908229564,34.5070588286277,35.5448939352168,33.0540768097064
-4.89999999999999,31.5526390184413,34.9402954424976,36.0601499235525,34.2929230751945
-4.8,32.5916667340759,35.3462859892172,36.54435993,35.5192754771699
-4.69999999999999,33.6219443404077,35.7245273256509,36.9968814196068,36.7307955571069
-4.59999999999999,34.6416044136702,36.0746214533583,37.4171985472852,37.9252439024673
-4.5,35.6488487846535,36.3962773791461,37.8049246216583,39.100488802135
-4.39999999999999,36.6419550986491,36.6893124727919,38.1598039408065,40.2545141767758
-4.3,37.6192828512828,36.9536533117143,38.4817129863531,41.3854267407778
-4.19999999999999,38.5792788684637,37.1893360049941,38.770660965698,42.4914623573543
-4.09999999999999,39.5204822022906,37.3965059918351,39.0267896956519,43.5709915535445
-4,40.4415284185548,37.5754173122904,39.25037282424,44.6225241672376
-3.89999999999999,41.341153255415,37.7264313508398,39.4418143909828,45.6447131038898
-3.8,42.2181956368908,37.8500150561832,39.6016467295398,46.6363571863035
-3.69999999999999,43.0716000289909,37.9467386433921,39.730527720164,47.5964030866406
-3.59999999999999,43.9004181305272,38.01727278732,39.8292374029662,48.5239463357029
-3.5,44.7038098949559,38.0623853189041,39.8986739664947,49.4182314104192
-3.39999999999999,45.4810438838842,38.082937438671,39.9398491295839,50.2786509063579
-3.3,46.2314969571748,38.0798794643761,39.9538829377873,51.1047438079315
-3.19999999999999,46.9546533088307,38.0542461322528,39.9419979989801,51.8961928747158
-3.09999999999999,47.6501028620265,38.0071514737906,39.9055131858571,52.6528211679358
-3,48.317539040746,37.9397832923077,39.8458368360618,53.3745877466516
-2.89999999999999,48.9567559394519,37.8533972658063,39.7644594835311,54.061582568452
-2.8,49.567644916038,37.7493107046863,39.6629461573202,54.7140206345159
-2.69999999999999,50.1501906369679,37.6288959948385,39.5429282866585,55.3322354236902
-2.59999999999999,50.7044666069514,37.4935737584264,39.4060952532756,55.9166716647227
-2.5,51.2306302187568,37.3448057662835,39.2541856340998,56.4678774999609
-2.39999999999999,51.7289173617437,37.1840876372966,39.0889781792711,56.986496097645
-2.3,52.1996366304449,37.0129413614028,38.9122825720044,57.4732567733651
-2.19999999999999,52.6431631769843,36.832907683887,38.7259300181804,57.9289656842965
-2.09999999999999,53.0599322532809,36.6455383895327,38.5317637146265,58.3544961624498
-2,53.4504324908516,36.4523885258304,38.3316292458633,58.750778755361
-1.89999999999999,53.8151989675611,36.2550086048979,38.1273649596349,59.1187910443827
-1.8,54.1548061118757,36.0549368239934,37.9207923718072,59.4595473120095
-1.69999999999999,54.4698604960506,35.8536913445224,37.7137066512032,59.7740881304782
-1.59999999999999,54.7609935702026,35.6527626692378,37.5078672346506,60.063469944202
-1.5,55.028854389405,35.4536061569143,37.3049886219451,60.3287547184527
-1.39999999999999,55.2741023857678,35.2576347131534,37.1067313995806,60.5709997260679
-1.3,55.4974002369563,35.066211695127,36.9146935409779,60.7912475428606
-1.19999999999999,55.6994068817378,34.8806440670247,36.7304020295523,60.9905163208329
-1.09999999999999,55.8807707319541,34.7021758417184,36.5553048493142,61.1697904062706
-1,56.0421231287888,34.5319818427107,36.3907633857956,61.3300113673244
-0.899999999999991,56.1840720893556,34.3711618188053,36.2380452779584,61.4720694927828
-0.799999999999997,56.3071963874821,34.2207349421219,36.0983177593713,61.5967958204395
-0.699999999999989,56.4120400101188,34.0816347181035,35.9726415243575,61.7049547497644
-0.599999999999994,56.4991070280839,33.9547043340214,35.8619651520345,61.7972372895338
-0.5,56.5688569168769,33.8406924702022,35.7671201181919,61.8742549866874
-0.399999999999991,56.6217003600776,33.7402495957815,35.6888164218186,61.9365345779848
-0.299999999999997,56.6579955644166,33.6539247682517,35.6276388497968,61.9845134010654
-0.199999999999989,56.6780451119774,33.5821629534255,35.584043899857,62.0185355963024
-0.0999999999999943,56.6820933711944,33.5253028796996,35.558357378353,62.0388491254236
0,56.6703244843771,33.4835754376927,35.5507726857813,62.0456036272813
0.0999999999999943,56.6428609454308,33.4571026334517,35.5613497992687,62.0388491254236
0.199999999999989,56.5997627773006,33.4458971005084,35.5900149574939,62.0185355963024
0.299999999999997,56.5410273144575,33.4498621731136,35.636561049722,61.9845134010655
0.399999999999991,56.4665895915011,33.4687925200205,35.7006487068352,61.9365345779849
0.5,56.3763233347065,33.5023753352298,35.7818080884575,61.8742549866874
0.599999999999994,56.2700425491142,33.5501920791739,35.8794413565225,61.7972372895339
0.699999999999989,56.147503689588,33.611720760921,35.9928258219353,61.7049547497645
0.799999999999997,56.0084084001669,33.6863387491294,36.1211177473613,61.5967958204395
0.899999999999991,55.8524068020462,33.7733260967117,36.2633567856499,61.4720694927829
1,55.679101306663,33.8718693614693,36.4184710299925,61.3300113673245
1.09999999999999,55.488050926662,33.9810659023693,36.5852826486452,61.1697904062707
1.19999999999999,55.2787760539967,34.0999286286528,36.7625140739221,60.990516320833
1.3,55.0507636711123,34.227391176612,36.9487947122242,60.7912475428607
1.39999999999999,54.803472958073,34.3623134866586,37.1426681391027,60.570999726068
1.5,54.5363412556602,34.5034877512488,37.342599740804,60.3287547184527
1.59999999999999,54.2487903419056,34.6496447023268,37.5469847613997,60.0634699442021
1.69999999999999,53.9402329772397,34.799460205231,37.754156712499,59.7740881304783
1.8,53.6100796714563,34.9515621244608,37.9623961006691,59.4595473120096
1.89999999999999,53.2577456240277,35.1045374253532,38.1699394260769,59.1187910443828
2,52.8826577879602,35.2569394745675,38.3749884045052,58.7507787553611
2.09999999999999,52.4842620063723,35.4072955013254,38.575719363811,58.3544961624499
2.19999999999999,52.0620301703093,35.5541141806151,38.7702927650766,57.9289656842966
2.3,51.6154673459818,35.6958932990417,38.956862798164,57.4732567733652
2.39999999999999,51.1441188196399,35.8311274636902,39.1335870011246,56.9864960976451
2.5,50.6475770086627,35.958315814273,39.2986358529366,56.467877499961
2.59999999999999,50.1254881881586,36.0759696989499,39.4502022893387,55.9166716647228
2.69999999999999,49.5775589834197,36.1826202745405,39.5865110921059,55.3322354236904
2.8,49.0035625799645,36.2768259923944,39.7058281029588,54.714020634516
2.89999999999999,48.4033446046075,36.3571799319323,39.8064692144117,54.0615825684521
3,47.7768286330166,36.4223169448283,39.886809091238,53.3745877466517
3.09999999999999,47.1240212815373,36.4709205739523,39.9452895778511,52.6528211679359
3.19999999999999,46.4450168436654,36.5017297125303,39.9804277487668,51.8961928747159
3.3,45.740001434418,36.5135449705036,39.9908235613993,51.1047438079316
3.39999999999999,45.0092566089687,36.5052347167575,39.9751670727556,50.278650906358
3.5,44.2531624252515,36.4757407677475,39.9322451840987,49.4182314104193
3.59999999999999,43.4721999237909,36.4240836950524,39.8609478803481,48.523946335703
3.69999999999999,42.6669530017343,36.349367726529,39.7602739338519,47.5964030866406
3.8,41.8381096619562,36.2507852180129,39.6293360451858,46.6363571863036
3.89999999999999,40.9864626221118,36.1276206748897,39.4673653967915,45.6447131038899
4,40.1129092726413,35.9792543053439,39.2737155985362,44.6225241672376
4.09999999999999,39.2184509769242,35.8051650896571,39.0478660076522,43.5709915535445
4.19999999999999,38.3041917110284,35.6049333525625,38.7894244089587,42.4914623573544
4.3,37.3713360447731,35.3782428283519,38.4981290447829,41.3854267407779
4.39999999999999,36.4211864700873,35.1248822111616,38.1738499875361,40.2545141767758
4.5,35.4551400868771,34.8447461856153,37.8165898514707,39.1004888021351
4.59999999999999,34.4746846607915,34.5378359357639,37.426483843703,37.9252439024673
4.69999999999999,33.4813940713523,34.2042591330169,37.0037991581235,36.7307955571069
4.8,32.4769231728909,33.8442294064911,36.5489337193178,35.5192754771699
4.89999999999999,31.4630020945584,33.4580653018976,36.0624142870489,34.2929230751946
5,30.4414300093432,33.0461887377293,35.5448939352093,33.0540768097065
5.09999999999999,29.4140684055077,32.6091229700886,34.997148922402,31.8051648527004
5.19999999999999,28.3828338971174,32.1474900799884,34.4200749744439,30.548695132362
5.3,27.3496906133763,31.6620079993606,33.8146830020886,29.2872448073673
5.39999999999999,26.3166422092623,31.1534870943045,33.182094280113,28.0234492327429
5.5,25.2857235424707,30.6228263262783,32.5235351165961,26.7599904805363
5.59999999999999,24.2589920639115,30.071009013989,31.8403310437259,25.4995854814192
5.69999999999999,23.2385189709295,29.4990982206378,31.1339005637769,24.2449738557877
5.8,22.2263801740479,28.9082317929371,30.4057484860122,22.9989055049458
5.89999999999999,21.2246471293312,28.2996170799143,29.6574588921542,21.7641280345274
6,20.2353775894411,27.6745253609455,28.8906877697341,20.543374083423
6.09999999999999,19.2606063270983,27.0342860137279,28.1071553540741,19.3393486321453
6.19999999999999,18.3023358849645,26.3802804539766,27.3086382208433,18.1547163647458
6.3,17.3625274059247,25.7139358795327,26.4969611720972,16.992089158138
6.39999999999999,16.4430915973746,25.036718852283,25.6739889594107,15.8540137719432
6.5,15.5458798824075,24.3501287518132,24.8416178881775,14.7429598107882
6.59999999999999,14.672675789761,23.6556911350579,24.0017673473694,13.6613080293635
6.69999999999999,13.8251866330163,22.9549510363466,23.1563713090019,12.6113390484685
6.8,13.0050355278731,22.249466242213,22.3073698412833,11.5952225478007
6.89999999999999,12.2137537943473,21.5408005750958,21.4567006788996,10.6150069983469
7,11.4527737884679,20.8305172196496,20.6062908931261,9.67260999396562
7.09999999999999,10.7234222055218,20.1201721247945,19.7580487034788,8.76980923812019
7.19999999999999,10.0269138940889,19.4113075138588,18.9138554714008,7.90823423774635
7.3,9.3643462170863,18.7054455342435,18.0755579150644,7.0893587519618
7.39999999999999,8.73669399278266,18.0040820769324,17.2449605827422,6.31449403875832
7.5,8.14480504529516,17.3086807949274,16.4238186203873,5.58478293799932
7.59999999999999,7.58939639046105,16.620667348294,15.6138308670688,4.90119482401068
7.69999999999999,7.0710510791929,15.9414239019677,14.816633309749,4.26452145581832
7.8,6.59021571652879,15.2722839008257,14.0337929265794,3.67537374770757
7.89999999999999,6.14719867057805,14.6145271447516,13.2668019454447,3.13417947727053
8,5.74216898148022,13.9693751845507,12.5170725419131,2.64118194251627
8.09999999999999,5.37515597636095,13.3379870576133,11.7859319980848,2.19643957397865
8.19999999999999,5.04604959210531,12.7214553801741,11.0746183410587,1.799826502095
8.3,4.75460140361183,12.1208028109095,10.3842764769131,1.45103407449511
8.39999999999999,4.50042635105549,11.5369788984504,9.71595483320139,1.1495733122549
8.5,4.28300515560774,10.9708573231777,9.07060252004027,0.894778288677669
8.59999999999999,4.1016874090596,10.4232335414405,8.44906701692353,0.685810408798281
8.69999999999999,3.9556953188913,9.89482283807942,7.85209238944174,0.521663562591505
8.8,3.84412808655917,9.38625879089155,7.28031803715832,0.401170119844365
8.89999999999999,3.76596689314344,8.89809214842728,6.73427797098483,0.323007729845599
9,3.72008046304623,8.43079012029081,6.21440061554242,0.285706884488278
9.09999999999999,3.70523117316585,7.98473607693377,5.72100912920521,0.287659199098478
9.19999999999999,3.72008167192055,7.56022965378993,5.25432223180227,0.327126361318308
9.3,3.76320196967083,7.15748725252423,4.81445552733705,0.402249694710509
9.39999999999999,3.83307695951056,6.77664293015688,4.4014233065657,0.511060280433259
9.5,3.92811432507757,6.41774966489463,4.01514081188219,0.651489577377568
9.59999999999999,4.04665278998714,6.08078098566252,3.65542694469786,0.821380478580637
9.69999999999999,4.18697066172922,5.76563295058682,3.32200739338298,1.01849873954218
9.8,4.34729462139911,5.47212645804862,3.01451815787777,1.24054471228539
9.89999999999999,4.52580870946183,5.20000987240899,2.73250944527915,1.48516531763123
10,4.72066345688665,4.94896194511068,2.47544990908271,1.74996618719849
10.1,4.929985110432,4.71859501059647,2.24273120331303,2.03252390610367
10.2,5.15188490061865,4.50845843534946,2.03367282151043,2.3303982872204
10.3,5.38446830099357,4.31804229736805,1.84752718947195,2.64114460815771
10.4,5.62584422766175,4.14678127253574,1.68348497976392,2.96232574283208
10.5,5.87413412874122,3.99405870363817,1.54068061534066,3.29152412062961
10.6,6.12748091437013,3.85921082722115,1.41819792911908,3.62635344766884
10.7,6.38405767916087,3.74153113306926,1.31507594606912,3.96447012657769
10.8,6.64207617053841,3.64027483082145,1.23031475428893,4.3035843134642
10.9,6.89979495821282,3.55466339812209,1.16288143163444,4.64147055338342
11,7.15552726210333,3.48388918473433,1.11171599476488,4.97597793855665
11.1,7.4076483983371,3.42712004721453,1.07573733794412,5.30503973686401
11.2,7.65460280547997,3.38350398905714,1.05384912959488,5.62668244168959
11.3,7.89491061589329,3.3521737816678,1.04494563543542,5.93903419801668
11.4,8.12717374004094,3.33225154209982,1.04791743802561,6.24033256373295
11.5,8.35008143466724,3.32285324419439,1.06165702370533,6.52893156937788
11.6,8.56241532901224,3.32309314058805,1.08506420921231,6.80330804402052
11.7,8.7630538866074,3.33208807398819,1.11705138170931,7.06206717957028
11.8,8.95097628367306,3.34896165715944,1.15654852752103,7.30394731055854
11.9,9.12526568870585,3.37284830220412,1.20250802656867,7.52782389126337
12,9.28511193146961,3.4028970809499,1.25390919128162,7.73271265694653
12.1,9.42981355326823,3.43827539956821,1.30976253065022,7.91777196090192
12.2,9.55877923406103,3.47817247193015,1.36911372204777,8.0823042839502
12.3,9.67152859565433,3.5218025776516,1.43104727548059,8.22575691791934
12.4,9.76769238384915,3.56840809227812,1.49468987700944,8.34772182950132
12.5,9.84701203601877,3.61726227860224,1.55921340021077,8.44793471563759
12.6,9.90933864411114,3.66767182968169,1.62383757669739,8.52627326623293
12.7,9.95463132649929,3.71897915572707,1.68783231888424,8.58275465450343
12.8,9.98295502541695,3.77056440864135,1.75051969035038,8.61753227959937
12.9,9.99447774989763,3.82184723961237,1.81127552130189,8.63089179028656
13,9.98946728716645,3.87228828677313,1.86953066876862,8.62324642239442
13.1,9.96828740829492,3.92139039154312,1.92477192325815,8.59513168642413
13.2,9.93139359660824,3.96869954384027,1.97654256563153,8.54719944513607
13.3,9.87932832981315,4.01380555789527,2.02444257994545,8.48021142408349
13.4,9.81271594908288,4.05634248190258,2.06812852991343,8.39503220091262
13.5,9.73225715037949,4.09598874619547,2.10731310846529,8.29262172179323
13.6,9.63872313510475,4.13246705602826,2.14176437161744,8.17402739556758
13.7,9.53294945873863,4.16554403638202,2.17130466950104,8.04037581809597
13.8,9.41582961744333,4.19502963747099,2.19580928891872,7.89286418083013
13.9,9.28830841367408,4.22077631081249,2.21520482320968,7.73275141885104
14,9.15137514264346,4.24267796682531,2.22946728648795,7.56134915446615
14.1,9.00605664202945,4.26066872593676,2.23861999047601,7.38001249296717
14.2,8.85341024760024,4.27472147610234,2.24273120317962,7.19013072730713
14.3,8.69451669745122,4.28484625046925,2.24191160953636,6.9931180082665
14.4,8.5304730273135,4.29108843964493,2.23631159491671,6.79040403614589
14.5,8.36238549890539,4.29352685365938,2.22611837296095,6.5834248291593
14.6,8.19136260256116,4.29227164923558,2.21155297969547,6.37361362250973
14.7,8.01850817439462,4.28746213840362,2.19286715618944,6.16239195062472
14.8,7.84491466704781,4.27926449481046,2.17034014218646,5.95116096322416
14.9,7.67165661164345,4.26786937428969,2.14427540317808,5.74129302379907
15,7.49978430692116,4.25348946636427,2.11499731327907,5.5341236367183
15.1,7.33031776969819,4.23635699336115,2.08284781602121,5.33094374656465
15.2,7.16424097877321,4.21672117372316,2.04818308480678,5.13299245045294
15.3,7.00249644219977,4.19484566591115,2.01137020426036,4.94145016102189
15.4,6.84598011550841,4.17100600900361,1.97278389309229,4.75743225453748
15.5,6.69553669597245,4.14548707572283,1.93280328834654,4.58198323512455
15.6,6.55195531540525,4.1185805531529,1.89180881005522,4.41607144257363
15.7,6.41596565126668,4.09058246586742,1.85017912436981,4.26058432748059
15.8,6.28823447306049,4.06179075556134,1.80828822219279,4.11632431368788
15.9,6.16936263813866,4.03250293058425,1.76650262920035,3.98400526413387
16,6.05988254811623,4.00301379801071,1.72517876193762,3.86424956230674
16.1,5.96025607415345,3.97361329005981,1.68466044338886,3.75758581756486
16.2,5.87087295640481,3.9445843957991,1.64527659008781,3.66444719865083
16.3,5.79204967998214,3.91620120814378,1.60733908144632,3.58517039581868
16.4,5.72402882684947,3.88872709519608,1.57114082055171,3.51999520813186
16.5,5.66697890018012,3.86241300396997,1.53695399422609,3.46906474870229
16.6,5.62099461487709,3.83749590351944,1.50502853866206,3.43242625694565
16.7,5.58609764520292,3.81419737344055,1.47559081546049,3.41003250334988
16.8,5.56223781780284,3.79272234265644,1.44884250140502,3.40174376881224
16.9,5.54929473584641,3.77325798232635,1.42495969382581,3.40733037731374
17,5.54707981757716,3.75597275565199,1.40409223193999,3.42647575758828
17.1,5.55533873025598,3.74101562629275,1.38636323311734,3.4587800065229
17.2,5.57375419832754,3.7285154260535,1.37186884161656,3.50376392431173
17.3,5.60194916263996,3.71858038147948,1.36067818597678,3.56087348889265
17.4,5.63949026571674,3.71129779798935,1.35283353994034,3.62948473493584
17.5,5.68589163642544,3.70673389920489,1.34835068053245,3.70890900063709
17.6,5.74061894591868,3.70493381820027,1.34721943573876,3.79839850380662
17.7,5.80309370544464,3.70592173649925,1.34940441310951,3.89715220724186
17.8,5.87269777554337,3.70970116580101,1.35484589958436,4.00432193213816
17.9,5.94877805526509,3.71625536661845,1.36346092188075,4.11901867732725
18,6.03065131937018,3.72554789727062,1.37514445592557,4.24031910144202
18.1,6.11760917099944,3.73752328598685,1.38977077303839,4.36727212468984
18.2,6.20892307703781,3.75210781825834,1.40719490989868,4.49890560677221
18.3,6.30384945333311,3.76921043101442,1.42725424875184,4.63423305761458
18.4,6.40163476707319,3.78872370470929,1.44977019383102,4.77226033796238
18.5,6.50152062396398,3.81052494398153,1.47454992959589,4.91199230755092
18.6,6.60274880838518,3.83447733719458,1.50138824611603,5.05243937946069
18.7,6.70456624542294,3.86043118488339,1.53006941675517,5.19262394041879
18.8,6.80622985458174,3.88822518691905,1.56036911324365,5.3315865981861
18.9,6.90701126605586,3.91768777806206,1.59205634325746,5.46839221877513
19,7.00620137168234,3.94863850150273,1.62489539575301,5.60213571805314
19.1,7.10311468409459,3.9808894099852,1.65864777953312,5.73194757429319
19.2,7.19709347913781,4.01424648417759,1.69307414084031,5.85699903042251
19.3,7.28751169828149,4.04851105808234,1.72793614618361,5.97650695706824
19.4,7.37377858956132,4.0834812414778,1.76299831710099,6.08973835000067
19.5,7.45534206748713,4.11895332963953,1.79802980413754,6.19601443820284
19.6,7.53169177435442,4.15472319090697,1.83280608797277,6.2947143815378
19.7,7.60236182748046,4.19058762303352,1.86711059635597,6.38527853982172
19.8,7.66693323903679,4.22634566968318,1.90073622629828,6.46721129802285
19.9,7.72503599735731,4.26179988890984,1.93348676181982,6.54008343527611
20,7.77635080084703,4.29675756597385,1.96517817845225,6.60353402841016
20.1,7.82061043789043,4.33103186340861,1.99563982664569,6.65727188371052
20.2,7.85760080844329,4.36444290184466,2.02471548721673,6.70107649366942
20.3,7.88716158527564,4.39681876572492,2.05226429299455,6.7347985184818
20.4,7.90918651510153,4.42799642869804,2.07816151186789,6.75835979502031
20.5,7.92362336206952,4.45782259415207,2.10229918749977,6.77175287894078
20.6,7.93047349828503,4.48615444704423,2.12458663505165,6.77504012841863
20.7,7.92979114817606,4.51286031388777,2.14495079033839,6.76835234077744
20.8,7.92168229558845,4.53782022847129,2.16333641191109,6.75188695592964
20.9,7.90630326449137,4.56092640160247,2.17970613663158,6.72590584308967
21,7.88385898607872,4.58208359388387,2.19404039035166,6.6907326896297
21.1,7.85460096685681,4.60120939123787,2.20633715633663,6.64675001321245
21.2,7.81882497400282,4.61823438359659,2.21661160506955,6.59439582044451
21.3,7.77686845585467,4.63310224785654,2.22489559003352,6.53415993723523
21.4,7.72910771684168,4.64576973686242,2.23123701498933,6.46658003781124
21.5,7.6759548674807,4.6562065768263,2.23569907913828,6.39223740091728
21.6,7.61785457123709,4.66439527620281,2.23835940738127,6.31175242312177
21.7,7.55528061108,4.67033084962536,2.23930907364943,6.22577992033592
21.8,7.48873229944131,4.6740204610588,2.23865152598479,6.13500424964337
21.9,7.41873075601407,4.67548299083739,2.23650142268878,6.04013428431809
22,7.34581507839818,4.67474853173101,2.23298338942624,5.94189827548314
22.1,7.27053843101504,4.67185781961426,2.22823070767289,5.84103863422719
22.2,7.19346407796967,4.66686160470075,2.22238394531973,5.7383066681527
22.3,7.11516138563859,4.65981996964643,2.21558954059875,5.6344573062797
22.4,7.03620182070555,4.65080160111918,2.207998350768,5.53024384597561
22.5,6.95715496915741,4.63988302167735,2.19976417718953,5.42641275512822
22.6,6.87858460139261,4.62714778899412,2.19104227855125,5.32369856213143
22.7,6.80104480808756,4.61268566960996,2.18198788402243,5.22281886541745
22.8,6.72507623081891,4.59659179448883,2.17275471809327,5.12446949325288
22.9,6.65120241065387,4.57896580369714,2.16349354873305,5.02931984332646
23,6.57992627700792,4.559910987518,2.15435077030893,4.93800843030445
23.1,6.51172679803069,4.53953343125593,2.14546703244235,4.85113866802312
23.2,6.44705581262868,4.51794117088293,2.13697592564202,4.76927491133965
23.3,6.38633506297352,4.49524336652387,2.12900273414685,4.69293878088329
23.4,6.3299534449854,4.47154950058083,2.1216632659399,4.62260579204959
23.5,6.2782644928338,4.44696860705413,2.11506276936004,4.55870230757558
23.6,6.23158411196875,4.42160853833313,2.10929494514512,4.50160283093542
23.7,6.19018857359793,4.3955752754061,2.10444106209282,4.45162765561647
23.8,6.15431278186629,4.36897228707715,2.10056918382762,4.40904088309188
23.9,6.12414882328626,4.34189994338275,2.09773351341927,4.37404882000707
24,6.09984480621941,4.31445498797253,2.09597386181366,4.34679876276203
24.1,6.08150399643342,4.2867300737633,2.09531524521804,4.32737817531019
24.2,6.06918425296374,4.25881336569346,2.09576761573178,4.31581426362339
24.3,6.06289776670671,4.23078821390097,2.09732572863897,4.31207394790411
24.4,6.06261110237087,4.20273290012562,2.09996914888402,4.31606423127479
24.5,6.06824554262649,4.17472045959745,2.10366239834234,4.32763296135219
24.6,6.07967773152891,4.14681858012351,2.10835524457996,4.34656997883666
24.7,6.09674061256022,4.11908957952594,2.11398313087525,4.3726086450227
24.8,6.11922465494448,4.09159046202086,2.12046774635655,4.40542773798153
24.9,6.14687936025364,4.06437305356218,2.12771773419897,4.44465370509002
25,6.17941503974322,4.03748421561143,2.13562953492483,4.48986325759252
25.1,6.21650485134656,4.01096613623691,2.14408836097283,4.54058629099557
25.2,6.2577870838225,3.9848566968966,2.15296929784438,4.59630911331714
25.3,6.30286767419932,3.9591899127222,2.16213852630652,4.65647796155212
25.4,6.35132294339649,3.93399644360052,2.17145465933599,4.72050278518211
25.5,6.40270253373881,3.90930417284444,2.18077018672973,4.78776127415581
25.6,6.45653253101245,3.88513884976406,2.1899330195906,4.85760310750507
25.7,6.51231875275205,3.86152479198991,2.19878812622512,4.92935439764385
25.8,6.56955018359839,3.83848564296849,2.2071792503672,5.00232230442895
25.9,6.62770253782858,3.81604517964717,2.21495070207139,5.07579979224585
26,6.68624192853987,3.7942281649939,2.22194921110374,5.14907050272182
26.1,6.74462862246494,3.77306123965784,2.22802583220088,5.22141371516513
26.2,6.80232085901251,3.75257384677325,2.23303789117071,5.29210936648319
26.3,6.85877871186341,3.73279918364131,2.23685096047302,5.36044310214428
26.4,6.91346797130829,3.71377517379431,2.23934085264667,5.42571132971627
26.5,6.96586402548912,3.69554545275609,2.24039561974386,5.48722624663975
26.6,7.01545571880014,3.67816036066075,2.23991754679113,5.54432081416921
26.7,7.06174916591433,3.66167793478123,2.23782512722238,5.5963536498417
26.8,7.10427150022543,3.64616489494886,2.2340550082215,5.64271381140287
26.9,7.14257453593013,3.63169761481617,2.22856389397017,5.68282544583117
27,7.17623832351682,3.61836307192685,2.22133039492042,5.71615227794621
27.1,7.20487457907228,3.60625976960955,2.21235681139988,5.74220191406102
27.2,7.22812996856045,3.59549862380473,2.20167084010981,5.76052993723329
27.3,7.2456892290637,3.58620380806602,2.1893271923891,5.77074377188012
27.4,7.25727810990103,3.57851355014827,2.17540911349126,5.7725062968364
27.5,7.26266611754299,3.57258087380275,2.16002979255228,5.76553918735096
27.6,7.26166904932451,3.56857427964405,2.14333365341315,5.74962596801771
27.7,7.25415130210644,3.56667835923209,2.12549751699941,5.72461476022188
27.8,7.24002794324872,3.56709433682463,2.1067316265475,5.69042070933615
27.9,7.21926653252556,3.57004053359836,2.0872805276014,5.64702807861666
28,7.19188868492681,3.57575274950855,2.06742379537891,5.59449199851575
28.1,7.15797136564584,3.58448455835632,2.04747660282201,5.53293986193722
28.2,7.11764790994139,3.59650751205616,2.02779012339549,5.46257235780011
28.3,7.07110876197464,3.6121112505423,2.00875176347893,5.38366413713924
28.4,7.01860192815349,3.63160351421839,1.99078522000492,5.29656410784475
28.5,6.9604331419573,3.65531005633838,1.97435035982677,5.20169535601882
28.6,6.89696573865952,3.68357445320432,1.95994291814782,5.09955469379692
28.7,6.82862023980457,3.7167578105771,1.94809401420752,4.9907118353313
28.8,6.75587364872326,3.75523836521553,1.93936948329155,4.87580820446087
28.9,6.67925845977912,3.79941098098553,1.93436902501163,4.75555537938069
29,6.59936138542109,3.84968653951144,1.93372516867902,4.63073318137073
29.1,6.51682180646829,3.90649122587253,1.93810205747122,4.50218741633819
29.2,6.43232995236402,3.97026571037848,1.94819405395901,4.37082727956093
29.3,6.34662481940343,4.04146422798268,1.96472417041673,4.2376224355877
29.4,6.26049183615534,4.120553557412,1.98844232817838,4.10359978674287
29.5,6.17476028645928,4.20801190260088,2.02012345112197,3.96983994509569
29.6,6.09030050147878,4.30432767951623,2.06056539916068,3.83747342408034
29.7,6.00802083332593,4.40999821194305,2.11058674838753,3.70767656718589
29.8,5.92886442373695,4.52552834026783,2.17102442525806,3.58166723227342
29.9,5.85380578216954,4.65142894774614,2.24273120289837,3.46070025111272
30,5.78384718850751,4.78821540916753,2.32657306829167,3.34606268466341
30.1,5.72001493629236,4.93640596723694,2.42342646972155,3.23906889544867
30.2,5.66335543305439,5.09652004237118,2.53417545443225,3.14105545908402
30.3,5.61493117488396,5.2690764819642,2.65970870700305,3.05337593762495
30.4,5.57581661286607,5.45459175549997,2.80091649942204,2.97739553788627
30.5,5.54709392939725,5.65357810218975,2.9586875642842,2.9144856782603
30.6,5.52984874271148,5.86654163807621,3.13390590292565,2.86601848782158
30.7,5.52516575816249,6.09398042978242,3.32744754064091,2.83336126165281
30.8,5.53412438494214,6.33638254228537,3.5401772414102,2.81787089636084
30.9,5.55779433696054,6.59422406826352,3.77294519478957,2.82088832967479
31,5.59723123657319,6.8679671467026,4.0265836877862,2.84373300783242
31.1,5.65347223971573,7.15805797854515,4.30190377465501,2.88769740416879
31.2,5.7275317007996,7.46492484723567,4.5996919576103,2.95404161192532
31.3,5.82039689543367,7.78897615204499,4.9207068914475,3.04398803380147
31.4,5.93302381867169,8.13059846205524,5.26567612501638,3.15871619018024
31.5,6.06633307604365,8.49015459864923,5.6352928923774,3.29935766727411
31.6,6.22120588411701,8.86798175427738,6.03021296630994,3.46699122566832
31.7,6.39848019675194,9.26438965517128,6.451051586625,3.66263808888524
31.8,6.59894697256872,9.67965877553563,6.89838047546693,3.88725743066388
31.9,6.82334659843875,10.1140386105818,7.37272495147118,4.14174207864799
32,7.07236548304691,10.5677460155669,7.87456115427901,4.42691445110992
32.1,7.34663283375716,11.0409636177712,8.40431339049683,4.74352274221093
32.2,7.64671762914988,11.5338383080918,8.96235161173276,5.09223737012026
32.3,7.97312579869292,12.0464798186413,9.5489890348436,5.47364770108843
32.4,8.32629762006299,12.5789593924335,10.1644799139884,5.88825906130332
32.5,8.70660534365614,13.1313085508983,10.8090174735097,6.33649004705661
32.6,9.11435105281904,13.7035179646161,11.4827320100575,6.81867014241937
32.7,9.5497647673021,14.2955364322759,12.1856891717291,7.33503765227465
32.8,10.0130027963863,14.907269972471,12.9178884213314,7.8857379571903
32.9,10.5041463470737,15.5385810325249,13.6792616901826,8.47082209524249
33,11.0232003916598,16.1892878181149,14.4696722281524,9.09024567452315
33.1,11.5700927979295,16.8591637470124,15.2889136549094,9.74386811869488
33.2,12.1446737241472,17.5479370298072,16.1367092165952,10.4314522465936
33.3,12.7467152799392,18.2552903800162,17.0127112513848,11.1526641855347
33.4,13.3759114531107,18.9808608555062,17.9165008666217,11.9070736166534
33.5,14.0318783013965,19.7242398326818,18.8475878294448,12.6941543493157
33.6,14.7141544071153,20.4849731144095,19.805410672041,13.5132852203656
33.7,15.4222015917029,21.2625611721659,20.7893370118853,14.3637513127546
33.8,16.1554058861161,22.056459522417,21.7986640865538,15.2447454869055
33.9,16.9130787521629,22.8660792367553,22.8326195019306,16.1553702170293
34,17.694458548898,23.6907875848484,23.8903621918712,17.0946397235194
34.1,18.4987122373529,24.5299088087819,24.9709835866436,18.0614823915156
34.2,19.3249373160393,25.3827250269226,26.0735089867398,19.0547434647509
34.3,20.1721639788674,26.2484772649725,27.1968991379378,20.0731880028732
34.4,21.0393574863887,27.1263666114521,28.3400520028109,21.1155040895868
34.5,21.9254207405661,28.0155554944187,29.5018047232126,22.1803062781623
34.6,22.8291970526363,28.9151690758202,30.680935767624,23.2661392601463
34.7,23.7494730930315,29.8242967594867,31.8761672566464,24.3714817424502
34.8,24.6849820117883,30.7419938083863,33.0861674593307,25.4947505174151
34.9,25.6344067173857,31.6672830664141,34.3095534524956,26.6343047099418
35,26.5963833015217,32.5991567796422,35.5448939346613,27.7884501853363
35.1,27.5695045969654,33.536578511644,36.7907121857534,28.9554441011586
35.2,28.5523238553018,34.4784851472101,38.0454891632822,30.1334995860709
35.3,29.543358531126,35.4237889784985,39.307666725297,31.3207905284595
35.4,30.5410941590368,36.3713798674171,40.5756509700506,32.515456457462
35.5,31.5439883096336,37.3201274778075,41.847815681979,33.7156074989506
35.6,32.5504746106266,38.2688835708041,43.1225058733155,34.919329389018
35.7,33.5589668191304,39.2164843565635,44.3980414104114,36.1246885275722
35.8,34.5678629312308,40.1617528954142,45.6727207136327,37.3297370547743
35.9,35.5755493149814,41.1035015413529,46.9448245195371,38.5325179332477
36,36.5804048531065,42.0405344207145,48.2126196939161,39.7310700192362
36.1,37.5808050818574,42.9716499387753,49.474363084205,40.9234331062083
36.2,38.5751263126898,43.8956433070021,50.7283053997265,42.1076529247723
36.3,39.5617497236873,44.8113090836391,51.9726951082344,43.2817860831912
36.4,40.5390654079738,45.717443720334,53.2057823372652,44.4439049332673
36.5,41.5054763666999,46.6128481075333,54.4258227688892,45.5921023468882
36.6,42.4594024345824,47.4963301114309,55.6310815165688,46.7244963890938
36.7,43.3992841264004,48.3667070953381,56.8198369729907,47.8392348741395
36.8,44.3235863933158,49.2228084184408,57.9903846179314,48.934499791678
36.9,45.2308022783773,50.0634779050389,59.1410407754442,50.0085115908652
37,46.1194564610901,50.8875762775085,60.2701463099169,51.0595333109138
37.1,46.9881086814836,51.6939835463949,61.3760702508415,52.0858745473574
37.2,47.8353570346835,52.4816013512347,62.4572133364657,53.0858952440575
37.3,48.6598411275861,53.2493552459103,63.512011466845,54.0580093017708
37.4,49.4602450898497,53.9961969225663,64.5389390571962,55.0006879948983
37.5,50.235300432042,54.7211063683604,65.5365122828576,55.9124631888532
37.6,50.9837887444257,55.4230939495761,66.5032922075921,56.7919303513123
37.7,51.7045442305152,56.1012024179015,67.4378877874164,57.6377513514462
37.8,52.3964560701922,56.7545088339585,68.3389587426115,58.4486570420566
37.9,53.0584706078361,57.3821264034717,69.2052182910563,59.223449620388
38,53.6895933615823,57.9832062217676,70.0354357365288,59.961004764204
38.1,54.2888908504911,58.5569389226209,70.8284389061351,60.6602735405474
38.2,54.8554922370654,59.1025562277842,71.5831164315545,61.3202840854116
38.3,55.3885907832129,59.6193323938784,72.2984198693239,61.9401430533521
38.4,55.8874451183935,60.1065855536548,72.973365655932,62.5190368368528
38.5,56.3513803193286,60.5636789489892,73.6070368940393,63.0562325560228
38.6,56.7797888012738,60.9900220533127,74.1985849666946,63.5510788199487
38.7,57.1721310214655,61.3850715815355,74.7472309769715,64.0030062617479
38.8,57.5279359959437,61.7483323858694,75.252267011002,64.4115278500631
38.9,57.8468016315302,62.0793582363056,75.7130572229328,64.7762389804094
39,58.1283948752954,62.3777524848519,76.1290387408786,65.0968173504274
39.1,58.3724516843802,62.6431686129805,76.4997223934842,65.373022623701
39.2,58.5787768195525,62.875310662078,76.8246932572398,65.6046958873809
39.3,58.7472434663623,63.0739335470273,77.1036110252155,65.7917589093962
39.4,58.8777926882227,63.2388432533821,77.3362101983937,65.9342132015491
39.5,58.9704327161802,63.3698969189166,77.5223001012727,66.0321388952584
39.6,59.0252380805444,63.4670028006525,77.6617647239044,66.08569343716
39.7,59.0423485899302,63.5301201287707,77.7545623929914,66.0951101121723
39.8,59.0219681636153,63.5592588491107,77.8007252751264,66.0606964019971
39.9,58.964363523441,63.5544792562537,77.8003587156866,65.982832187357
40,58.8698627517774,63.5158915194551,77.7536404173137,65.8619678025563
40.1,58.7388537223387,63.4436551039593,77.6608194623036,65.6986219512065
40.2,58.5717824108676,63.3379780904822,77.5222151836044,65.4933794921694
40.3,58.3691510929152,63.1991163958833,77.3382158894742,65.2468891049511
40.4,58.131516436115,63.0273728982746,77.1092774471803,64.9598608439163
40.5,57.8594874944987,62.8230964700273,76.835921731428,64.6330635908031
40.6,57.5537236125157,62.5866809223297,76.5187349434923,64.2673224150802
40.7,57.2149322465063,62.3185638651344,76.1583658072827,63.8635158517308
40.8,56.8438667114433,62.019225486501,75.7555236488122,63.4225731060429
40.9,56.4413238607808,61.6891872554877,75.3109763657451,62.945471194957
41,56.0081417072649,61.329010552887,74.8255482938932,62.4332320344607
41.1,55.5451969925307,60.9392952342181,74.3001179776838,61.8869194824226
41.2,55.0534027132735,60.5206781294951,73.7356158517673,61.3076363461419
41.3,54.5337056117062,60.0738314843805,73.1330218410393,60.6965213637362
41.4,53.9870836379246,59.599461347409,72.4933628864436,60.0547461683176
41.5,53.4145433916873,59.0983059080217,71.8177104039872,59.3835122437041
41.6,52.8171175509796,58.5711337902024,71.1071776844362,58.684047880196
41.7,52.1958622945746,58.0187423065283,70.362917241183,57.9576051386943
41.8,51.5518547256308,57.44195567747,69.5861181137676,57.2054568311819
41.9,50.8861903031707,56.84162322077,68.7780031345077,56.428893525299
42,50.1999802880782,56.2186175157191,67.9398261656475,55.6292205804487
42.1,49.4943492100231,55.5738325471188,67.0728693143588,54.8077552225498
42.2,48.7704323614911,54.9081818336831,66.1784401328457,53.9658236642321
42.3,48.0293733248376,54.2225965455717,65.2578688106885,53.1047582769217
42.4,47.2723215380274,53.5180236156887,64.3125053664382,52.225894820919
42.5,46.5004299044471,52.7954238492979,63.3437168453266,51.330569739211
42.6,45.7148524518962,52.0557700364198,62.3528845297947,50.420117520393
42.7,44.9167420455747,51.3000450713741,61.3414011693644,49.4958681357054
42.8,44.1072481595884,50.5292400837233,60.3106682361848,48.5591445548121
42.9,43.2875147111939,49.7443525847551,59.2620932123797,47.6112603445728
43,42.4586779616995,48.9463846335058,58.1970869150987,46.6535173546773
43.1,41.6218644876331,48.1363410262037,57.117060864951,45.6872034936378
43.2,40.7781892254768,47.3152275128519,56.0234247032468,44.7135905982478
43.3,39.928753592961,46.4840490445321,54.9175836632324,43.7339323992524
43.4,39.074643689601,45.643808054844,53.8009361002331,42.7494625855941
43.5,38.2169285788506,44.7955027787372,52.6748710853555,41.7613929692393
43.6,37.3566586539449,43.94012561182,51.5407660671247,40.7709117522285
43.7,36.4948640892022,43.0786615130608,50.3999846051481,39.779181897242
43.8,35.6325533782574,42.2120864536165,49.2538741796172,38.7873396026278
43.9,34.7707119604078,41.3413659143445,48.1037640801631,37.7964928825052
44,33.9103009359679,40.467453434374,46.9509633772956,36.807720252233
44.1,33.0522558712504,39.5912892129234,45.7967589793587,35.8220695192155
44.2,32.1974856935169,38.7137987663686,44.642413777642,34.8405566787174
44.3,31.3468716759826,37.8358916423797,43.4891648819949,33.8641649140715
44.4,30.5012665127006,36.9584601927533,42.3382219489939,32.893843700377
44.5,29.6614934829091,36.0823784063866,41.1907656044273,31.930508010532
44.6,28.8283457041865,35.2085008036488,40.0479459615687,30.975037622181
44.7,28.002585473535,34.3376613932253,38.9108812364288,30.0282765239297
44.8,27.1849436953,33.4706726923256,37.7806564608955,29.0910324189515
44.9,26.3761193946224,32.6083248109653,36.6583222943913,28.1640763238973
45,25.5767793149357,31.7513846008591,35.5448939344159,27.2481422608343
45.1,24.7875575978298,30.9005948692841,34.4413501260711,26.3439270397492
45.2,24.0090555434409,30.0566736581073,33.3486322704137,25.4520901289935
45.3,23.2418414493599,29.2203135879997,32.2676436312305,24.5732536108905
45.4,22.4864505259122,28.3921812677049,31.1992486395915,23.7080022195928
45.5,21.7433848855209,27.572916768067,30.1442722953009,22.8568834581529
45.6,21.0131136037446,26.7631331603779,29.1034996641487,22.0204077916624
45.7,20.2960728494687,25.9634161184517,28.0776754696454,21.1990489132226
45.8,19.5926660816289,25.1743235836994,27.0675037777235,20.3932440794268
45.9,18.9032643097555,24.3963854923392,26.0736477726918,19.6033945119699
46,18.2282064155513,23.63010356375,25.0967296225458,18.8298658619449
46.1,17.5677995326499,22.8759511488567,24.1373304315671,18.0729887333481
46.2,16.9223194816435,22.1343731373156,23.1959902779762,17.3330592622822
46.3,16.2920112574293,21.4057859221657,22.2732083342603,16.6103397483363
46.4,15.6770895658816,20.6905774205011,21.3694430676456,15.9050593346079
46.5,15.0777394068433,19.9891071486354,20.4851125180664,15.2174147328478
46.6,14.4941167004061,19.3017063501294,19.6205946508547,14.5475709902179
46.7,13.9263489534496,18.6286781749801,18.7762277812734,13.8956622941827
46.8,13.3745359634139,17.9702979081902,17.9523110679156,13.2617928120907
46.9,12.838750556289,17.3268132458713,17.1491050719106,12.6460375620463
47,12.3190393558318,16.6984446169715,16.366832378799,12.048443311728
47.1,11.8154235810439,16.0853855486662,15.6056782798786,11.4690295018691
47.2,11.3278998689864,15.4878030734018,14.8657915097697,10.9077891911871
47.3,10.8564411200489,14.905838175543,14.1472850369032,10.3646900196242
47.4,10.4009973628379,14.3396062755383,13.4502369036042,9.83967518684176
47.5,9.96149663591301,13.7891977494933,12.7746911124214,9.33266444300157
47.6,9.53784588365455,13.2546784820183,12.1206585553398,8.84355508895881
47.7,9.12993186362002,12.7360904502017,11.4881179825083,8.37222298308904
47.8,8.73762206281611,12.2334523365538,10.8770170071237,7.91852355207479
47.9,8.36076562039116,11.7467601687598,10.2872731431236,7.48229280308055
48,7.99919425433495,11.2759879840839,9.71877487236473,7.06334833485552
48.1,7.65272318985677,10.8210885162771,9.17138273799515,6.6614903454133
48.2,7.32115208720146,10.3819939028488,8.64493046076577,6.27650263405119
48.3,7.0042659667539,9.95861641058883,8.13922607507516,5.90815359558676
48.4,6.70183612937557,9.55084917723983,7.65405308159243,5.55619720480466
48.5,6.41362107001242,9.15856696725685,7.18917161336426,5.22037398922371
48.6,6.13936738271055,8.78162693961695,6.74431961237816,4.90041198841151
48.7,5.87881065527342,8.41986942568016,6.31921401362471,4.59602769818952
48.8,5.63167635189505,8.07311871514383,5.91355193378079,4.30692699818989
48.9,5.39768068220137,7.74118384817417,5.52701186171556,4.03280606133828
49,5.17653145523358,7.42385941184803,5.15925484811018,3.77335224395371
49.1,4.96792891700628,7.12092633908741,4.80992569157235,3.52824495526813
49.2,4.77156657037201,6.83215270832159,4.47865411872076,3.29715650527904
49.3,4.58713197602408,6.5572945421697,4.16505595581493,3.07975292995892
49.4,4.41430753356548,6.29609660349274,3.86873428960504,2.87569479295048
49.5,4.25277124166937,6.04829318722596,3.58928061518157,2.6846379629816
49.6,4.10219743645143,5.81360890646451,3.32627596871049,2.50623436633512
49.7,3.96225750726713,5.59175947133891,3.0792920430471,2.34013271380653
49.8,3.8326205892393,5.38245245928367,2.84789228433205,2.18597920167846
49.9,3.71295423190995,5.18538807536769,2.63163296778282,2.0434181863321
50,3.60292504349774,5.00025990142404,2.43006425100568,1.91209283220441
50.1,3.50219931032717,4.82675563278494,2.24273120326506,1.79164573288506
50.2,3.41044359107756,4.66455780149675,2.06917480925894,1.6817195052278
50.3,3.32732528557893,4.51334448495956,1.90893294606065,1.5819573564287
50.4,3.25251317795918,4.37278999900579,1.76154133199899,1.49200362409744
50.5,3.18567795401974,4.24256557450144,1.6265344463582,1.41150428941729
50.6,3.126492692788,4.12234001662361,1.50344641888992,1.34010746355583
50.7,3.07463333226216,4.01178034603674,1.39181188823585,1.27746384755002
50.8,3.02977910942859,3.91055242125856,1.29116682846755,1.22322716594776
50.9,2.99161297469277,3.81832154157463,1.20104934305361,1.17705457454218
51,2.95982198092313,3.73475302992717,1.12100042566714,1.138607042585
51.1,2.93409764736157,3.65951279526999,1.05056468734733,1.10754970991267
51.2,2.91413629870614,3.59226787394583,0.989291049626137,1.08355221946076
51.3,2.89963937971923,3.53268694970611,0.936733403326769,1.06628902568215
51.4,2.89031374575996,3.48044085205515,0.892451232833204,1.05543967941931
51.5,2.88587192968094,3.43520303266121,0.85601020571934,1.05068908981323
51.6,2.88603238556821,3.39665001963612,0.826982727713188,1.05172776386001
51.7,2.89051970983857,3.36446184954201,0.804948463054663,1.05825202425086
51.8,2.89906484024086,3.33832247703943,0.789494820385848,1.0699642061534
51.9,2.91140523333685,3.31792016214456,0.780217404389073,1.08657283361059
52,2.92728502106376,3.30294783511491,0.776720433461638,1.10779277624913
52.1,2.94645514700399,3.29310343903247,0.778617123785679,1.13334538700197
52.2,2.96867348300756,3.28809025020082,0.785530040217787,1.16295862155926
52.3,2.99370492683135,3.28761717651848,0.797091414485733,1.19636714026928
52.4,3.02132148147333,3.29139903403356,0.812943431238389,1.23331239321526
52.5,3.05130231689342,3.29915680192654,0.832738482550395,1.27354268919669
52.6,3.08343381482184,3.31061785620672,0.856139391534618,1.31681324934273
52.7,3.11750959736383,3.32551618244455,0.882819605763494,1.36288624608389
52.8,3.15333054011474,3.34359256789705,0.912463361244634,1.41153082820327
52.9,3.1907047705026,3.36459477341547,0.944765817736664,1.46252313268233
53,3.22944765207638,3.38827768555478,0.979433166228757,1.51564628404889
53.1,3.26938175545696,3.4144034493326,1.01618270944046,1.57069038192429
53.2,3.310336816665,3.44274158211058,1.05474291622871,1.62745247745644
53.3,3.35214968353552,3.47306906909562,1.0948534508159,1.68573653931265
53.4,3.39466425092208,3.50517044097897,1.13626517777563,1.74535340989192
53.5,3.4377313853861,3.53883783425128,1.17874014373306,1.80612075240212
53.6,3.48120884005708,3.57387103474886,1.22205153675394,1.86786298943101
53.7,3.52496116033906,3.61007750500153,1.26598362440949,1.9304112336235
53.8,3.56885958112634,3.64727239596608,1.31033167151534,1.9936032110596
53.9,3.61278191617852,3.68527854374054,1.35490183855055,2.05728317790957
54,3.65661244029072,3.72392645186408,1.39951106176727,2.12130183092351
54.1,3.70024176487944,3.76305425981498,1.44398691600415,2.1855162122933
54.2,3.74356670758882,3.80250769832521,1.48816746121605,2.24978960940536
54.3,3.78649015650483,3.84214003213407,1.53190107372932,2.31399144998197
54.4,3.82892092954785,3.88181199080613,1.57504626322716,2.37799719308942
54.5,3.87077362959558,3.92139168823951,1.61747147646127,2.44168821646996
54.6,3.91196849586997,3.96075453149016,1.6590548886767,2.50495170063503
54.7,3.95243125210267,3.99978311953549,1.69968418372458,2.56768051013593
54.8,3.99209295197398,4.03836713259753,1.73925632382361,2.62977307240832
54.9,4.03088982230094,4.07640321264081,1.77767730991595,2.69113325456663
55,4.06876310443,4.11379483565448,1.81486193354509,2.75167023850438
55.1,4.10565889427001,4.1504521763205,1.85073352116518,2.81129839463693
55.2,4.14152798138095,4.18629196566195,1.88522367177023,2.86993715460359
55.3,4.17632568751391,4.2212373422556,1.91827198871016,2.92751088322726
55.4,4.21001170497771,4.25521769758301,1.94982580653775,2.98394875001089
55.5,4.24254993518777,4.28816851608281,1.97983991370631,3.03918460043232
55.6,4.27390832773289,4.32003121045489,2.00827627191285,3.09315682728102
55.7,4.30405872027618,4.35075295275414,2.03510373285544,3.14580824226333
55.8,4.33297667958706,4.3802865017982,2.06029775314679,3.19708594808598
55.9,4.36064134398217,4.40859002739869,2.0838401080985,3.24694121121195
56,4.38703526743454,4.43562693191144,2.10571860506235,3.29532933546697
56.1,4.41214426559167,4.46136566958506,2.12592679698641,3.3422095366601
56.2,4.43595726392572,4.48577956417206,2.1444636968149,3.38754481836759
56.3,4.45846614822127,4.50884662524996,2.16133349333143,3.43130184901583
56.4,4.47966561758892,4.53054936368366,2.17654526901563,3.47345084038537
56.5,4.49955304017687,4.55087460664339,2.19011272045387,3.51396542764661
56.6,4.51812831173599,4.56981331257522,2.2020538818148,3.55282255102487
56.7,4.535393717179,4.5873603865045,2.2123908518713,3.59000233918233
56.8,4.55135379525862,4.60351449603445,2.22114952502039,3.62548799439293
56.9,4.5660152064756,4.61827788838532,2.22835932672383,3.65926567957673
57,4.57938660431343,4.63165620880164,2.23405295376291,3.69132440725113
57.1,4.59147850988306,4.64365832063785,2.238266119672,3.72165593044669
57.2,4.60230319004823,4.65429612741515,2.24103730568761,3.75025463562815
57.3,4.61187453908972,4.66358439712494,2.24240751752112,3.77711743765263
57.4,4.62020796395509,4.67154058903723,2.24242004823655,3.80224367679061
57.5,4.62732027312962,4.67818468325553,2.24112024748742,3.8256350178283
57.6,4.63322956915307,4.68353901324238,2.23855529734044,3.847295351264
57.7,4.63795514479747,4.68762810152386,2.23477399488854,3.86723069660575
57.8,4.64151738291131,4.69047849876451,2.22982654183006,3.88544910777215
57.9,4.64393765992677,4.69211862638862,2.22376434116713,3.90196058059385
58,4.64523825301826,4.69257862290759,2.21663980115233,3.91677696240886
58.1,4.64544225089273,4.69189019409853,2.20850614659017,3.92991186374138
58.2,4.6445734681847,4.69008646716337,2.19941723757726,3.94138057204995
58.3,4.64265636342274,4.68720184898412,2.18942739574489,3.95119996752845
58.4,4.63971596052704,4.68327188857505,2.17859123804576,3.95938844094009
58.5,4.63577777379266,4.67833314381925,2.16696351810842,3.96596581346309
58.6,4.63086773630719,4.67242305256343,2.15459897516327,3.97095325852391
58.7,4.62501213174703,4.66557980813235,2.14155219052647,3.9743732255931
58.8,4.61823752949179,4.65784223931131,2.12787745161079,3.9762493659166
58.9,4.61057072299257,4.64924969483385,2.11362862341655,3.97660646015508
59,4.60203867132613,4.63984193239979,2.09885902744012,3.97547034790218
59.1,4.59266844386381,4.62965901223811,2.08362132792326,3.97286785905251
59.2,4.58248716798121,4.61874119521852,2.06796742535269,3.96882674698938
59.3,4.57152197973244,4.60712884550567,2.05194835710694,3.96337562356218
59.4,4.55979997741025,4.59486233774024,2.03561420513502,3.95654389582318
59.5,4.54734817791188,4.58198196872235,2.01901401054106,3.94836170449333
59.6,4.53419347582918,4.5685278735641,2.00219569493829,3.93885986412733
59.7,4.52036260517973,4.55453994626972,1.98520598842657,3.92806980494785
59.8,4.50588210369587,4.54005776469478,1.96809036403896,3.91602351631978
59.9,4.49077827958685,4.52512051982825,1.95089297849513,3.90275349183548
60,4.47507718068986,4.50976694933484,1.93365661909191,3.88829267598269
60.1,4.45880456592519,4.4940352752888,1.9164226565556,3.87267441236746
60.2,4.44198587897078,4.47796314602478,1.89923100367452,3.85593239346497
60.3,4.42464622407222,4.46158758202563,1.88212007952546,3.83810061187197
60.4,4.4068103439042,4.44494492576293,1.86512677910386,3.81921331303517
60.5,4.38850259940064,4.42807079540065,1.84828644816345,3.79930494943075
60.6,4.36974695147122,4.41100004226943,1.83163286306875,3.77841013617109
60.7,4.35056694452327,4.39376671201437,1.81519821546093,3.75656360801521
60.8,4.330985691709,4.37640400931677,1.79901310153642,3.73380017776057
60.9,4.3110258618195,4.35894426608707,1.78310651573621,3.71015469599442
61,4.29070966774807,4.34141891302382,1.76750584864319,3.68566201218376
61.1,4.2700588564473,4.32385845443167,1.75223688888498,3.66035693708355
61.2,4.24909470030556,4.30629244618935,1.73732382884006,3.63427420644371
61.3,4.22783798987046,4.28874947675737,1.72278927394585,3.60744844599582
61.4,4.20630902784855,4.27125715111399,1.70865425540884,3.57991413770143
61.5,4.18452762431223,4.25384207750747,1.69493824611858,3.55170558724418
61.6,4.16251309304677,4.23652985691169,1.68165917956956,3.5228568927485
61.7,4.1402842489723,4.21934507507248,1.66883347159739,3.49340191470845
61.8,4.11785940657745,4.2023112970319,1.65647604473879,3.4633742471103
61.9,4.09525637930336,4.18545106401769,1.64460035502791,3.43280718973323
62,4.07249247981867,4.16878589258647,1.63321842104505,3.40173372161268
62.1,4.04958452112824,4.15233627590897,1.62234085503767,3.3701864756512
62.2,4.0265488184602,4.13612168708766,1.61197689593747,3.33819771436215
62.3,4.00340119187805,4.12016058439742,1.60213444410173,3.30579930673155
62.4,3.98015696956637,4.10447041834193,1.59282009761148,3.27302270618359
62.5,3.95683099174092,4.08906764041948,1.58403918996344,3.23989892963574
62.6,3.93343761513564,4.07396771349415,1.57579582899809,3.20645853762907
62.7,3.90999071802105,4.05918512366967,1.56809293691042,3.17273161551976
62.8,3.88650370571079,4.04473339356551,1.56093229119569,3.13874775571764
62.9,3.8629895165143,4.03062509689689,1.55431456638701,3.10453604095754
63,3.83946062809622,4.01687187426253,1.54823937644743,3.07012502858936
63.1,3.81592906420443,4.00348445004632,1.54270531768405,3.03554273587232
63.2,3.79240640173055,3.99047265034156,1.53771001205754,3.00081662625917
63.3,3.7689037780687,3.97784542180883,1.53325015076525,2.96597359665551
63.4,3.7454318987397,3.96561085138125,1.52932153798215,2.93103996563952
63.5,3.7220010452498,3.95377618673332,1.52591913464891,2.89604146262697
63.6,3.69862108315458,3.94234785743263,1.52303710220194,2.86100321796644
63.7,3.67530147030026,3.93133149669572,1.52066884614559,2.8259497539489
63.8,3.65205126521618,3.9207319636731,1.51880705937234,2.7909049767161
63.9,3.62887913563364,3.9105533661903,1.51744376514176,2.75589216905156
64,3.60579336710791,3.90079908387526,1.51657035963452,2.72093398403785
64.1,3.58280187172143,3.89147179160494,1.51617765400304,2.68605243956335
64.2,3.55991219684761,3.88257348320666,1.51625591584524,2.65126891366152
64.3,3.53713153395604,3.87410549535307,1.51679491003315,2.61660414066546
64.4,3.51446672744102,3.86606853159167,1.51778393883291,2.58207820815989
64.5,3.49192428345656,3.8584626864533,1.51921188125779,2.5477105547129
64.6,3.46951037874229,3.85128746958629,1.52106723160029,2.51351996836878
64.7,3.4472308694256,3.84454182986596,1.52333813709442,2.47952458588383
64.8,3.42509129978648,3.83822417943175,1.52601243466327,2.44574189268583
64.9,3.40309691097265,3.83233241760694,1.529077686712,2.41218872353826
65,3.38125264965336,3.8268639546586,1.53252121593008,2.37888126388979
65.1,3.35956317660126,3.82181573535791,1.5363301390711,2.34583505188929
65.2,3.33803287519258,3.81718426230349,1.54049139968236,2.31306498104632
65.3,3.31666585981672,3.81296561897311,1.54499179976022,2.28058530351711
65.4,3.29546598418702,3.80915549247107,1.54981803031116,2.24840963399541
65.5,3.27443684954565,3.8057491959416,1.55495670080182,2.21655095418779
65.6,3.25358181275543,3.80274169062014,1.56039436748474,2.1850216178525
65.7,3.23290399427313,3.80012760749729,1.56611756059024,2.153833356381
65.8,3.21240628599859,3.79790126857203,1.57211281037718,2.12299728490112
65.9,3.19209135899485,3.79605670767294,1.57836667203928,2.09252390888069
66,3.17196167107541,3.79458769082828,1.58486574946588,2.06242313121034
66.1,3.15201947425464,3.79348773616781,1.59159671785893,2.03270425974427
66.2,3.13226682205834,3.79275013334096,1.59854634521066,2.00337601527754
66.3,3.11270557669177,3.79236796243791,1.60570151264859,1.9744465399387
66.4,3.09333741606285,3.792334112402,1.61304923365716,1.94592340597619
66.5,3.07416384065864,3.79264129892326,1.62057667218677,1.91781362491752
66.6,3.05518618027389,3.79328208180496,1.62827115966403,1.89012365707977
66.7,3.03640560059016,3.7942488817961,1.63612021091755,1.86285942141049
66.8,3.01782310960516,3.79553399688466,1.64411153903676,1.83602630563782
66.9,2.9994395639116,3.79712961804773,1.65223306918175,1.80962917670917
67,2.98125567482546,3.79902784445569,1.66047295136406,1.78367239149767
67.1,2.96327201436375,3.80122069812942,1.66881957221984,1.75815980775584
67.2,2.94548902107223,3.80370013805041,1.67726156579763,1.73309479529641
67.3,2.92790700570344,3.80645807372447,1.68578782338444,1.70848024738007
67.4,2.91052615674604,3.80948637820175,1.69438750239479,1.68431859229055
67.5,2.89334654580626,3.81277690055559,1.70305003434801,1.66061180507736
67.6,2.87636813284275,3.81632147782484,1.71176513196027,1.63736141944724
67.7,2.85959077125599,3.82011194642409,1.72052279537804,1.61456853978532
67.8,2.84301421283382,3.82414015302806,1.72931331758083,1.59223385328754
67.9,2.8266381125546,3.82839796493645,1.7381272889809,1.57035764218623
68,2.81046203324976,3.83287727992656,1.74695560124866,1.54893979605107
68.1,2.79448545012746,3.83757003560161,1.75578945039216,1.52797982414805
68.2,2.7787077551593,3.84246821824346,1.76462033912005,1.50747686783956
68.3,2.76312826133216,3.84756387117845,1.77344007851664,1.48742971300908
68.4,2.74774620676698,3.8528491026663,1.78224078905869,1.46783680249436
68.5,2.73256075870686,3.8583160933218,1.7910149010027,1.44869624851353
68.6,2.71757101737656,3.86395710307998,1.79975515417223,1.430005845069
68.7,2.70277601971556,3.86976447771522,1.80845459717377,1.41176308031442
68.8,2.68817474298705,3.87573065492574,1.8171065860704,1.3939651488706
68.9,2.67376610826512,3.88184816999455,1.82570478254141,1.37660896407661
69,2.65954898380248,3.88810966103854,1.83424315155636,1.359691170163
69.1,2.64552218828108,3.89450787385765,1.84271595859139,1.34320815433429
69.2,2.63168449394796,3.90103566639572,1.85111776641524,1.32715605874868
69.3,2.61803462963884,3.90768601282547,1.85944343147203,1.31153079238335
69.4,2.60457128369164,3.91445200726942,1.86768809988744,1.29632804277405
69.5,2.59129310675253,3.92132686716918,1.87584720312426,1.28154328761851
69.6,2.57819871447682,3.92830393631527,1.88391645331301,1.26717180623362
69.7,2.5652866901271,3.93537668754961,1.89189183828214,1.25320869085653
69.8,2.55255558707095,3.94253872515307,1.89976961631272,1.23964885778103
69.9,2.54000393118079,3.9497837869301,1.90754631064086,1.22648705832024
70,2.5276302231379,3.95710574600241,1.91521870373098,1.21371788958789
70.1,2.51543294064347,3.96449861232406,1.92278383134268,1.20133580509061
70.2,2.50341054053843,3.97195653392934,1.93023897641235,1.18933512512416
70.3,2.4915614608349,3.97947379792555,1.93758166277096,1.17771004696711
70.4,2.47988412266112,3.987044831242,1.94480964871814,1.16645465486608
70.5,2.46837693212254,3.99466420114682,1.95192092047215,1.15556292980689
70.6,2.45703828208096,4.00232661554264,1.95891368551463,1.14502875906666
70.7,2.44586655385425,4.01002692305235,1.96578636584824,1.1348459455423
70.8,2.43486011883855,4.01776011290545,1.97253759118445,1.12500821685122
70.9,2.42401734005544,4.02552131463598,1.97916619207855,1.11550923420081
71,2.41333657362601,4.03330579760214,1.98567119302733,1.10634260102333
71.1,2.40281617017398,4.04110897033765,1.9920518055449,1.09750187137343
71.2,2.39245447616001,4.04892637974503,1.9983074212311,1.08898055808626
71.3,2.38224983514929,4.05675371014015,2.00443760484636,1.0807721406939
71.4,2.37220058901429,4.06458678215762,2.01044208740584,1.07287007309888
71.5,2.36230507907484,4.07242155152587,2.01632075930534,1.06526779100355
71.6,2.35256164717741,4.08025410772111,2.02207366349082,1.0579587190946
71.7,2.34296863671554,4.0880806725085,2.02770098868212,1.05093627798245
71.8,2.33352439359332,4.09589759837876,2.03320306266152,1.04419389089529
71.9,2.32422726713383,4.10370136688854,2.0385803456367,1.0377249901285
72,2.31507561093436,4.1114885869121,2.04383342368709,1.03152302324966
72.1,2.30606778367011,4.11925599281162,2.04896300230191,1.02558145906049
72.2,2.29720214984841,4.12700044253387,2.05396990001791,1.01989379331691
72.3,2.28847708051488,4.13471891563951,2.05885504216368,1.0144535542088
72.4,2.27989095391349,4.14240851127221,2.06361945471737,1.00925430760124
72.5,2.27144215610204,4.15006644607372,2.06826425828364,1.00428966203964
72.6,2.26312908152489,4.15769005205107,2.07279066219541,0.999553273520837
72.7,2.25495013354422,4.16527677440171,2.07719995874534,0.995038850032918
72.8,2.24690372493182,4.17282416930243,2.08149351755141,0.990740155866756
72.9,2.23898827832263,4.18032990166705,2.08567278006057,0.986651015702092
73,2.23120222663173,4.18779174287825,2.08973925419379,0.982765318471597
73.1,2.22354401343611,4.19520756849835,2.09369450913573,0.979077021006325
73.2,2.21601209332287,4.20257535596346,2.09754017027117,0.975580151466186
73.3,2.20860493220507,4.2098931822657,2.10127791427078,0.972268812559279
73.4,2.20132100760674,4.21715922162734,2.10490946432749,0.969137184553987
73.5,2.19415880891838,4.22437174317086,2.10843658554501,0.96617952808793
73.6,2.18711683762423,4.23152910858881,2.1118610804795,0.963390186778091
73.7,2.18019360750271,4.23862976981661,2.11518478483465,0.960763589636288
73.8,2.1733876448011,4.24567226671185,2.11840956331084,0.958294253294567
73.9,2.16669748838594,4.25265522474305,2.12153730560791,0.955976784045011
74,2.16012168987014,4.25957735269073,2.12456992258142,0.953805879698558
74.1,2.15365881371806,4.26643744036354,2.12750934255177,0.951776331267571
74.2,2.14730743732968,4.27323435633183,2.13035750776482,0.949883024476835
74.3,2.14106615110503,4.27996704568118,2.13311637100355,0.948120941107919
74.4,2.13493355848984,4.28663452778785,2.13578789234865,0.946485160181605
74.5,2.1289082760035,4.29323589411812,2.13837403608681,0.944970858983381
74.6,2.12298893325049,4.29977030605361,2.14087676776463,0.943573313936849
74.7,2.117174172916,4.30623699274392,2.14329805138645,0.942287901330043
74.8,2.11146265074695,4.31263524898824,2.14563984675343,0.941110097899477
74.9,2.10585303551922,4.31896443314753,2.14790410694186,0.940035481277012
75,2.10034400899197,4.32522396508795,2.15009277591799,0.939059730304313
75.1,2.09493426585001,4.33141332415742,2.15220778628686,0.938178625219973
75.2,2.08962251363507,4.33753204719564,2.15425105717228,0.937388047724061
75.3,2.08440747266658,4.34357972657877,2.15622449222492,0.93668398092503
75.4,2.07928787595315,4.34955600829949,2.15812997775587,0.936062509173822
75.5,2.07426246909509,4.35546059008313,2.15996938099223,0.935519817789943
75.6,2.06933001017896,4.3612932195402,2.1617445484518,0.935052192684226
75.7,2.06448926966485,4.36705369235617,2.16345730443358,0.934656019883044
75.8,2.059739030267,4.37274185051856,2.16510944962085,0.934327784958592
75.9,2.05507808682838,4.37835758058158,2.16670275979338,0.934064072369716
76,2.05050524619007,4.38390081196893,2.16823898464563,0.933861564717997
76.1,2.04601932705575,4.38937151531435,2.16971984670735,0.933717041923319
76.2,2.04161915985222,4.39476970084041,2.17114704036336,0.933627380323468
76.3,2.03730358658624,4.4000954167753,2.17252223096889,0.933589551701944
76.4,2.0330714606983,4.40534874780752,2.17384705405731,0.933600622248213
76.5,2.02892164691402,4.41052981357858,2.17512311463665,0.933657751454599
76.6,2.0248530210933,4.41563876721315,2.1763519865716,0.933758190953749
76.7,2.02086447007816,4.42067579388681,2.17753521204754,0.93389928330073
76.8,2.01695489153921,4.42564110943079,2.17867430111332,0.93407846070353
76.9,2.01312319382162,4.43053495897362,2.17977073129949,0.934293243705821
77,2.00936829579077,4.43535761561907,2.1808259473084,0.934541239825578
77.1,2.00568912667793,4.44010937916026,2.18184136077345,0.934820142153217
77.2,2.00208462592645,4.44479057482919,2.18281835008355,0.935127727912633
77.3,1.99855374303883,4.44940155208157,2.18375826027042,0.935461856988654
77.4,1.99509543742481,4.45394268341603,2.18466240295487,0.935820470424068
77.5,1.99170867825099,4.45841436322763,2.18553205634958,0.936201588889498
77.6,1.98839244429214,4.46281700669478,2.18636846531499,0.93660331112919
77.7,1.98514572378453,4.46715104869918,2.18717284146554,0.937023812385661
77.8,1.9819675142815,4.47141694277816,2.18794636332332,0.93746134280617
77.9,1.97885682251157,4.47561516010879,2.18869017651635,0.937914225833713
78,1.9758126642392,4.47974618852326,2.1894053940187,0.938380856585307
78.1,1.97283406412846,4.48381053155465,2.19009309642969,0.938859700220064
78.2,1.96992005560991,4.48780870751292,2.19075433228987,0.939349290299655
78.3,1.9670696807506,4.49174124858991,2.19139011843079,0.939848227143411
78.4,1.96428199012761,4.4956086999932,2.19200144035649,0.940355176180499
78.5,1.96155604270516,4.49941161910793,2.1925892526541,0.940868866301244
78.6,1.95889090571536,4.50315057468595,2.19315447943129,0.941388088209773
78.7,1.95628565454287,4.50682614606177,2.19369801477836,0.941911692779958
78.8,1.95373937261342,4.5104389223945,2.19422072325281,0.94243858941656
78.9,1.95125115128641,4.51398950193531,2.19472344038418,0.942967744423422
79,1.94882008975154,4.51747849131957,2.19520697319732,0.943498179380376
79.1,1.94644529492968,4.52090650488323,2.1956721007521,0.944028969530616
79.2,1.94412588137793,4.52427416400267,2.19611957469755,0.94455924217995
79.3,1.94186097119896,4.5275820964574,2.1965501198389,0.945088175109517
79.4,1.93964969395466,4.53083093581505,2.19696443471555,0.945614995003259
79.5,1.93749118658414,4.53402132083807,2.19736319218857,0.946138975891527
79.6,1.93538459332608,4.53715389491126,2.19774704003593,0.946659437611962
79.7,1.9333290656454,4.54022930548998,2.19811660155409,0.947175744288851
79.8,1.93132376216443,4.54324820356804,2.19847247616465,0.947687302831997
79.9,1.92936784859827,4.54621124316489,2.1988152400243,0.948193561456093
80,1.92746049769461,4.54911908083151,2.19914544663733,0.948694008221503
80.1,1.92560088917784,4.55197237517445,2.19946362746898,0.949188169597322
80.2,1.92378820969745,4.55477178639739,2.19977029255876,0.949675609047464
80.3,1.92202165278069,4.55751797585975,2.20006593113263,0.950155925640498
80.4,1.92030041878944,4.56021160565186,2.2003510122128,0.950628752683877
80.5,1.91862371488127,4.56285333818607,2.20062598522457,0.951093756383141
80.6,1.91699075497459,4.56544383580336,2.20089128059883,0.951550634526597
80.7,1.91540075971789,4.56798376039488,2.20114731036979,0.951999115195963
80.8,1.91385295646291,4.57047377303809,2.20139446876681,0.952438955503341
80.9,1.91234657924187,4.57291453364689,2.20163313279997,0.952869940354945
81,1.91088086874837,4.57530670063524,2.2018636628382,0.953291881241753
81.1,1.90945507232226,4.57765093059405,2.20208640317987,0.953704615057476
81.2,1.90806844393806,4.57994787798065,2.20230168261477,0.95410800294391
81.3,1.90672024419711,4.58219819482052,2.20250981497742,0.954501929163923
81.4,1.90540974032321,4.58440253042088,2.20271109969071,0.954886300002089
81.5,1.90413620616169,4.58656153109578,2.20290582229993,0.955261042693128
81.6,1.90289892218186,4.58867583990209,2.20309425499639,0.955626104378081
81.7,1.90169717548276,4.59074609638634,2.20327665713054,0.95598145108826
81.8,1.90053025980202,4.59277293634169,2.20345327571412,0.956327066756896
81.9,1.89939747552782,4.59475699157492,2.20362434591109,0.95666295225839
82,1.89829812971385,4.59669888968305,2.20379009151725,0.956989124475057
82.1,1.8972315360971,4.59859925383902,2.20395072542795,0.957305615391167
82.2,1.8961970151185,4.6004587025866,2.20410645009433,0.95761247121416
82.3,1.8951938939462,4.6022778496436,2.20425745796729,0.957909751522747
82.4,1.89422150650136,4.6040573037135,2.20440393192957,0.958197528441679
82.5,1.89327919348657,4.60579766830516,2.20454604571558,0.958475885842959
82.6,1.89236630241649,4.60749954156004,2.20468396431911,0.958744918573104
82.7,1.89148218765086,4.60916351608706,2.20481784438875,0.959004731706252
82.8,1.89062621042964,4.6107901788044,2.20494783461108,0.959255439822681
82.9,1.88979773891022,4.61238011078841,2.20507407608166,0.959497166312453
83,1.88899614820656,4.61393388712893,2.20519670266385,0.959730042703752
83.1,1.88822082043029,4.61545207679121,2.20531584133555,0.959954208015578
83.2,1.88747114473345,4.61693524248381,2.20543161252384,0.960169808134332
83.3,1.88674651735299,4.61838394053256,2.20554413042781,0.960376995213928
83.4,1.88604634165676,4.61979872076009,2.20565350332948,0.960575927098941
83.5,1.88537002819099,4.62118012637101,2.20575983389314,0.960766766770393
83.6,1.88471699472918,4.62252869384213,2.20586321945315,0.960949681813684
83.7,1.88408666632215,4.62384495281802,2.20596375229034,0.961124843908223
83.8,1.88347847534936,4.62512942601124,2.20606151989735,0.961292428338272
83.9,1.8828918615713,4.62638262910737,2.20615660523283,0.961452613524528
84,1.88232627218275,4.62760507067451,2.20624908696498,0.961605580575948
84.1,1.88178116186712,4.62879725207715,2.20633903970445,0.961751512861329
84.2,1.88125599285144,4.62995966739414,2.20642653422691,0.961890595600135
84.3,1.88075023496211,4.63109280334073,2.20651163768541,0.962023015472082
84.4,1.88026336568129,4.63219713919441,2.20659441381295,0.962148960244971
84.5,1.87979487020385,4.63327314672443,2.20667492311525,0.962268618420242
84.6,1.87934424149472,4.63432129012492,2.20675322305421,0.962382178895792
84.7,1.87891098034662,4.63534202595131,2.2068293682221,0.962489830645485
84.8,1.87849459543817,4.6363358030601,2.20690341050692,0.962591762414901
84.9,1.8780946033921,4.63730306255172,2.20697539924896,0.962688162432782
85,1.87771052883366,4.6382442377163,2.20704538138913,0.962779218137694
85.1,1.87734190444909,4.63915975398254,2.2071134016089,0.962865115919381
85.2,1.87698827104406,4.64005002886902,2.20717950246261,0.962946040874335
85.3,1.87664917760202,4.64091547193839,2.20724372450196,0.963022176575067
85.4,1.87632418134242,4.64175648475396,2.20730610639316,0.963093704852599
85.5,1.87601284777871,4.64257346083877,2.20736668502708,0.963160805591685
85.6,1.87571475077602,4.64336678563685,2.20742549562247,0.963223656538282
85.7,1.87542947260849,4.64413683647683,2.20748257182255,0.963282433118795
85.8,1.87515660401623,4.64488398253752,2.20753794578546,0.963337308270622
85.9,1.87489574426174,4.64560858481561,2.20759164826841,0.963388452283539
86,1.87464650118585,4.64631099609523,2.20764370870618,0.963436032651475
86.1,1.87440849126301,4.6469915609193,2.20769415528401,0.963480213934208
86.2,1.87418133965596,4.64765061556275,2.20774301500518,0.963521157628559
86.3,1.87396468026972,4.64828848800726,2.20779031375349,0.963559022048648
86.4,1.87375815580477,4.64890549791765,2.20783607635097,0.963593962214764
86.5,1.87356141780945,4.64950195661979,2.20788032661098,0.963626129750473
86.6,1.87337412673153,4.65007816707988,2.20792308738691,0.963655672787502
86.7,1.87319595196882,4.65063442388515,2.20796438061683,0.963682735878057
86.8,1.87302657191888,4.65117101322582,2.20800422736421,0.963707459914127
86.9,1.87286567402772,4.65168821287824,2.20804264785493,0.963729982053447
87,1.87271295483747,4.65218629218925,2.20807966151085,0.963750435651696
87.1,1.87256812003296,4.65266551206165,2.20811528698012,0.963768950200615
87.2,1.87243088448721,4.65312612494058,2.20814954216444,0.963785651271662
87.3,1.87230097230575,4.65356837480104,2.20818244424342,0.96380066046487
87.4,1.87217811686978,4.65399249713623,2.2082140096964,0.963814095362586
87.5,1.87206206087807,4.65439871894676,2.20824425432161,0.963826069487756
87.6,1.87195255638764,4.65478725873076,2.2082731932532,0.963836692266455
87.7,1.87184936485312,4.65515832647465,2.20830084097605,0.963846068994354
87.8,1.87175225716484,4.65551212364474,2.2083272113387,0.963854300806849
87.9,1.87166101368554,4.6558488431794,2.20835231756442,0.963861484652548
88,1.87157542428571,4.65616866948199,2.20837617226069,0.963867713269879
88.1,1.87149528837756,4.65647177841427,2.20839878742721,0.963873075166537
88.2,1.87142041494756,4.65675833729045,2.20842017446253,0.963877654601544
88.3,1.87135062258748,4.65702850487172,2.20844034416953,0.963881531569666
88.4,1.87128573952407,4.65728243136127,2.20845930675979,0.963884781787988
88.5,1.87122560364715,4.65752025839978,2.20847707185702,0.963887476684414
88.6,1.87117006253626,4.65774211906133,2.20849364849968,0.963889683387908
88.7,1.87111897348573,4.65794813784964,2.20850904514288,0.96389146472027
88.8,1.87107220352829,4.65813843069481,2.20852326965965,0.963892879189285
88.9,1.87102962945701,4.65831310495028,2.20853632934171,0.963893980983065
89,1.87099113784581,4.65847225939014,2.20854823089983,0.96389481996544
89.1,1.87095662506821,4.65861598420675,2.20855898046382,0.963895441672242
89.2,1.87092599731464,4.65874436100864,2.20856858358226,0.963895887308358
89.3,1.87089917060807,4.65885746281865,2.20857704522209,0.963896193745438
89.4,1.87087607081801,4.65895535407228,2.20858436976802,0.96389639352012
89.5,1.8708566336729,4.65903809061634,2.20859056102188,0.96389651483271
89.6,1.8708408047709,4.65910571970777,2.20859562220197,0.963896581546214
89.7,1.87082853958894,4.6591582800126,2.20859955594248,0.963896613185629
89.8,1.87081980349022,4.65919580160526,2.2086023642928,0.96389662493747
89.9,1.87081457173005,4.65921830596788,2.2086040487172,0.963896627649443
90,1.87081282945991,4.65922580598991,2.20860461009436,0.963896627830239
