Azimuth_deg,MSE,FinalMaxMin,MaxMin,RadarOnly
-90,1.22591573433424,2.73330346387492,2.24265520337633,0.963896426554691
-89.9,1.225919469085,2.73330680641477,2.24265525795637,0.963896426373892
-89.8,1.22593067556997,2.7333168401734,2.24265541763524,0.963896423661919
-89.7,1.22594936048569,2.73333358356649,2.24265567022917,0.963896411910074
-89.6,1.22597553498814,2.7333570672819,2.24265599543195,0.963896380270648
-89.5,1.22600921468534,2.73338733427224,2.242656364815,0.963896313557122
-89.4,1.22605041962701,2.73342443974438,2.2426567418275,0.96389619224449
-89.3,1.22609917429137,2.73346845114589,2.24265708179652,0.963895992469741
-89.2,1.22615550756894,2.73351944814847,2.24265733192712,0.963895686032559
-89.1,1.22621945274361,2.73357752262804,2.24265743130253,0.963895240396292
-89,1.22629104747072,2.73364277864166,2.24265731088422,0.963894618689281
-88.9,1.22637033375255,2.7337153324011,2.24265689351193,0.963893779706624
-88.8,1.22645735791088,2.73379531224288,2.24265609390371,0.963892677912473
-88.7,1.22655217055696,2.7338828585948,2.24265481865576,0.963891263442982
-88.6,1.22665482655887,2.73397812393873,2.24265296624224,0.963889482110021
-88.5,1.22676538500623,2.73408127276958,2.24265042701485,0.963887275405785
-88.4,1.22688390917248,2.73419248155025,2.24264708320231,0.963884580508452
-88.3,1.22701046647469,2.73431193866247,2.24264280890955,0.963881330289037
-88.2,1.22714512843108,2.73443984435323,2.2426374701167,0.963877453319611
-88.1,1.22728797061617,2.73457641067675,2.24263092467771,0.963872873883064
-88,1.22743907261394,2.73472186143174,2.24262302231874,0.963867511984602
-87.9,1.22759851796871,2.73487643209369,2.24261360463607,0.963861283365175
-87.8,1.22776639413423,2.73504036974205,2.24260250509363,0.963854099517059
-87.7,1.22794279242081,2.73521393298198,2.24258954901999,0.963845867701795
-87.6,1.22812780794073,2.73539739186052,2.24257455360492,0.963836490970741
-87.5,1.22832153955203,2.73559102777691,2.24255732789527,0.963825868188468
-87.4,1.22852408980083,2.73579513338667,2.24253767279022,0.963813894059269
-87.3,1.22873556486221,2.73601001249932,2.24251538103583,0.963800459157031
-87.2,1.22895607447997,2.73623597996942,2.24249023721889,0.963785449958771
-87.1,1.2291857319052,2.73647336158057,2.24246201775978,0.963768748882104
-87,1.22942465383402,2.73672249392204,2.24243049090462,0.96375023432695
-86.9,1.22967296034446,2.73698372425791,2.24239541671629,0.963729780721814
-86.8,1.22993077483281,2.73725741038816,2.24235654706453,0.96370725857491
-86.7,1.23019822394947,2.73754392050144,2.24231362561487,0.963682534530511
-86.6,1.23047543753456,2.73784363301929,2.24226638781638,0.963655471430839
-86.5,1.23076254855345,2.73815693643134,2.2422145608882,0.963625928383855
-86.4,1.2310596930324,2.73848422912108,2.24215786380467,0.963593760837305
-86.3,1.2313670099945,2.73882591918204,2.24209600727913,0.963558820659407
-86.2,1.23168464139607,2.73918242422372,2.24202869374614,0.96352095622655
-86.1,1.23201273206385,2.73955417116716,2.24195561734219,0.963480012518386
-86,1.23235142963304,2.73994159602949,2.24187646388469,0.963435831220744
-85.9,1.23270088448654,2.74034514369733,2.24179091084926,0.963388250836746
-85.8,1.23306124969548,2.74076526768837,2.24169862734522,0.963337106806557
-85.7,1.23343268096147,2.74120242990088,2.24159927408905,0.963282231636191
-85.6,1.23381533656054,2.7416571003508,2.24149250337602,0.963223455035812
-85.5,1.23420937728935,2.74212975689564,2.24137795904959,0.96316060406796
-85.4,1.23461496641352,2.74262088494527,2.24125527646871,0.96309350330617
-85.3,1.23503226961876,2.74313097715868,2.24112408247291,0.963021975004424
-85.2,1.23546145496472,2.74366053312661,2.24098399534491,0.962945839277901
-85.1,1.23590269284202,2.74421005903944,2.24083462477098,0.962864914295518
-85,1.23635615593268,2.74478006734,2.24067557179868,0.962779016484696
-84.9,1.23682201917425,2.74537107636076,2.24050642879207,0.962687960748879
-84.8,1.23730045972783,2.74598360994502,2.2403267793842,0.962591560698252
-84.7,1.2377916569505,2.74661819705167,2.24013619842694,0.962489628894183
-84.6,1.23829579237216,2.74727537134306,2.23993425193791,0.96238197710786
-84.5,1.23881304967737,2.74795567075549,2.2397204970446,0.962268416593636
-84.4,1.23934361469223,2.74865963705195,2.23949448192546,0.962148758377573
-84.3,1.2398876753769,2.74938781535672,2.23925574574801,0.962022813561706
-84.2,1.24044542182381,2.75014075367124,2.23900381860389,0.961890393644522
-84.1,1.24101704626205,2.75091900237096,2.23873822144067,0.961751310858147
-84,1.24160274306828,2.75172311368282,2.23845846599063,0.961605378522795
-83.9,1.24220270878428,2.75255364114266,2.23816405469615,0.961452411418927
-83.8,1.24281714214184,2.75341113903253,2.2378544806319,0.961292226177674
-83.7,1.24344624409496,2.75429616179724,2.23752922742375,0.961124641690005
-83.6,1.24409021785994,2.75520926343989,2.23718776916428,0.960949479535151
-83.5,1.24474926896362,2.75615099689598,2.23682957032495,0.960766564428775
-83.4,1.24542360530016,2.75712191338576,2.23645408566497,0.960575724691395
-83.3,1.2461134371967,2.75812256174452,2.23606076013679,0.960376792737537
-83.2,1.24681897748814,2.75915348773033,2.23564902878816,0.960169605586107
-83.1,1.24754044160168,2.76021523330922,2.23521831666097,0.959954005392457
-83,1.24827804765118,2.76130833591722,2.23476803868676,0.9597298400026
-82.9,1.24903201654184,2.76243332769919,2.23429759957894,0.959496963530065
-82.8,1.24980257208558,2.76359073472411,2.23380639372188,0.959255236955777
-82.7,1.25058994112747,2.76478107617667,2.23329380505681,0.959004528751487
-82.6,1.25139435368342,2.76600486352482,2.23275920696477,0.958744715527061
-82.5,1.25221604308978,2.76726259966342,2.2322019621465,0.958475682702149
-82.4,1.25305524616495,2.76855477803351,2.23162142249963,0.958197325202552
-82.3,1.25391220338348,2.7698818817173,2.23101692899312,0.957909548181684
-82.2,1.25478715906295,2.77124438250874,2.23038781153918,0.957612267767477
-82.1,1.25568036156411,2.77264273995972,2.22973338886281,0.957305411835117
-82,1.25659206350441,2.77407740040171,2.22905296836922,0.956988920805833
-81.9,1.25752252198549,2.77554879594308,2.22834584600917,0.956662748472124
-81.8,1.25847199883482,2.77705734344211,2.2276113061428,0.956326862849664
-81.7,1.25944076086188,2.77860344345564,2.22684862140172,0.955981247056082
-81.6,1.26042908012919,2.78018747916388,2.22605705255014,0.955625900216925
-81.5,1.26143723423848,2.78180981527123,2.22523584834495,0.955260838398909
-81.4,1.26246550663242,2.78347079688356,2.22438424539541,0.954886095570676
-81.3,1.26351418691203,2.78517074836227,2.22350146802247,0.954501724591142
-81.2,1.26458357117024,2.78690997215533,2.22258672811843,0.954107798225545
-81.1,1.26567396234178,2.78868874760596,2.22163922500713,0.953704410189268
-81,1.26678567056967,2.79050732973916,2.22065814530523,0.953291676219414
-80.9,1.2679190135886,2.79236594802685,2.21964266278504,0.952869735174152
-80.8,1.26907431712542,2.79426480513203,2.21859193823933,0.952438750159744
-80.7,1.27025191531702,2.79620407563279,2.21750511934886,0.95199890968519
-80.6,1.27145215114568,2.79818390472668,2.21638134055289,0.951550428844257
-80.5,1.27267537689228,2.80020440691655,2.21521972292372,0.951093550524826
-80.4,1.27392195460737,2.80226566467829,2.21401937404547,0.950628546645173
-80.3,1.27519225660032,2.8043677271118,2.21277938789807,0.950155719416984
-80.2,1.27648666594675,2.80651060857604,2.21149884474711,0.94967540263472
-80.1,1.27780557701431,2.80869428730913,2.21017681104036,0.949187962990932
-80,1.27914939600682,2.81091870403495,2.20881233931164,0.948693801417064
-79.9,1.28051854152706,2.81318376055713,2.20740446809308,0.948193354449222
-79.8,1.28191344515797,2.81548931834211,2.20595222183649,0.94768709561833
-79.7,1.28333455206258,2.81783519709241,2.20445461084492,0.947175536864058
-79.6,1.28478232160242,2.82022117331179,2.20291063121534,0.946659229971747
-79.5,1.28625722797452,2.82264697886382,2.20131926479341,0.946138768031641
-79.4,1.28775976086688,2.82511229952549,2.1996794791415,0.945614786919501
-79.3,1.28929042613238,2.82761677353779,2.19799022752115,0.945087966797746
-79.2,1.29084974648082,2.83015999015488,2.19625044889081,0.944559033636091
-79.1,1.29243826218927,2.83274148819422,2.19445906792063,0.944028760750668
-79,1.29405653183013,2.83536075458918,2.19261499502495,0.943497970360422
-78.9,1.29570513301699,2.83801722294682,2.19071712641439,0.942967535159636
-78.8,1.29738466316786,2.84071027211275,2.1887643441684,0.942438379905215
-78.7,1.29909574028555,2.84343922474562,2.18675551633003,0.941911483017436
-78.6,1.30083900375469,2.84620334590359,2.1846894970243,0.941387878192577
-78.5,1.30261511515524,2.84900184164542,2.18256512660151,0.940868656026003
-78.4,1.30442475909192,2.85183385764889,2.18038123180738,0.940354965643982
-78.3,1.30626864403901,2.85469847784927,2.17813662598135,0.939848016342535
-78.2,1.3081475032002,2.85759472310065,2.17583010928479,0.939349079231498
-78.1,1.31006209538272,2.86052154986338,2.17346046896092,0.938859488881871
-78,1.31201320588533,2.86347784892041,2.17102647962814,0.938380644974507
-77.9,1.31400164739923,2.86646244412589,2.16852690360841,0.937914013947928
-77.8,1.31602826092154,2.86947409118946,2.16596049129293,0.937461130643224
-77.7,1.3180939166802,2.8725114764993,2.16332598154657,0.937023599943595
-77.6,1.32019951506982,2.87557321598785,2.1606221021533,0.936603098406273
-77.5,1.32234598759727,2.87865785404347,2.15784757030449,0.936201375884243
-77.4,1.32453429783636,2.88176386247208,2.1550010931321,0.93582025713524
-77.3,1.32676544239044,2.88488963951226,2.15208136828886,0.935461643415284
-77.2,1.329040451862,2.88803350890809,2.14908708457747,0.935127514054032
-77.1,1.331360391828,2.89119371904342,2.14601692263105,0.934819928008991
-77,1.33372636381999,2.89436844214183,2.14286955564693,0.934541025395639
-76.9,1.33613950630758,2.89755577353656,2.13964365017605,0.934293028990403
-76.8,1.33860099568412,2.90075373101438,2.13633786696999,0.934078245703202
-76.7,1.34111204725315,2.90396025423822,2.13295086188826,0.933899068016413
-76.6,1.34367391621428,2.90717320425243,2.12948128686757,0.933757975386724
-76.5,1.34628789864696,2.91039036307585,2.12592779095597,0.933657535606529
-76.4,1.34895533249064,2.91360943338657,2.12228902141354,0.933600406121156
-76.3,1.35167759851974,2.91682803830367,2.11856362488245,0.933589335298366
-76.2,1.35445612131163,2.92004372127011,2.11475024862823,0.933627163646262
-76.1,1.35729237020611,2.92325394604198,2.11084754185497,0.933716824975815
-76,1.3601878602543,2.92645609678855,2.10685415709636,0.933861347503983
-75.9,1.3631441531554,2.9296474783082,2.10276875168505,0.93406385489345
-75.8,1.36616285817904,2.932825316365,2.09858998930259,0.934327567224822
-75.7,1.36924563307152,2.93598675815082,2.09431654161196,0.934655801897017
-75.6,1.37239418494368,2.93912887287807,2.08994708997522,0.935051974451713
-75.5,1.37561027113832,2.94224865250758,2.08548032725799,0.935519599317248
-75.4,1.37889570007504,2.94534301261716,2.08091495972338,0.936062290467799
-75.3,1.38225233207014,2.9484087934151,2.07624970901699,0.936683761993102
-75.2,1.38568208012924,2.95144276090387,2.07148331424505,0.937387828574233
-75.1,1.38918691071034,2.95444160819888,2.06661453414785,0.938178405860852
-75,1.3927688444548,2.9574019570069,2.06164214937007,0.93905951074512
-74.9,1.39642995688366,2.96032035926901,2.05656496482963,0.940035261527598
-74.8,1.40017237905682,2.96319329897281,2.05138181218724,0.94110987797034
-74.7,1.40399829819243,2.96601719413844,2.0460915524175,0.942287681232346
-74.6,1.40790995824364,2.96878839898269,2.04069307848342,0.943573093682431
-74.5,1.41190966043025,2.97150320626611,2.03518531811558,0.944970638584774
-74.4,1.41599976372214,2.97415784982679,2.02956723669699,0.946484939652052
-74.3,1.42018268527178,2.97674850730549,2.02383784025473,0.948120720461386
-74.2,1.42446090079296,2.97927130306552,2.01799617855904,0.949882803728022
-74.1,1.42883694488255,2.9817223113118,2.0120413483309,0.951776110431933
-74,1.43331341128253,2.98409755941212,2.00597249655809,0.953805658792317
-73.9,1.43789295307911,2.98639303142454,1.99978882392052,0.955976563085166
-73.8,1.44257828283577,2.9886046718336,1.99348958832434,0.958294032298911
-73.7,1.4473721726573,2.99072838949889,1.98707410854535,0.96076336862342
-73.6,1.45227745418137,2.992760061818,1.98054176798062,0.963389965767428
-73.5,1.45729701849474,2.99469553910688,1.97389201850822,0.966179307099715
-73.4,1.46243381597059,2.99653064919933,1.96712438445392,0.969136963609307
-73.3,1.46769085602386,2.99826120226759,1.96023846666362,0.972268591680072
-73.2,1.47307120678135,2.99988299586552,1.95323394668034,0.975579930675248
-73.1,1.47857799466308,3.00139182019534,1.94611059102352,0.979076800327327
-73,1.4842144038718,3.0027834635988,1.93886825556899,0.982765097929084
-72.9,1.48998367578716,3.00405371827319,1.93150689002697,0.986650795321499
-72.8,1.49588910826131,3.00519838621181,1.92402654251518,0.990739935674411
-72.7,1.50193405481247,3.00621328536878,1.91642736422432,0.995038630056051
-72.6,1.50812192371324,3.00709425604684,1.90870961417183,0.99955305378758
-72.5,1.51445617697024,3.007837167507,1.90087366404064,1.00428944257904
-72.4,1.52094032919176,3.00843792479789,1.89292000309802,1.00925408844325
-72.3,1.52757794634012,3.00889247580225,1.88484924319016,1.01445333538429
-72.2,1.53437264436547,3.00919681849781,1.87666212380718,1.01989357485768
-72.1,1.54132808771775,3.0093470084287,1.86835951721282,1.02558124099924
-72,1.5484479877335,3.00933916638324,1.85994243363298,1.03152280562002
-71.9,1.55573610089448,3.00916948627342,1.85141202649623,1.03772477296501
-71.8,1.56319622695485,3.00883424321049,1.84276959771955,1.0441936742334
-71.7,1.57083220693374,3.00832980177065,1.83401660303133,1.05093606185852
-71.6,1.57864792097033,3.00765262444406,1.82515465732404,1.0579585035459
-71.5,1.58664728603831,3.00679928025973,1.8161855400276,1.06526757606823
-71.4,1.59483425351679,3.00576645357803,1.80711120049435,1.07286985881598
-71.3,1.60321280661498,3.00455095304208,1.79793376338607,1.08077192710334
-71.2,1.61178695764758,3.00314972067825,1.78865553405285,1.08898034522882
-71.1,1.62056074515849,3.00155984113532,1.77927900389257,1.09750165929076
-71,1.62953823088997,2.99977855105126,1.76980685568017,1.1063423897579
-70.9,1.63872349659495,2.99780324853561,1.7602419688544,1.11550902379592
-70.8,1.64812064069003,2.99563150275444,1.75058742474951,1.12500800735097
-70.7,1.65773377474672,2.99326106360449,1.74084651175876,1.13484573699156
-70.6,1.66756701981905,2.99068987146209,1.73102273041613,1.1450285515111
-70.5,1.67762450260526,2.98791606699134,1.72111979838176,1.15556272329289
-70.4,1.68791035144162,2.98493800099531,1.71114165531591,1.16645444944075
-70.3,1.69842869212686,2.98175424429372,1.70109246762658,1.17770984267825
-70.2,1.70918364357527,2.97836359760867,1.6909766330739,1.18933492202023
-70.1,1.72017931329711,2.97476510143994,1.68079878521497,1.2013356032207
-70,1.73141979270501,2.97095804591016,1.67056379767172,1.21371768900169
-69.9,1.74290915224503,2.96694198055926,1.66027678820378,1.22648685906801
-69.8,1.7546514363516,2.96271672406698,1.64994312256802,1.23964865991356
-69.7,1.7666506582253,2.95828237388108,1.63956841814558,1.2532084944251
-69.6,1.77891079443282,2.95363931572796,1.62915854731668,1.26717161128995
-69.5,1.7914357793288,2.94878823298213,1.61871964056343,1.28154309421476
-69.4,1.80422949929911,2.94373011586937,1.60825808927949,1.29632785096272
-69.3,1.81729578682548,2.93846627047795,1.59778054826565,1.31153060221729
-69.2,1.83063841437179,2.93299832755178,1.58729393788975,1.32715587028098
-69.1,1.84426108809198,2.92732825103776,1.57680544588858,1.34320796761829
-69,1.85816744136059,2.92145834635973,1.5663225287894,1.35969098525219
-68.9,1.87236102812633,2.91539126839008,1.55585291292802,1.37660878102462
-68.8,1.88684531608986,2.90913002908951,1.54540459504014,1.39396496773111
-68.7,1.90162367970695,2.90267800478492,1.53498584240243,1.41176290114112
-68.6,1.91669939301849,2.8960389430545,1.52460519249904,1.43000566791552
-68.5,1.93207562230905,2.8892169691886,1.51427145218971,1.44869607343338
-68.4,1.9477554185961,2.88221659219467,1.50399369635488,1.46783662954087
-68.3,1.96374170995179,2.87504271031332,1.49378126599305,1.48742954223534
-68.2,1.98003729366014,2.867700616013,1.48364376574602,1.50747669929834
-68.1,1.99664482821211,2.86019600042965,1.47359106082689,1.52797965789174
-68,2.01356682514171,2.85253495721756,1.46363327332615,1.5489396321316
-67.9,2.03080564070638,2.84472398577768,1.45378077787122,1.570357480655
-67.8,2.04836346741526,2.83676999382889,1.44404419661466,1.59223369419534
-67.7,2.0662423254091,2.82868029928779,1.43443439352654,1.61456838318228
-67.6,2.0844440536962,2.82046263142273,1.42496246796703,1.63736126538272
-67.5,2.10297030124854,2.81212513124749,1.41563974751508,1.66061165359988
-67.4,2.12182251796304,2.80367635111998,1.40647778002972,1.68431844344771
-67.3,2.14100194549299,2.79512525351198,1.39748832492107,1.70848010121848
-67.2,2.16050960795495,2.78648120891579,1.38868334360858,1.73309465186158
-67.1,2.18034630251686,2.77775399285417,1.38007498914461,1.75815966709213
-67,2.20051258987342,2.7689537819602,1.37167559498235,1.78367225364816
-66.9,2.22100878461501,2.76009114909465,1.36349766286775,1.80962904171561
-66.8,2.24183494549686,2.75117705746875,1.35555384983636,1.83602617354051
-66.7,2.26299086561549,2.74222285374104,1.34785695429644,1.86285929224823
-66.6,2.28447606249991,2.7332402600581,1.34041990118144,1.89012353088975
-66.5,2.30628976812506,2.72424136500984,1.33325572615588,1.91781350173521
-66.4,2.32843091885592,2.71523861347103,1.3263775588599,1.94592328583527
-66.3,2.35089814533039,2.70624479530218,1.31979860517941,1.97444642287098
-66.2,2.37368976229015,2.69727303288439,1.31353212853041,2.00337590131285
-66.1,2.39680375836846,2.68833676746381,1.30759143014731,2.03270414891036
-66,2.42023778584466,2.67944974428367,1.30198982836737,2.06242302353282
-65.9,2.44398915037544,2.67062599648316,1.29674063690508,2.0925238043829
-65.8,2.46805480071315,2.66187982774455,1.29185714211217,2.12299718360407
-65.7,2.49243131842232,2.6532257936721,1.2873525792216,2.15383325830326
-65.6,2.51711490760539,2.64467868188836,1.28324010757563,2.18502152301013
-65.5,2.54210138464967,2.63625349083614,1.27953278484084,2.21655086259423
-65.4,2.56738616800766,2.6279654072766,1.27624354021544,2.2484095456614
-65.3,2.59296426802335,2.61982978247704,1.27338514663689,2.28058521845061
-65.2,2.61883027681786,2.61186210708432,1.27097019200049,2.31306489925241
-65.1,2.64497835824805,2.60407798468346,1.26901104940308,2.34583497337011
-65,2.67140223795216,2.59649310404343,1.26751984642815,2.37888118864442
-64.9,2.69809519349756,2.58912321005616,1.26650843349294,2.41218865156267
-64.8,2.72505004464561,2.58198407337776,1.26598835128049,2.4457418239728
-64.7,2.75225914374966,2.57509145878479,1.26597079728372,2.47952452042288
-64.6,2.77971436630264,2.56846109226227,1.26646659149171,2.51351990614605
-64.5,2.80740710165126,2.56210862684393,1.26748614125262,2.54771049571114
-64.4,2.83532824389465,2.55604960722929,1.26903940535073,2.58207815235837
-64.3,2.86346818298572,2.55029943320656,1.27113585733991,2.61660408803987
-64.2,2.89181679605421,2.54487332191458,1.27378444817913,2.65126886418399
-64.1,2.92036343897147,2.53978626898157,1.27699356822023,2.68605239320231
-64,2.94909693817697,2.5350530085832,1.28077100860225,2.72093394075801
-63.9,2.9780055827883,2.53068797246729,1.28512392211108,2.75589212881387
-63.8,3.00707711701619,2.52670524799712,1.29005878356749,2.79090493947769
-63.7,3.03629873290773,2.52311853527095,1.29558134981147,2.82594971966306
-63.6,3.0656570634411,2.51994110337966,1.30169661935489,2.86100318658255
-63.5,3.09513817599667,2.51718574587055,1.3084087917798,2.89604143409048
-63.4,3.12472756622954,2.51486473549014,1.31572122696414,2.93103993989194
-63.3,3.15441015237001,2.51298977828438,1.32363640422118,2.96597357363439
-63.2,3.18417026997934,2.51157196714036,1.33215588144462,3.00081660589804
-63.1,3.21399166718885,2.51062173485896,1.34128025435529,3.03554271810073
-63,3.24385750045175,2.51014880685387,1.35100911595109,3.07012501333286
-62.9,3.27375033083809,2.51016215357761,1.36134101626613,3.10453602813767
-62.8,3.30365212090413,2.51066994278146,1.37227342255047,3.13874774525195
-62.7,3.3335442321687,2.51167949172165,1.38380267998636,3.17273160732181
-62.6,3.36340742323017,2.51319721942978,1.39592397306215,3.20645853160847
-62.5,3.39322184855894,2.51522859917172,1.40863128772968,3.23989892569815
-62.4,3.42296705800146,2.51777811122431,1.42191737447583,3.2730227042308
-62.3,3.45262199703295,2.52084919610529,1.43577371244358,3.30579930666146
-62.2,3.48216500779751,2.52444420839758,1.45019047474291,3.33819771606887
-62.1,3.51157383097535,2.52856437131392,1.46515649509585,3.37018647902507
-62,3.54082560851826,2.53320973215449,1.48065923596514,3.40173372654036
-61.9,3.56989688729581,2.53837911881415,1.49668475831961,3.43280719609775
-61.8,3.59876362369616,2.54407009750225,1.51321769319394,3.46337425479114
-61.7,3.62740118922643,2.55027893184219,1.53024121520435,3.49340192358163
-61.6,3.65578437715966,2.55700054352366,1.54773701818554,3.52285690268668
-61.5,3.68388741027583,2.56422847468409,1.56568529311768,3.55170559811674
-61.4,3.71168394974673,2.57195485220133,1.58406470851578,3.57991414937461
-61.3,3.73914710521527,2.58017035408322,1.60285239345668,3.60744845833279
-61.2,3.76624944612156,2.58886417814371,1.62202392342175,3.63427421930474
-61.1,3.79296301432931,2.59802401315927,1.64155330913616,3.66035695032611
-61,3.81925933810771,2.60763601270199,1.66141298858708,3.68566202566267
-60.9,3.84510944752498,2.61768477184952,1.68157382240598,3.71015470956201
-60.8,3.87048389131169,2.62815330697419,1.70200509280084,3.7338001912668
-60.7,3.89535275525266,2.63902303881606,1.72267450622568,3.75656362130788
-60.6,3.91968568216802,2.65027377904652,1.74354819997516,3.77841014909597
-60.5,3.94345189354507,2.66188372053053,1.76459075289268,3.79930496183177
-60.4,3.9666202128838,2.67382943149637,1.7857652003797,3.81921332475462
-60.3,3.98915909082009,2.68608585382249,1.80703305389364,3.83810062275067
-60.2,4.01103663209173,2.69862630565074,1.82835432512055,3.85593240334248
-60.1,4.03222062441318,2.71142248853492,1.84968755500661,3.87267442108226
-60,4.0526785693264,2.72444449933222,1.87098984783095,3.88829268337245
-59.9,4.07237771509522,2.73766084704352,1.89221691049867,3.90275349773724
-59.8,4.09128509171192,2.75103847480612,1.91332309723002,3.91602352057014
-59.7,4.10936754808521,2.76454278723949,1.93426145981759,3.92806980738328
-59.6,4.12659179147879,2.77813768334077,1.95498380361831,3.93885986458435
-59.5,4.14292442927079,2.79178559512294,1.97544074944239,3.94836170280877
-59.4,4.15833201310362,2.80544753218282,1.99558180149445,3.95654389183442
-59.3,4.17278108549431,2.8190831323808,2.01535542151621,3.96337561710742
-59.2,4.18623822897515,2.83265071880756,2.03470910927219,3.96882673790784
-59.1,4.19867011783355,2.84610736320559,2.05358948951186,3.97286784718478
-59,4.21004357252002,2.85940895600543,2.07194240553274,3.97547033309041
-58.9,4.2203256167918,2.87251028312756,2.08971301945948,3.97660644224327
-58.8,4.22948353765871,2.88536510969126,2.10684591934334,3.97624934475088
-58.7,4.23748494819641,2.89792627076122,2.12328523317543,3.97437320102198
-58.6,4.24429785329049,2.91014576925122,2.1389747498949,3.97095323039857
-58.5,4.24989071837296,2.92197488109222,2.15385804746087,3.96596578163764
-58.4,4.25423254121002,2.93336426775877,2.16787862804279,3.95938840527187
-58.3,4.25729292679806,2.94426409623432,2.18098006037022,3.95119992787828
-58.2,4.25904216542098,2.95462416648036,2.19310612926686,3.94138052828243
-58.1,4.2594513139193,2.9643940464596,2.20420099237898,3.92991181572513
-58,4.25849228021725,2.97352321474603,2.21420934409009,3.91677691001682
-57.9,4.25613791115029,2.981961210738,2.22307658659761,3.90196052370357
-57.8,4.25236208363053,2.98965779247157,2.23074900810742,3.88544904626601
-57.7,4.24713979918296,2.99656310201293,2.23717396808454,3.86723063037126
-57.6,4.24044728187945,3.0026278383881,2.2423000894767,3.84729528019406
-57.5,4.23226207969195,3.00780343798785,2.24607745780824,3.82563494182146
-57.4,4.22256316927971,3.01204226236405,2.2484578270193,3.80224359575132
-57.3,4.21133106421842,3.01529779331117,2.24939483190394,3.77711735149148
-57.2,4.19854792667177,3.01752483510367,2.24884420697728,3.75025454426213
-57.1,4.184197682498,3.01867972373636,2.24676401157894,3.72165583379941
-57,4.16826613977543,3.01872054298972,2.24311486099542,3.69132430525306
-56.9,4.15074111072196,3.01760734711754,2.23786016335963,3.65926557216542
-56.8,4.13161253697393,3.01530238992805,2.23096636206044,3.62548788151322
-56.7,4.11087261817946,3.01177036000337,2.22240318336942,3.59000222078658
-56.6,4.0885159438508,3.00697862177507,2.21214388896549,3.5528224270731
-56.5,4.06453962840853,3.00089746214624,2.20016553301171,3.51396529810674
-56.4,4.03894344933904,2.99350034232241,2.18644922341138,3.47345070523336
-56.3,4.01172998837365,2.9847641544856,2.1709803868432,3.43130170823585
-56.2,3.98290477558485,2.97466948291666,2.15374903714745,3.38754467195219
-56.1,3.95247643628161,2.96320086914273,2.13475004660789,3.34220938461031
-56,3.92045684057105,2.9503470806571,2.1139834196453,3.29532917779248
-55.9,3.8868612554391,2.93610138272971,2.09145456841141,3.24694104793117
-55.8,3.85170849918721,2.92046181279715,2.06717458974328,3.19708577922616
-55.7,3.81502109804637,2.90343145689184,2.04116054291081,3.14580806786066
-55.6,3.77682544477279,2.88501872754086,2.01343572756192,3.09315664738069
-55.5,3.73715195901276,2.86523764253576,1.98402996124265,3.03918441508853
-55.4,3.69603524920645,2.84410810394645,1.95297985584224,2.98394855928698
-55.3,3.65351427578245,2.82165617672325,1.92032909228646,2.92751068719566
-55.2,3.60963251537601,2.79791436620398,1.88612869277626,2.86993695334585
-55.1,3.56443812578521,2.77292189381528,1.85043728984322,2.8112981882437
-55,3.51798411135969,2.74672497023065,1.81332139146826,2.75167002707542
-54.9,3.47032848849686,2.71937706522221,1.77485564148616,2.69113303821073
-54.8,3.42153445090037,2.6909391734178,1.73512307447511,2.62977285124326
-54.7,3.37167053423512,2.66148007515094,1.69421536430829,2.5676802842884
-54.6,3.32081077979259,2.63107659156868,1.65223306552348,2.50495147024052
-54.5,3.26903489675944,2.59981383314015,1.60928584664706,2.44168798167266
-54.4,3.21642842266101,2.56778544068824,1.56549271458977,2.37799695404212
-54.3,3.16308288153089,2.53509381804806,1.52098222921506,2.31399120684586
-54.2,3.10909593933605,2.50185035543808,1.47589270716512,2.24978936234989
-54.1,3.05457155616631,2.46817564261399,1.43037241401566,2.18551596149604
-54,2.9996201346762,2.43419967086146,1.38457974381905,2.12130157656987
-53.9,2.94435866424599,2.40006202287152,1.33868338508453,2.05728292019266
-53.8,2.88891086030892,2.36591204953224,1.29286247223664,1.99360295017994
-53.7,2.83340729827099,2.3319090326622,1.24730672158663,1.93041096978884
-53.6,2.77798554143042,2.29822233270533,1.20221655084798,1.86786272285602
-53.5,2.72279026228459,2.26503152040333,1.15780318122559,1.80612048330809
-53.4,2.66797335659385,2.23252649146047,1.11428872110909,1.74535313850653
-53.3,2.61369404955388,2.20090756321728,1.07190623040439,1.68573626586962
-53.2,2.56011899341101,2.17038555235362,1.0308997645436,1.62745220219521
-53.1,2.50742235583951,2.1411818326483,0.991524397222122,1.57069010508969
-53,2.45578589838417,2.11352837183245,0.954046220923985,1.51564600589081
-52.9,2.40539904425813,2.08766774658615,0.918742324310435,1.46252285345531
-52.8,2.35645893477294,2.06385313474349,0.885900745564762,1.41153054816617
-52.7,2.30917047366697,2.04234828379019,0.85582040080722,1.36288596549951
-52.6,2.26374635858824,2.02342745475974,0.82881098671736,1.31681296847738
-52.5,2.22040709897944,2.00737534065898,0.805192856528385,1.27354240831982
-52.4,2.17938101960696,1.9944869585829,0.785296868588706,1.23331211259903
-52.3,2.14090424897051,1.98506751471017,0.769464206719218,1.19636686018816
-52.2,2.1052206918276,1.97943224140597,0.758046171632208,1.1629583422896
-52.1,2.0725819850665,1.97790620569785,0.751403942718305,1.13334510882156
-52,2.04324743616272,1.98082408843225,0.749908309551795,1.10779249943676
-51.9,2.01748394345811,1.98852993346528,0.753939372512213,1.08657255844566
-51.8,1.99556589750793,2.00137686629045,0.763886211970974,1.06996393291541
-51.7,1.97777506275001,2.01972678155907,0.780146525546455,1.05825175321901
-51.6,1.96440043876195,2.04394999900507,0.803126232988669,1.05172749531278
-51.5,1.95573810038613,2.0744248873462,0.833239048316338,1.05068882402788
-51.4,1.95209101601992,2.1115374557965,0.870906018893874,1.05543941667149
-51.3,1.95376884338838,2.15568091289187,0.916555031204005,1.06628876624547
-51.2,1.96108770213992,2.20725519240072,0.970620283143663,1.08355196360631
-51.1,1.97436992263201,2.2666664461648,1.0335417227452,1.10754945790863
-51,1.9939437703035,2.3343265037925,1.10576445330358,1.13860679469623
-50.9,2.02014314506306,2.410652299206,1.18773810497087,1.17705433102978
-50.8,2.05330725515995,2.49606526412708,1.27991617296408,1.22322692706871
-50.7,2.09378026504275,2.59099068867198,1.38275532261913,1.27746361355673
-50.6,2.1419109167556,2.69585704931389,1.49671466161354,1.34010723469583
-50.5,2.1980521244681,2.81109530456337,1.62225497977343,1.41150406593279
-50.4,2.26256054178589,2.93713815881024,1.7598379569745,1.49200340622502
-50.3,2.33579610154302,3.07441929486662,1.90992533974478,1.58195714439897
-50.2,2.41812152783546,3.22337257584885,2.07297808727545,1.68171929926507
-50.1,2.50990182011619,3.384431217136,2.24945548764778,1.791645533207
-50,2.61150370923823,3.5580269292446,2.43981424518717,1.91209263902181
-49.9,2.72329508540029,3.74458903256186,2.6445075399588,2.04341799984855
-49.8,2.84564439802252,3.94454354498489,2.8639840605264,2.18597902209012
-49.7,2.97892002765595,4.15831224361814,3.09868701120075,2.34013254130188
-49.6,3.12348963010849,4.38631170178778,3.34905309511287,2.50623420109478
-49.5,3.27971945305357,4.62895230273827,3.61551147455388,2.68463780517811
-49.4,3.44797362547366,4.88663723148311,3.89848271013159,2.87569464274811
-49.3,3.6286134203801,5.15976144638787,4.19837768040131,3.07975278751354
-49.2,3.82199649134385,5.44871063217082,4.51559648373606,3.29715637073801
-49.1,4.0284760834662,5.75386013611034,4.85052732430662,3.52824482877017
-49,4.24840021951774,6.07557388935354,5.20354538414832,3.77335212562883
-48.9,4.48211086207363,6.41420331532303,5.57501168339432,4.03280595130771
-48.8,4.72994305257681,6.77008622731868,5.96527193085664,4.30692689656608
-48.7,4.99222402836622,7.1435457175119,6.3746553672375,4.59602760507609
-48.6,5.26927231881342,7.53488903962379,6.8034736033482,4.90041190390328
-48.5,5.56139682182039,7.94440648767322,7.25201945580867,5.22037391340677
-48.4,5.86889586204174,8.37237027327122,7.7205657827915,5.55619713775638
-48.3,6.19205623230409,8.81903340402166,8.20936432245932,5.90815353737591
-48.2,6.53115221980963,9.28462856567448,8.71864453683045,6.27650258473803
-48.1,6.88644461882097,9.76936701075129,9.24861246388322,6.66149030504974
-48,7.25817973163852,10.2734374564393,9.79944958078492,7.06334830348522
-47.9,7.64658835979252,10.7970049946152,10.3713116811986,7.48229278073915
-47.8,8.05188478748378,11.340210016924,10.9643277696839,7.91852353879008
-47.7,8.4742657594176,11.9031671578929,11.578598976264,8.37222297888118
-47.6,8.91390945528363,12.4859642591105,12.2141974942827,8.84355509384056
-47.5,9.3709744632419,13.0886613575465,12.8711655447164,9.33266445697856
-47.4,9.84559875487948,13.7112897011187,13.5495143701441,9.83967520991273
-47.3,10.3378986642031,14.3538507946476,14.2492232616055,10.3646900517813
-47.2,10.8479678733334,15.016315479357,14.9702386215994,10.9077892324162
-47.1,11.3758764076588,15.6986230490932,15.7124730664876,11.4690295521502
-47,11.9216696432985,16.4006804064371,16.4758045715688,12.0484433710353
-46.9,12.4853673298097,17.1223612618845,17.2600756620917,12.6460376303488
-46.8,13.0669626311539,17.8635053792513,18.0650926534512,13.2617928893524
-46.7,13.6664211880116,18.6239178704403,18.8906249437967,13.895662380363
-46.6,14.2836802046038,19.4033685426771,19.7364043622462,14.5475710852719
-46.5,14.9186475632394,20.2015913012753,20.602124575855,15.2174148367269
-46.4,15.5712009698614,21.0182836109453,21.4874405584372,15.9050594472599
-46.3,16.2411871339125,21.8531060185973,22.3919681242745,16.6103398697059
-46.2,16.9284209858775,22.7056817405177,23.3152835296731,17.3330593923113
-46.1,17.63268493589,23.5755963167177,24.2569231452458,18.0729888719763
-46,18.353728176811,24.4623973351587,25.2163832017003,18.8298660091098
-45.9,19.0912660351966,25.36559422846,26.1931196118122,19.6033946676073
-45.8,19.8449793735726,26.2846581455766,27.1865478711406,20.3932442434713
-45.7,20.6145140474245,27.2190219008186,28.196043039924,21.1990490856078
-45.6,21.399480420288,28.1680800024417,29.2209398084477,22.0204079723214
-45.5,22.1994529402932,29.1311887629037,30.2605326480361,22.8568836470183
-45.4,23.0139697814731,30.1076664927191,31.3140760496551,23.7080024165974
-45.3,23.8425325530839,31.0967937796857,32.3807848519462,24.5732538159672
-45.2,24.6846060801254,32.0978138550828,33.4598346603353,25.452090342076
-45.1,25.5396182581576,33.1099330482533,34.5503623586648,26.3439272607719
-45,26.4069599854225,34.1323213307957,35.6514667146053,27.2481424897327
-44.9,27.2859851751673,35.164112951382,36.7622090798885,28.1640765606082
-44.8,28.1760108509466,36.2044071620172,37.8816141861915,29.0910326634132
-44.7,29.0763173275443,37.2522690363266,39.0086710372711,30.0282767760822
-44.6,29.9861484800104,38.306730380242,40.1423338977166,30.9750378819658
-44.5,30.9047121031415,39.3667907352121,41.2815233784454,31.9305082778928
-44.4,31.8311803635647,40.431418473834,42.4251276188173,32.8938439752593
-44.3,32.7646903463868,41.4995519875438,43.5720035649844,33.8641651964229
-44.2,33.7043446981782,42.5701009657607,44.7209783438358,34.8405569684878
-44.1,34.6492123678375,43.6419477656166,45.8708507316256,35.8220698163564
-44,35.598329446658,44.7139488711407,47.0203927160988,36.8077205566984
-43.9,36.550700108675,45.7849364405044,48.1683511506561,37.7964931942507
-43.8,37.5052976521187,46.85371993966,49.3134494988139,38.7873399216111
-43.7,38.4610656425334,47.919087860437,50.4543896669388,39.7791822234226
-43.6,39.4169191578442,48.9798095208855,51.5898539229428,40.7709120855673
-43.5,40.3717461353669,50.0346369453827,52.7185068983478,41.7613933096987
-43.4,41.3244088204566,51.0823068217437,53.8389976708354,42.7494629331378
-43.3,42.273745316182,52.1215425323058,54.9499619241155,43.7339327538449
-43.2,43.2185712330977,53.1510562556848,56.0500241816633,44.7135909598544
-43.1,44.1576814378574,54.1695511356301,57.1378001105908,45.6872038622238
-43,45.0898518990833,55.1757235131478,58.2118988916453,46.6535177302086
-42.9,46.0138416285612,56.168265217791,59.2709256510487,47.6112607270145
-42.8,46.9283947154923,57.1458659137712,60.3134839496266,48.5591449441287
-42.7,47.8322424511788,58.1072154962919,61.3381783244172,49.4958685318603
-42.6,48.724105541169,59.0510065332635,62.3436168776874,50.4201179233479
-42.5,49.6026964015338,59.9759367473323,63.3284139080511,51.3305701489257
-42.4,50.4667215355868,60.8807115329266,64.291192578134,52.2258952373509
-42.3,51.3148839870068,61.764046502816,65.2305876130166,53.1047587000248
-42.2,52.1458858649661,62.6246700584755,66.1452480234642,53.9658240939572
-42.1,52.9584309365131,63.4613259783592,67.033839847757,54.8077556588435
-42,53.7512272811133,64.2727760180103,67.8950489057391,55.6292210232532
-41.9,54.5229900019055,65.0578025157758,68.7275835585405,56.4288939745513
-41.8,55.2724439878983,65.8152109977425,69.530177467257,57.2054572868132
-41.7,55.9983267209987,66.5438327753862,70.3015923437411,57.9576056006298
-41.6,56.6993911214529,67.2425275293052,71.0406206865248,58.6840483483542
-41.5,57.3744084249646,67.9101858723178,71.7460884947926,59.383512717996
-41.4,58.0221710844695,68.5457318851189,72.4168579532325,60.0547466486464
-41.3,58.6414956892571,69.148125617636,73.051830080525,60.6965218499969
-41.2,59.2312258938724,69.7163655491813,73.6499473341839,61.3076368382203
-41.1,59.7902353489785,70.2494910004751,74.2101961644308,61.8869199801953
-41,60.3174306261335,70.7465844906203,74.7316095097846,62.4332325377943
-40.9,60.811754128227,71.2067740321218,75.21326922706,62.9454717037079
-40.8,61.2721869771329,71.6292353570944,75.6543084485093,63.4225736200564
-40.7,61.6977518699706,72.0131940678632,76.0539138589046,63.8635163708412
-40.6,62.0875158952281,72.3579277052484,76.4113278854408,64.26732293911
-40.5,62.4405932998832,72.6627677279346,76.7258507934522,64.6330641195629
-40.4,62.7561481985731,72.9271013964594,76.9968426810625,64.9598613772043
-40.3,63.0333972157998,73.1503735555067,77.2237253660533,65.2468896425528
-40.2,63.2716120521319,73.3320883083698,77.4059841584083,65.4933800338576
-40.1,63.4701219653572,73.4718105776484,77.5431695122019,65.6986224967408
-40,63.6283161575738,73.5691675464649,77.6348985507268,65.8619683516831
-39.9,63.7456460592683,73.6238499747312,77.6808564590068,65.9828327398092
-39.8,63.8216275015238,73.6356133852612,77.6807977381199,66.0606969574943
-39.7,63.8558427676283,73.6042791148136,77.6345473160512,66.0951106704205
-39.6,63.8479425155151,73.5297352254568,77.5420015101214,66.0856939978518
-39.5,63.7976475626629,73.4119372719765,77.4031288363745,66.0321394580731
-39.4,63.704750525315,73.2509089213945,77.217970661677,65.9342137661528
-39.3,63.5691173041378,73.0467424210362,76.9866416946621,65.7917594754418
-39.2,63.3906884087431,72.7995989119664,76.7093303120594,65.6046964545086
-39.1,63.1694801138312,72.5097085850178,76.3862987173721,65.3730231915387
-39,62.9055854400792,72.177370677053,76.0178829293038,65.0968179185907
-38.9,62.5991749533035,71.8029533055352,75.6044925977955,64.7762395485024
-38.8,62.2504973758631,71.3868931399289,75.1466106460045,64.4115284176785
-38.7,61.8598800047334,70.9296949089118,74.6447927370421,64.0030068284681
-38.6,61.4277289311902,70.4319307428483,74.0996665647888,63.5510793853456
-38.5,60.9545290575666,69.8942393514573,73.5119309686114,63.0562331196593
-38.4,60.4408439071142,69.3173250370938,72.8823548723291,62.519037398283
-38.3,59.8873152235856,68.7019565445596,72.2117760483002,61.940143612122
-38.2,59.2946623577754,68.0489657488591,71.5010997080375,61.3202846410604
-38.1,58.6636814388974,67.3592461828186,70.7512969212952,60.6602740926079
-38,57.9952443293434,66.6337514069956,69.9634028661132,59.9610053122037
-37.9,57.2902973620561,65.8734932248081,69.1385149128454,59.22345016385
-37.8,56.5498598604564,65.0795397463181,68.2777905457404,58.4486575805008
-37.7,55.7750224415901,64.2530133046054,67.3824451261776,57.63775188439
-37.6,54.9669451038983,63.3950882291605,66.453749502199,56.791930878272
-37.5,54.12685510177,62.5069884812153,65.4930274694992,55.9124637093448
-37.4,53.2560446097945,61.5899851564082,64.5016530895559,55.0006885084391
-37.3,52.3558681804054,60.6453938606476,63.481047871087,54.0580098078801
-37.2,51.4277399993763,59.6745719654922,62.4326778215172,53.085895742258
-37.1,50.4731309444081,58.6789157498093,61.3580503756108,52.0858750371764
-37,49.4935654528194,57.6598574348934,60.2587112088946,51.0595337918845
-36.9,48.4906182051205,56.618862120634,59.1362409439335,50.0085120625277
-36.8,47.4659106320132,55.5574246307068,57.992251757945,48.9345002535808
-36.7,46.4211072531095,54.4770662751272,56.8283839006397,47.8392353258405
-36.6,45.3579118563932,53.3793315388427,55.6463021315464,46.7244968301618
-36.5,44.2780635281753,52.2657847053588,54.4476920864341,45.5921027769038
-36.4,43.1833325439805,51.1380064246795,53.2342565827588,44.4439053518244
-36.3,42.075516131484,49.9975902351043,52.0077118743592,43.2817864898979
-36.2,40.9564341172565,48.846139048656,50.7697838658806,42.1076533192525
-36.1,39.8279244696941,47.6852616101109,49.5222042976382,40.9234334881023
-36,38.6918387510854,46.5165689397722,48.2667069118196,39.731070388202
-35.9,37.550037492317,45.3416707702646,47.0050236110899,38.5325182889623
-35.8,36.404385504215,44.1621719877259,45.7388806207791,37.3297373969344
-35.7,35.256747139984,42.9796690878365,44.4699946659183,36.1246888558953
-35.6,34.1089815236157,41.7957466571625,43.200069174437,34.9193297032432
-35.5,32.9629377595051,40.6119738902757,41.9307905178403,33.7156077988397
-35.4,31.8204501388225,39.4299011530754,40.6638243006491,32.5154567428
-35.3,30.6833333584513,38.2510566026541,39.4008117098193,31.3207907990555
-35.2,29.553377768501,37.0769428739303,38.1433659352338,30.1334998417586
-35.1,28.4323446645487,35.9090338431195,36.8930686722133,28.955444341797
-35,27.3219616408489,34.7487714779172,35.6514667167934,27.7884504108103
-34.9,26.2239180207679,33.5975627840419,34.4200686642799,26.6343049201626
-34.8,25.1398603806625,32.4567768575157,33.2003417213193,25.4947507123202
-34.7,24.0713881833107,31.3277420517586,31.993708641403,24.3714819220041
-34.6,23.020049536834,30.2117432682334,30.8015447933719,23.2661394243403
-34.5,21.9873370948107,29.1100193790046,29.625175372094,22.180306427015
-34.4,20.9746841129721,28.0237607891665,28.4658727600536,21.1155042231438
-34.3,19.9834606775074,26.9541071466583,27.3248540481313,20.073188121207
-34.2,19.0149701195559,25.9021452065092,26.2032787233455,19.0547435679609
-34.1,18.0704456299689,24.8689068560593,25.1022465307964,18.0614824797277
-34,17.1510470878475,23.8553673071714,24.0227955164869,17.0946397968856
-33.9,16.2578581157284,22.8624434608914,22.9659002570951,16.1553702757274
-33.8,15.3918833735983,21.8909924494415,21.9324702821582,15.2447455311384
-33.7,14.5540461031498,20.941810359818,20.9233486934677,14.3637513427498
-33.6,13.7451859328819,20.0156311426531,19.9393109858137,13.5132852363743
-33.5,12.9660569537711,19.1131257093521,18.9810640725161,12.6941543516124
-33.4,12.2173260743089,18.2349012198623,18.0492455184719,11.9070736055345
-33.3,11.4995716627271,17.381500562764,17.1444229827199,11.1526641613178
-33.2,10.8132824831993,16.5534020286852,16.2670938717837,10.4314522096168
-33.1,10.1588569317411,15.7510191773633,15.4176852043024,9.7438680693149
-33,9.53660257641628,14.974700897973,14.5965536867035,9.09024561311493
-32.9,8.94673600530972,14.2247316616505,13.8039859989069,8.47082202219763
-32.8,8.38938298454928,13.501331964444,13.0401992882891,7.8857378729158
-32.7,7.86457892744945,12.8046589582276,12.3053418693743,7.33503755719162
-32.6,7.37226967462232,12.1348072664294,11.5994941259616,6.81867003696165
-32.5,6.91231258365486,11.4918099807466,10.922669611654,6.33648993166937
-32.4,6.4844779256914,10.8756398343509,10.2748163440153,5.88825893644157
-32.3,6.08845058499712,10.2862105464398,9.65581828686039,5.47364756721562
-32.2,5.72383205630985,9.72337833235096,9.06549701448307,5.09223722770672
-32.1,5.39014273352711,9.18694357284536,8.50361355093894,4.74352259173239
-32,5.08682448202397,8.67665263557272,7.96987037684775,4.426914293046
-31.9,4.81324348566134,8.19219984116767,7.4639135955435,4.14174191348066
-31.8,4.56869335833177,7.73322956588827,6.98533524980225,3.88725725887596
-31.7,4.35239850870472,7.29933847220218,6.53367577980756,3.66263791095888
-31.6,4.16351774568195,6.89007785825421,6.10842661248192,3.46699104208355
-31.5,4.0011481109621,6.50495611670982,5.70903287181591,3.29935747850734
-31.4,3.86432892404799,6.14344129307231,5.33489619937504,3.15871599670287
-31.3,3.75204602401488,5.80496373321024,4.9853776737514,3.04398783607845
-31.2,3.66323619140016,5.48891880951396,4.65980081736185,2.95404141041383
-31.1,3.59679173267873,5.19466971482617,4.3574546786756,2.88769719931696
-31,3.55156520895971,4.92155031306085,4.07759697768377,2.84373280007806
-30.9,3.5263742897834,4.66886803524184,3.81945730220398,2.82088811944422
-30.8,3.52000671221786,4.4359068095559,3.58224034244538,2.81787068406777
-30.7,3.53122532485603,4.22193001392667,3.36512915114418,2.83336104769729
-30.6,3.5587731958012,4.02618343957687,3.16728841651902,2.86601827258905
-30.5,3.60137876330508,3.84789825405629,2.98786773528916,2.91448546212069
-30.4,3.65776100739108,3.68629395227276,2.82600487304638,2.97739532119319
-30.3,3.72663462055993,3.54058128417289,2.68082899937589,3.05337572071498
-30.2,3.80671515553689,3.40996514787833,2.55146388527942,3.1410552422761
-30.1,3.89672412798262,3.29364743729139,2.43703105066762,3.23906867904353
-30,3.9953940521541,3.19082983344019,2.3366528499561,3.34606246894314
-29.9,4.10147338766991,3.10071652913795,2.24945548412047,3.46070003634045
-29.8,4.21373137580574,3.02251687688068,2.17457192793831,3.58166701869305
-29.7,4.33096274412137,2.95544795030359,2.1111447615701,3.70767635502195
-29.6,4.45199225870037,2.89873700995499,2.05832889610355,3.83747321353793
-29.5,4.57567910386558,2.85162386462677,2.01529418320596,3.96983973636053
-29.4,4.70092106991794,2.81336312000075,1.98122789959409,4.10359957998143
-29.3,4.82665853022942,2.78322630692722,1.95533709763919,4.23762223094746
-29.2,4.95187818990211,2.76050388224421,1.93685081407193,4.37082707717067
-29.1,5.07561658918042,2.74450709567035,1.92502212943781,4.50218721630844
-29,5.19696334586957,2.73456971695794,1.91913007167208,4.63073298379424
-28.9,5.31506412216577,2.7300496181729,1.91848135791397,4.75555518433304
-28.8,5.42912330253866,2.73033020667181,1.92241196945716,4.87580801200111
-28.7,5.53840637061881,2.73482170506946,1.93028855553529,4.99071164550269
-28.6,5.64224197442572,2.74296227523031,1.9415096624628,5.09955450662775
-28.5,5.74002367072236,2.75421898407014,1.95550678548935,5.20169517152326
-28.4,5.83121134078943,2.76808860971625,1.97174524157612,5.29656392602377
-28.3,5.9153322714743,2.78409828734293,1.98972486216078,5.38366395798161
-28.2,5.991981896975,2.80180599476809,2.00898050583973,5.46257218128338
-28.1,6.06082419846333,2.82080087866536,2.02908239175834,5.53293968802881
-28,6.12159176032449,2.8407034230078,2.04963625535704,5.59449182717403
-27.9,6.17408548348499,2.8611654621119,2.07028332896933,5.64702790979206
-27.8,6.21817395800848,2.88187004138968,2.09070015060291,5.69042054297229
-27.7,6.25379249885153,2.90253112963847,2.11059820505249,5.72461459625671
-27.6,6.28094185037859,2.92289318739897,2.12972340228899,5.74962580638464
-27.5,6.29968656693048,2.9427305965885,2.1478553988392,5.76553902798002
-27.4,6.31015307841222,2.96184695726438,2.16480676861031,5.77250613965533
-27.3,6.31252745150774,2.98007425798904,2.1804220303197,5.77074361681549
-27.2,6.30705285872887,2.99727192685042,2.19457653935862,5.76052978421157
-27.1,6.2940267690578,3.01332577073417,2.20717525254545,5.74220176300962
-27,6.27379787543573,3.02814681094764,2.21815137480673,5.71615212879447
-26.9,6.246762775777,3.04167002375394,2.22746489735822,5.68282529851129
-26.8,6.21336242554019,3.05385299478697,2.23510103744148,5.64271366585085
-26.7,6.1740783811559,3.06467449668231,2.24106859010113,5.59635350599815
-26.6,6.12942885478973,3.07413299957164,2.24539820286091,5.54432067198007
-26.5,6.07996460199755,3.08224512434898,2.24814058447145,5.48722610605706
-26.4,6.02626466480508,3.08904404882289,2.24936465915658,5.42571119069872
-26.3,5.96893199360607,3.09457787701977,2.24915567797725,5.3604429646578
-26.2,5.90858897201797,3.09890798199719,2.24761329906085,5.29210923050138
-26.1,5.84587286945523,3.10210733256352,2.2448496485077,5.22141358066961
-26,5.78143124667367,3.10425881427888,2.24098737378612,5.14907036970252
-25.9,5.71591733989992,3.10545355503454,2.23615770136129,5.07579966070118
-25.8,5.64998544938485,3.10578926537175,2.23049851017202,5.00232217436591
-25.7,5.58428635830551,3.10536860350824,2.22415243237356,4.92935426907802
-25.6,5.51946280788562,3.10429757479189,2.21726499250501,4.85760298046048
-25.5,5.45614505440658,3.10268397499723,2.20998279591658,4.78776114866477
-25.4,5.39494653344092,3.10063588652353,2.20245177690899,4.72050266128491
-25.3,5.33645965615685,3.09826023614473,2.19481551659306,4.65647783929668
-25.2,5.28125176191739,3.09566142250338,2.18721363997798,4.59630899275849
-25.1,5.2298612506325,3.09294002103589,2.17978030124109,4.54058617219536
-25,5.18279391742021,3.09019157346735,2.17264276552593,4.48986314061835
-24.9,5.1405195110956,3.08750546842345,2.16592009495995,4.44465359001472
-24.8,5.10346853684099,3.08496391907878,2.15972194588338,4.40542762488242
-24.7,5.07202932211827,3.08264104309752,2.15414748353987,4.37260853398069
-24.6,5.04654536347513,3.0806020494288,2.1492844197015,4.34656986993538
-24.5,5.02731297037347,3.07890253579818,2.1452081778899,4.327632854677
-24.4,5.01457922054065,3.07758789999283,2.14198119001685,4.3160641269118
-24.3,5.00854023961931,3.07669286727654,2.13965232740561,4.31207384593912
-24.2,5.0093398160776,3.07624113549371,2.13825646827368,4.31581416414077
-24.1,5.01706836044919,3.07624513863649,2.13781420286456,4.32737807839185
-24,5.03176221601006,3.07670592885822,2.13833167651412,4.34679866848623
-23.9,5.05340332597848,3.0776131761258,2.13980057003328,4.37404872844737
-23.8,5.08191926025515,3.07894528391747,2.14219821588687,4.40904079431594
-23.7,5.11718360261544,3.0806696185959,2.14548784775571,4.45162756968501
-23.6,5.15901669713479,3.08274284932356,2.1496189801887,4.50160274790109
-23.5,5.20718675048538,3.08511139464418,2.15452791419155,4.55870222748192
-23.4,5.26141128459818,3.08771197113358,2.16013836376203,4.62260571493
-23.3,5.32135893205237,3.09047223883133,2.16636219757523,4.69293870676007
-23.2,5.38665156444721,3.09331153750537,2.17310028925052,4.76927484022308
-23.1,5.45686674194006,3.09614170717874,2.18024346889919,4.85113859991061
-23,5.53154047011458,3.09886798576638,2.18767356796506,4.93800836517975
-22.9,5.61017024838357,3.10138997613285,2.19526454873097,5.029319781159
-22.8,5.69221839224691,3.10360267439367,2.20288370927978,5.12446943399713
-22.7,5.77711560992735,3.10539755084658,2.2103929541704,5.2228188090124
-22.6,5.86426481220615,3.10666367453791,2.21765012062347,5.32369850850021
-22.5,5.95304513269074,3.10728887214562,2.22451034960946,5.42641270417774
-22.4,6.04281613427539,3.10716091159775,2.230827490898,5.53024379759642
-22.3,6.132922176215,3.10616870064469,2.2364555308636,5.63445726034587
-22.2,6.22269691503242,3.10420349046717,2.24125003165206,5.73830662452187
-22.1,6.31146791142651,3.10116007433211,2.245069570195,5.84103859274074
-22,6.3985613144534,3.09693797130449,2.24777716551966,5.94189823596645
-21.9,6.48330659352203,3.09144258508738,2.24924168283681,6.04013424658098
-21.8,6.56504128818391,3.08458632819406,2.24933920300345,6.13500421348058
-21.7,6.64311574531239,3.07628970185458,2.24795434614739,6.22577988552783
-21.6,6.71689781306178,3.0664823223254,2.24498153850859,6.31175238943512
-21.5,6.78577746097642,3.05510388460176,2.24032621189546,6.39223736810613
-21.4,6.8491712957851,3.04210505492847,2.23390592557253,6.46658000561792
-21.3,6.90652694276961,3.02744828396282,2.2256514008859,6.53415990539152
-21.2,6.95732726313745,3.01110853296142,2.215507459494,6.59439578867286
-21.1,7.00109437855673,2.99307390593847,2.20343385669866,6.6467499812273
-21,7.03739347492425,2.97334618137253,2.18940600206345,6.69073265713894
-20.9,7.0658363585326,2.95194123771933,2.1734155602581,6.72590580979617
-20.8,7.08608473907412,2.92888936771575,2.15547092587586,6.7518869215328
-20.7,7.09785321536334,2.90423547722976,2.13559756682964,6.7683523049749
-20.6,7.10091194126891,2.87803916521953,2.1138382318386,6.77504009090799
-20.5,7.09508895111263,2.85037468220623,2.09025301846334,6.77175283942137
-20.4,7.08027212570871,2.82133076553468,2.0649192991296,6.75835975319503
-20.3,7.05641078227098,2.79101035058856,2.0379315035917,6.73479847405892
-20.2,7.02351687359826,2.75953015803657,2.00940075732121,6.70107644636447
-20.1,6.9816657842475,2.72702015810709,1.97945437635711,6.65727183324817
-20,6.93099671380724,2.69362291381588,1.94823522021427,6.60353397452604
-19.9,6.87171263987732,2.65949280599745,1.91590090551114,6.54008337771865
-19.8,6.80407985593096,2.62479514391083,1.88262288403713,6.46721123655507
-19.7,6.72842708186626,2.58970516609721,1.84858539002909,6.38527847422298
-19.6,6.64514414773203,2.55440693705541,1.81398426245735,6.29471431160547
-19.5,6.55468025382039,2.51909214616392,1.77902564912761,6.19601436375395
-19.4,6.45754181304004,2.4839588161106,1.74392460037856,6.08973827087339
-19.3,6.35428988420348,2.44920992888584,1.70890356109045,5.97650687312331
-19.2,6.24553720756033,2.41505197814725,1.6741907706087,5.85699894154458
-19.1,6.13194485657258,2.38169345746749,1.64001858102394,5.73194748039197
-19,6.01421852253637,2.34934329462659,1.60662170502836,5.60213561906448
-18.9,5.89310445119493,2.3182092427008,1.57423540528209,5.4683921146619
-18.8,5.76938505293973,2.28849623922703,1.54309363786757,5.33158648893901
-18.7,5.64387421054546,2.26040474518023,1.51342716297733,5.19262382605692
-18.6,5.51741231061573,2.23412907588744,1.48546163646912,5.05243926003194
-18.5,5.39086102701084,2.20985573631189,1.45941569632431,4.91199218313226
-18.4,5.26509788647585,2.18776177337111,1.43549905835952,4.77226020865993
-18.3,5.14101064847016,2.16801315810089,1.41391063576236,4.63423292356343
-18.2,5.01949153280527,2.15076321054068,1.39483669714784,4.49890546813619
-18.1,4.90143133011599,2.13615108019258,1.37844907785982,4.36727198166094
-18,4.78771343140639,2.12430029479536,1.36490345916959,4.24031895423972
-17.9,4.67920781391884,2.11531738995528,1.35433772985099,4.11901852619761
-17.8,4.57676502136212,2.10929063188711,1.34687044433711,4.00432177735275
-17.7,4.48121017709376,2.10628884514201,1.34259939128768,3.89715204909645
-17.6,4.39333706917852,2.1063603567341,1.34160028592006,3.79839834261971
-17.5,4.31390234633189,2.10953206752752,1.34392559888084,3.70890883674829
-17.4,4.24361986360218,2.11580866111076,1.34960353376238,3.62948456870399
-17.3,4.18315521624486,2.12517195966936,1.35863716460109,3.56087332069388
-17.2,4.1331204995969,2.13758043557409,1.37100374383595,3.50376375453726
-17.1,4.0940693318686,2.15296888653307,1.38665419025977,3.45877983557675
-17,4.06649217563748,2.17124828121786,1.40551276546813,3.42647558588485
-16.9,4.0508119924575,2.1923057812699,1.42747694620515,3.40733020527522
-16.8,4.04738026339234,2.21600494452973,1.45241749882857,3.40174359686593
-16.7,4.05647340645078,2.2421861132138,1.4801787608752,3.41003233192544
-16.6,4.07828961985402,2.27066698959794,1.51057913340718,3.43242608647225
-16.5,4.11294617780839,2.30124340055955,1.54341178646967,3.46906457960565
-16.4,4.1604772030047,2.3336902510896,1.57844557859639,3.51999504083134
-16.3,4.22083193742881,2.36776266561747,1.61542618987159,3.58517023072427
-16.2,4.2938735302629,2.4031973147047,1.65407746660309,3.66444703616014
-16.1,4.37937835869606,2.43971392336553,1.69410297418907,3.75758565806012
-16,4.47703589436538,2.47701695597046,1.73518775328318,3.86424940615187
-15.9,4.58644912493069,2.51479747139343,1.77700027288406,3.98400511167153
-15.8,4.70713553696552,2.55273514078013,1.81919457250922,4.11632416523664
-15.7,4.83852866294543,2.59050041905518,1.86141258416755,4.26058418333213
-15.6,4.97998019164967,2.62775686005546,1.90328662342888,4.41607130299016
-15.5,5.13076263778686,2.66416356398655,1.94444203751397,4.58198310033621
-15.4,5.29007256312953,2.69937774475539,1.98449999700242,4.75743212473998
-15.3,5.45703433791771,2.73305740364422,2.02308041648902,4.94145003637427
-15.2,5.63070442779228,2.76486409476656,2.0598049883209,5.13299233107558
-15.1,5.81007618806338,2.79446576679226,2.09430031242593,5.33094363253736
-15,5.99408514373272,2.82153966455376,2.12620110420738,5.53412352807873
-14.9,6.18161473039242,2.84577527335673,2.15515346153814,5.74129292054131
-14.8,6.37150246793644,2.86687728812046,2.18081817104712,5.95116086529756
-14.7,6.56254653596966,2.88456858887522,2.20287403315984,6.16239185793299
-14.6,6.75351271689885,2.89859320364829,2.22102118473878,6.37361353491034
-14.5,6.94314166996504,2.90871923938469,2.23498439767531,6.58342474646305
-14.4,7.13015649694298,2.91474176127617,2.24451633141762,6.79040395811691
-14.3,7.31327055790922,2.91648560071687,2.24940071718322,6.99311793462242
-14.2,7.49119549338656,2.91380807206931,2.24945545150488,7.1901306577196
-14.1,7.66264940731803,2.90660157851289,2.24453557679725,7.38001242706268
-14,7.82636516372987,2.8947960874599,2.2345361268109,7.56134909182714
-13.9,7.98109874861844,2.87836145636308,2.21939481516288,7.73275135901734
-13.8,8.1256376475524,2.85730959020328,2.19909454559771,7.89286412330061
-13.7,8.2588091887323,2.83169641253609,2.17366572324093,8.04037576233064
-13.6,8.37948880079682,2.80162363269042,2.14318834685654,8.17402734098982
-13.5,8.48660813452082,2.76724029254834,2.10779386300902,8.2926216677924
-13.4,8.5791629977151,2.72874407729063,2.06766676405593,8.39503214684692
-13.3,8.65622105311496,2.68638237556319,2.0230459130552,8.48021136928306
-13.2,8.71692922983688,2.6404530757006,1.97422557995742,8.54719938890635
-13.1,8.76052080008441,2.59130508593062,1.92155617486135,8.59513162804947
-13,8.78632207419659,2.53933856786951,1.86544466563447,8.62324636114187
-12.9,8.79375866884607,2.48500487409809,1.80635466883279,8.63089172540987
-12.8,8.78236130520449,2.42880618217318,1.74480620458579,8.61753221034321
-12.7,8.75177109618884,2.37129481907201,1.68137510793582,8.58275458010768
-12.6,8.70174428447412,2.31307227177827,1.61669209102659,8.52627318593716
-12.5,8.63215639579103,2.25478788148991,1.5514414525109,8.44793462868568
-12.4,8.54300577510852,2.19713722074974,1.48635943258532,8.34772173514609
-12.3,8.43441647661202,2.14086015466054,1.4222322141446,8.22575681542726
-12.2,8.30664048191192,2.0867385892365,1.35989357267184,8.08230417260617
-12.1,8.16005922463413,2.03559391185091,1.30022217962798,7.91777184001402
-12,7.99518440343129,1.9882841306551,1.2441385662639,7.73271252585075
-11.9,7.81265806949211,1.94570072175429,1.19260175693717,7.5278237493283
-11.8,7.61325197878769,1.90876519482065,1.1466055831607,7.30394715718996
-11.7,7.39786620355807,1.87842538969055,1.10717469172746,7.06206701421568
-11.6,7.16752700188193,1.85565151832036,1.07536026233325,6.80330786617343
-11.5,6.9233839485597,1.84143196825145,1.05223545214165,6.52893137858208
-11.4,6.66670633495272,1.83676888544845,1.03889058669214,6.24033235958649
-11.3,6.3988788498266,1.84267355601462,1.036428118428,5.93903398017562
-11.2,6.12139655762102,1.86016160784281,1.04595737590425,5.62668220987159
-11.1,5.83585919488439,1.89024805471933,1.0685891284148,5.30503949085159
-11,5.54396480983801,1.93394220675157,1.10542999233958,4.97597767820016
-10.9,5.24750277415049,1.99224247222694,1.157576706947,4.64147027860372
-10.8,4.94834619997628,2.06613107712369,1.22611030868226,4.30358402425502
-10.7,4.64844379911955,2.15656872947298,1.31209023411932,3.96446982300758
-10.6,4.3498112248033,2.26448925660851,1.41654838274313,3.62635312988282
-10.5,4.05452193992237,2.39079424402975,1.54048317155269,3.29152378885037
-10.4,3.76469765882512,2.53634770513745,1.68485361412382,2.96232539736084
-10.3,3.48249841257027,2.70197081147406,1.85057345724084,2.64114424937465
-10.2,3.21011229022973,2.88843671330941,2.03850540848977,2.33039791558465
-10.1,2.94974491113506,3.09646548045011,2.24945548829833,2.0325235221529
-10,2.70360868497371,3.3267191930196,2.48416753980917,1.7499657915481
-9.89999999999999,2.47391191832388,3.57979721164754,2.74331792967521,1.48516491097306
-9.8,2.26284782755347,3.85623165602777,3.02751047237389,1.24054429538602
-9.69999999999999,2.07258351899257,4.15648312014866,3.337271609947,1.01849831324085
-9.59999999999999,1.90524899791214,4.48093665167112,3.67304587818581,0.821380043786664
-9.5,1.76292626809239,4.82989802193333,4.03519168920421,0.651489135067441
-9.39999999999999,1.64763858364623,5.20359031189388,4.42397745907141,0.511059831647283
-9.3,1.56133991426727,5.60215083799896,4.8395781077239,0.402249240549087
-9.19999999999999,1.5059046842027,6.02562844047453,5.28207195674388,0.327125902937845
-9.09999999999999,1.48311784401179,6.47398115490747,5.75143804878535,0.287658737706943
-9,1.49466533256338,6.94707428620415,6.2475539104648,0.285706421340432
-8.89999999999999,1.54212498476152,7.44467890209916,6.7701937784087,0.323007266237918
-8.8,1.62695793817501,7.96647076135023,7.31902730588646,0.401169657109683
-8.69999999999999,1.7505005890975,8.51202968960241,7.89361876506117,0.521663102093396
-8.59999999999999,1.9139571455939,9.08083941364448,8.49342675736976,0.685809951925222
-8.5,2.11839282181336,9.6722878624347,9.117804441925,0.894777836837004
-8.39999999999999,2.36472771428678,10.285667940839,9.76600028911043,1.14957286686663
-8.3,2.65373139709946,10.9201787795305,10.4371593637478,1.45103363698555
-8.19999999999999,2.98601826875921,11.5749274619509,11.1303251393596,1.79982607389038
-8.09999999999999,3.36204367928912,12.2489312266396,11.8444418421417,2.19643915649857
-8,3.78210086159327,12.9411201406307,12.578357320333,2.6411815371672
-7.89999999999999,4.24631868649201,13.650340236988,13.3308264317148,3.13417908543928
-7.8,4.75466025603736,14.3753571069339,14.1005149390334,3.6753733707548
-7.69999999999999,5.30692234482358,15.1148599344297,14.8860039002146,4.26452109507219
-7.59999999999999,5.90273569403077,15.8674659585014,15.6857945373502,4.90119448076048
-7.5,6.54156615792082,16.6317253460966,16.4983135656117,5.58478261348942
-7.39999999999999,7.22271669746252,17.4061264558113,17.3219189604838,6.31449373418218
-7.3,7.94533021074166,18.1891014704595,18.154906139042,7.08935846845624
-7.19999999999999,8.70839318483535,18.9790323741955,18.9955145284386,7.9082339763861
-7.09999999999999,9.51074014892838,19.774257247729,19.8419344923134,8.7698089999127
-7,10.3510589036655,20.5730768531483,20.6923145835481,9.67260977984615
-6.89999999999999,11.2278964970795,21.3737614779549,21.5447690896227,10.6150068091741
-6.8,12.1396659129597,22.1745580061681,22.3973858348528,11.5952223843521
-6.69999999999999,13.0846534332444,22.9736971827644,23.2482342019744,12.6113389114374
-6.59999999999999,14.0610266319645,23.76940103629,24.0953733339267,13.6613079193551
-6.5,15.0668429544703,24.5598904232517,24.9368604752751,14.7429597283169
-6.39999999999999,16.1000588321448,25.3433926568335,25.7707594115098,15.85401371743
-6.3,17.1585392795871,26.118149181635,26.5951489634803,16.9920891319088
-6.19999999999999,18.2400679183529,26.8824232554798,27.408131493481,18.1547163670297
-6.09999999999999,19.3423573687743,27.634507598898,28.2078413789835,19.3393486630738
-6,20.4630599491908,28.3727319726675,28.992453409749,20.5433741430294
-5.89999999999999,21.5997786200899,29.0954706437866,29.7601910640214,21.7641281227469
-5.8,22.7500781092237,29.8011497004649,30.509334619731,22.998905621616
-5.69999999999999,23.9114961527253,30.488254177156,31.2382290571058,24.2449740006498
-5.59999999999999,25.0815547866058,31.1553349513002,31.9452917098064,25.4995856541194
-5.5,26.2577716227962,31.8010153743286,32.6290196226704,26.7599906806279
-5.39999999999999,27.4376710440705,32.4239976005556,33.2879965753543,28.023449459689
-5.3,28.6187952527907,33.0230685788933,33.9208997326121,29.2872450605436
-5.19999999999999,29.7987151094178,33.5971056738184,34.526505883625,30.5486954110606
-5.09999999999999,30.9750406981354,34.1450818837274,35.1036972346975,31.8051651561334
-5,32.1454315587446,34.666070626706,35.6514667217531,33.0540771370103
-4.89999999999999,33.3076065261672,35.1592500658091,36.1689228113795,34.2929234254352
-4.8,34.459353121458,35.6239069481971,36.6552937616893,35.5192758493476
-4.69999999999999,35.5985364411398,36.0594399348699,37.1099313169527,36.7307959501615
-4.59999999999999,36.723107494921,36.4653624002937,37.5323138128132,37.9252443152842
-4.5,37.8311109454299,36.8413046838977,37.9220486719108,39.1004892335513
-4.39999999999999,38.920692207453,37.1870157782172,38.2788742728729,40.2545146255863
-4.3,39.9901038683031,37.5023644413691,38.6026611788942,41.3854272057417
-4.19999999999999,41.0377113953131,37.7873397245372,38.8934127154866,42.4914628372017
-4.09999999999999,42.0619981010429,38.0420509082097,39.1512648904146,43.570992046983
-4,43.0615693415645,38.2667268440365,39.3764856523349,44.6225246729596
-3.89999999999999,44.0351559281205,38.4617147023283,39.5694734881986,45.6447136205791
-3.8,44.9816167375083,38.6274781283978,39.7307553630414,46.6363577126423
-3.69999999999999,45.8999405116906,38.7645948141295,39.8609840093483,47.5964036213162
-3.59999999999999,46.7892468423331,38.8737534943207,39.9609345767309,48.5239468774148
-3.5,47.6487863412068,38.9557503804757,40.0315006561608,49.4182319578857
-3.39999999999999,48.4779400026036,39.0114850478076,40.0736896964519,50.2786514583225
-3.3,49.276217769095,39.0419557942162,40.0886178340561,51.1047443631695
-3.19999999999999,50.0432563170617,39.0482544929296,40.077504160504,51.8961934320401
-3.09999999999999,50.7788160834024,39.0315609633191,40.0416644549809,52.6528217262031
-3,51.482777559686,38.9931368870931,39.9825044125391,53.3745883047679
-2.89999999999999,52.1551368846675,38.9343192996374,39.9015124013143,54.0615831253776
-2.8,52.7960007705596,38.856513688683,39.8002517848022,54.7140211892705
-2.69999999999999,53.4055808026788,38.7611867347246,39.6803528477556,55.3322359753575
-2.59999999999999,53.9841871560457,38.6498587296802,39.5435043665635,55.9166722124541
-2.5,54.5322217762029,38.5240957121556,39.3914448670572,56.4678780429795
-2.39999999999999,55.0501710748701,38.3855013593519,39.2259536145435,56.9864966352484
-2.3,55.53859819409,38.235708677107,39.0488413824801,57.4732573049285
-2.19999999999999,55.9981348951886,38.0763715308029,38.8619410475698,57.9289662092746
-2.09999999999999,56.4294731311723,37.9091560608724,38.6670980601563,58.3544966803785
-2,56.8333563630989,37.7357320274099,38.4661608396383,58.7507792658588
-1.89999999999999,57.2105706824679,37.5577641289161,38.2609711451867,59.118791547151
-1.8,57.561935802775,37.3769033404881,38.0533544723326,59.4595478068331
-1.69999999999999,57.8882959840583,37.1947783168002,37.8451105260087,59.7740886172244
-1.59999999999999,58.1905109545205,37.0129869050031,37.6380038203498,60.0634704228202
-1.5,58.4694468931451,36.8330878122041,37.433754455012,60.3287551889725
-1.39999999999999,58.7259675366356,36.6565924714826,37.2340291169388,60.5710001885975
-1.3,58.9609254729928,36.484957149435,37.0404323554082,60.7912479975841
-1.19999999999999,59.1751536826263,36.319575337055,36.8544981768189,60.9905167680073
-1.09999999999999,59.3694573860636,36.1617704643249,36.6776820040556,61.1697908462229
-1,59.5446062551047,36.0127889772442,36.5113530433861,61.3300118004471
-0.899999999999991,59.7013270416687,35.8737938141555,36.3567870997281,61.4720699195301
-0.799999999999997,59.8402966756247,35.7458583161518,36.215159878771,61.5967962413226
-0.699999999999989,59.9621358795994,35.6299606040823,36.0875408118707,61.7049551653463
-0.599999999999994,60.0674033451356,35.5269784522243,35.9748874368689,61.7972377004243
-0.5,60.1565905106666,35.4376846860658,35.8780403650269,61.8742553935372
-0.399999999999991,60.2301169775856,35.3627431288737,35.7977188611432,61.9365349814799
-0.299999999999997,60.2883265962716,35.3027051188043,35.7345170606371,61.9845138019208
-0.199999999999989,60.3314842492931,35.2580066152831,35.6889008439712,62.0185359952557
-0.0999999999999943,60.3597733541979,35.228965910233,35.661205385252,62.0388495232292
0,60.3732941033313,35.2157819565053,35.651633388225,62.0456040247032
0.0999999999999943,60.3720624530408,35.2185333225638,35.6602540191761,62.0388495232292
0.199999999999989,60.3560098694601,35.2371777791244,35.6870025425015,62.0185359952558
0.299999999999997,60.3249838328556,35.2715525200654,35.7316806609177,61.9845138019208
0.399999999999991,60.2787490972839,35.3213750165269,35.7939575584849,61.9365349814799
0.5,60.216989697108,35.3862444997248,35.8733716408311,61.8742553935372
0.599999999999994,60.1393116867646,35.465644064638,35.9693329632053,61.7972377004243
0.699999999999989,60.0452465951139,35.5589433833994,36.081126333286,61.7049551653464
0.799999999999997,59.9342555707642,35.665402013962,36.2079150720426,61.5967962413226
0.899999999999991,59.8057341899795,35.7841732864286,36.3487454124105,61.4720699195302
1,59.6590178941834,35.9143087463472,36.5025515121219,61.3300118004472
1.09999999999999,59.4933880196954,36.0547631313096,36.668161053748,61.1697908462229
1.19999999999999,59.3080783782039,36.2043998543531,36.8443014018726,60.9905167680074
1.3,59.1022823426258,36.3619969649754,37.0296062843543,60.7912479975842
1.39999999999999,58.875160389447,36.5262535560521,37.2226229618558,60.5710001885976
1.5,58.6258480454039,36.6957965825942,37.4218198472431,60.3287551889726
1.59999999999999,58.3534641834845,36.8691880561282,37.625594534097,60.0634704228203
1.69999999999999,58.0571196106978,37.0449325765229,37.8322821914514,59.7740886172245
1.8,57.7359258879268,37.2214851613466,38.0401642799785,59.4595478068331
1.89999999999999,57.3890043204284,37.3972593313138,38.2474775432079,59.1187915471511
2,57.0154950562072,37.5706354090923,38.4524232259844,58.7507792658589
2.09999999999999,56.6145662285649,37.7399689876844,38.6531764712588,58.3544966803786
2.19999999999999,56.1854230786271,37.9035995237883,38.8478958454672,57.9289662092747
2.3,55.7273169935705,38.059859010974,39.0347329421929,57.4732573049286
2.39999999999999,55.2395543966236,38.2070806871989,39.2118420135218,56.9864966352485
2.5,54.7215054256845,38.343607731117,39.3773895784981,56.4678780429795
2.59999999999999,54.1726123385935,38.4678019018195,39.529563958368,55.9166722124542
2.69999999999999,53.5923975846936,38.5780520770802,39.6665846888461,55.3322359753576
2.8,52.9804714843162,38.6727826458505,39.7867117604724,54.7140211892706
2.89999999999999,52.3365394602168,38.75046171167,39.8882546392155,54.0615831253777
3,51.660408767739,38.8096090648079,39.969581020834,53.374588304768
3.09999999999999,50.951994673603,38.8488038823306,40.029125274113,52.6528217262032
3.19999999999999,50.2113260366488,38.866692116887,40.0653965299365,51.8961934320402
3.3,49.4385502476269,38.8619935368097,40.0769863752363,51.1047443631695
3.39999999999999,48.6339374891581,38.8335083821358,40.0625761131471,50.2786514583226
3.5,47.7978842812861,38.780123603338,40.0209435531987,49.4182319578858
3.59999999999999,46.93091628257,38.700818651923,39.950969298057,48.5239468774149
3.69999999999999,46.0336903213936,38.5946707945734,39.8516424961856,47.5964036213163
3.8,45.1069956370623,38.4608599251744,39.7220660328111,46.6363577126424
3.89999999999999,44.151754315298,38.2986728518643,39.5614611347248,45.6447136205792
4,43.1690209078766,38.1075070391463,39.3691713677219,44.6225246729597
4.09999999999999,42.1599812313715,37.8868737881083,39.1446660088488,43.570992046983
4.19999999999999,41.1259503452075,37.6364008408677,38.8875427790753,42.4914628372017
4.3,40.0683697144904,37.3558343985029,38.5975299255186,41.3854272057418
4.39999999999999,38.9888035682945,37.0450405449097,38.2744876458943,40.2545146255864
4.5,37.8889344692481,36.7040060722254,37.9184088514347,39.1004892335514
4.59999999999999,36.7705581153229,36.3328387066765,37.5294192680853,37.9252443152842
4.69999999999999,35.6355773996555,35.9317667368979,37.1077768793327,36.7307959501615
4.8,34.4859957590043,35.5011380499436,36.6538707175241,35.5192758493476
4.89999999999999,33.3239098460166,35.0414185833255,36.1682190139806,34.2929234254353
5,32.151501564834,34.5531902044706,35.6514667215707,33.0540771370104
5.09999999999999,30.9710295136737,34.0371480319597,35.104382426678,31.8051651561334
5.19999999999999,29.7848198818427,33.4940972157831,34.5278546706414,30.5486954110606
5.3,28.5952568521809,32.9249491966089,33.9228877037677,29.2872450605436
5.39999999999999,27.4047725631274,32.3307174666899,33.290596697876,28.0234494596889
5.5,26.2158366874702,31.7125128575224,32.6322024460391,26.7599906806279
5.59999999999999,25.0309456873495,31.0715383817055,31.9490255807071,25.4995856541194
5.69999999999999,23.8526118072026,30.4090836586092,31.2424803437266,24.2449740006497
5.8,22.6833518680901,29.7265189554502,30.5140679438981,22.998905621616
5.89999999999999,21.5256759281767,29.0252888771693,29.7653695396236,21.7641281227468
6,20.3820758750757,28.3069057401023,28.9980388858828,20.5433741430294
6.09999999999999,19.2550140162947,27.5729426658363,28.2137946862384,19.3393486630737
6.19999999999999,18.1469117341194,26.8250264328184,27.4144126917812,18.1547163670296
6.3,17.0601382709763,26.0648301242609,26.6017175899102,16.9920891319088
6.39999999999999,15.9969997105912,25.2940656116264,25.7775747265673,15.8540137174299
6.5,14.9597282191412,24.5144759135038,24.9438817060263,14.7429597283168
6.59999999999999,13.9504716090802,23.7278274699894,24.1025599125757,13.661307919355
6.69999999999999,12.9712832864025,22.9359023727609,23.2555459984077,12.6113389114373
6.8,12.0241126398397,22.1404905908928,22.4047833817755,11.5952223843521
6.89999999999999,11.1107959278383,21.3433822320944,21.5522137989701,10.615006809174
7,10.233047716186,20.5463598784751,20.6997689529292,9.67260977984606
7.09999999999999,9.39245291585942,19.7511910351553,19.8493623003235,8.76980899991261
7.19999999999999,8.59045946705861,18.9596207290446,19.0028810177656,7.908233976386
7.3,7.82837171152239,18.173364293927,18.1621781863872,7.08935846845615
7.39999999999999,7.10734449109164,17.3941003766133,17.3290652324144,6.31449373418208
7.5,6.42837800613564,16.6234641973688,16.5053046595684,5.58478261348932
7.59999999999999,5.79231346291656,15.8630410961069,15.6926031071418,4.90119448076037
7.69999999999999,5.1998295342498,15.1143603939572,14.8926047654416,4.26452109507208
7.8,4.65143965297645,14.3788895978036,14.1068851779969,3.67537337075469
7.89999999999999,4.14749015280838,13.6580289732321,13.3369454574852,3.13417908543917
8,3.68815926608028,12.953106509062,12.5842069397652,2.64118153716709
8.09999999999999,3.27345698287811,12.265373294264,11.8500062977441,2.19643915649846
8.19999999999999,2.90322577093043,11.5959993256088,11.1355911340378,1.79982607389026
8.3,2.57714215059679,10.9460697618566,10.4421160685598,1.45103363698544
8.39999999999999,2.29471911428095,10.3165816377081,9.77063933428142,1.14957286686651
8.5,2.0553093746774,9.70844104810106,9.122119891479,0.89477783683689
8.59999999999999,1.85810942145576,9.12246081077945,8.49741506784233,0.685809951925108
8.69999999999999,1.70216436132342,8.5593586123837,7.89727872885675,0.521663102093283
8.8,1.58637351191881,8.01975564064574,7.32235997994128,0.401169657109571
8.89999999999999,1.50949671569563,7.50417570261847,6.77320239891019,0.323007266237807
9,1.47016133589178,7.01304482625207,6.25024379446288,0.285706421340322
9.09999999999999,1.46686989285989,6.54669134006334,5.75381648360871,0.287658737706835
9.19999999999999,1.49800829548815,6.105346423133,5.28414807820453,0.327125902937738
9.3,1.56185461918603,5.68914511523972,4.8413627681565,0.402249240548982
9.39999999999999,1.65658837896296,5.29812777459445,4.42548308630845,0.51105983164718
9.5,1.78030024351019,4.93224196839949,4.03643213763523,0.65148913506734
9.59999999999999,1.93100213391669,4.59134477933003,3.67403627308684,0.821380043786566
9.69999999999999,2.10663764872577,4.2752055090296,3.33802818629604,1.01849831324075
9.8,2.30509275547511,3.98350875784348,3.02805040938941,1.24054429538593
9.89999999999999,2.5242066876705,3.71585785828454,2.7436591823264,1.48516491097297
10,2.76178298532572,3.47177863814946,2.4843286685502,1.74996579154802
10.1,3.0156006167595,3.25072348778583,2.24945548827336,2.03252352215282
10.2,3.28342511927909,3.05207570475346,2.03836353944155,2.33039791558457
10.3,3.56301969669127,2.87515408803937,1.85030907533325,2.64114424937457
10.4,3.85215621226646,2.71921775307169,1.68448600685816,2.96232539736077
10.5,4.14862601682949,2.58347113804099,1.54003139691918,3.2915237888503
10.6,4.45025055305305,2.46706917147909,1.41603111370311,3.62635312988275
10.7,4.75489167877838,2.36912257066317,1.31152560946065,3.96446982300751
10.8,5.0604616542641,2.28870324021245,1.2255157912307,4.30358402425496
10.9,5.36493274065825,2.22484974021743,1.15696895005049,4.64147027860367
11,5.6663463596805,2.17657279339169,1.10482471547093,4.97597767820011
11.1,5.96282176747038,2.14286080105623,1.06800100266151,5.30503949085154
11.2,6.25256419879018,2.12268533825285,1.04539992003321,5.62668220987155
11.3,6.53387244123476,2.11500659893212,1.03591360612779,5.93903398017558
11.4,6.80514580278347,2.11877876296504,1.03842996550742,6.24033235958645
11.5,7.06489043989838,2.13295525767977,1.05183827452306,6.52893137858205
11.6,7.31172501740619,2.1564938877179,1.07503462913384,6.80330786617339
11.7,7.54438567557483,2.18836180822965,1.1069272083822,7.06206701421565
11.8,7.76173028407631,2.22754031777513,1.14644132869118,7.30394715718994
11.9,7.96274196689583,2.27302944876033,1.19252426582896,7.52782374932828
12,8.14653188666907,2.3238523348,1.24414982317011,7.73271252585073
12.1,8.31234128138062,2.37905933605607,1.30032262676021,7.91777184001401
12.2,8.45954275080986,2.43773190533686,1.3600821296491,8.08230417260616
12.3,8.58764079453533,2.49898617954896,1.42250630998318,8.22575681542725
12.4,8.69627160768209,2.56197628295765,1.48671504942772,8.34772173514609
12.5,8.78520214488941,2.62589733062166,1.55187318061147,8.44793462868568
12.6,8.8543284671634,2.68998812231145,1.61719319443469,8.52627318593716
12.7,8.9036733903378,2.75353351918609,1.68193760024599,8.58275458010768
12.8,8.93338345776957,2.81586649747833,1.74542093405774,8.61753221034321
12.9,8.9437252636249,2.87636987541104,1.80701141212349,8.63089172540988
13,8.9350811566416,2.93447771152716,1.86613222932988,8.62324636114188
13.1,8.90794435756858,2.98967637454953,1.92226250394711,8.59513162804949
13.2,8.86291352656185,3.04150528678482,1.97493787232614,8.54719938890637
13.3,8.80068681964418,3.08955734493679,2.02375073911321,8.48021136928308
13.4,8.72205547589706,3.13347902398748,2.0683501904649,8.39503214684694
13.5,8.62789697933527,3.17297017153247,2.10844157957709,8.29262166779242
13.6,8.51916784140643,3.20778350160597,2.14378579558048,8.17402734098984
13.7,8.39689605174978,3.23772379859853,2.17419822849509,8.04037576233066
13.8,8.2621732462345,3.26264684334277,2.19954744446648,7.89286412330064
13.9,8.11614664237041,3.28245807481622,2.21975358692216,7.73275135901736
14,7.96001079294397,3.29711100217756,2.23478652057959,7.56134909182717
14.1,7.79499920917311,3.30660538300691,2.24466373640194,7.38001242706271
14.2,7.62237590480182,3.31098518465901,2.24944803663041,7.19013065771963
14.3,7.44342691236947,3.31033634655385,2.24924501991675,6.99311793462245
14.4,7.25945182239425,3.30478436202086,2.24420038733576,6.79040395811695
14.5,7.07175539541522,3.29449169897668,2.23449709067091,6.58342474646308
14.6,6.88163929574721,3.2796550792512,2.22035234483659,6.37361353491037
14.7,6.69039399442966,3.260502636781,2.20201452662777,6.16239185793302
14.8,6.49929088720681,3.2372909751637,2.17975998217174,5.95116086529759
14.9,6.3095746714725,3.210302145211,2.15388976549919,5.74129292054134
15,6.12245602396691,3.17984056315465,2.12472633055522,5.53412352807876
15.1,5.93910461863788,3.14622989004961,2.09261019873864,5.33094363253739
15.2,5.76064252149391,3.10980989268569,2.05789662369222,5.13299233107561
15.3,5.58813799650019,3.07093330596669,2.02095227457529,4.9414500363743
15.4,5.42259975361801,3.02996271624789,1.98215195843482,4.75743212474001
15.5,5.26497166698681,2.98726748454544,1.94187540156088,4.58198310033623
15.6,5.11612798801344,2.94322072784768,1.90050410887245,4.41607130299019
15.7,4.97686907478955,2.89819637597768,1.85841831943735,4.26058418333216
15.8,4.84791765582639,2.85256632058261,1.81599407519329,4.11632416523666
15.9,4.72991564259643,2.80669767186694,1.77360041881438,3.98400511167155
16,4.62342150183094,2.76095013765062,1.73159673546665,3.86424940615189
16.1,4.5289081949578,2.71567353822781,1.69033025192735,3.75758565806014
16.2,4.44676168850131,2.67120546933362,1.65013370521322,3.66444703616016
16.3,4.3772800357259,2.62786912430669,1.61132319148515,3.58517023072428
16.4,4.32067302630885,2.58597128526881,1.57419620457647,3.51999504083135
16.5,4.27706239739671,2.54580049184233,1.53902987204254,3.46906457960567
16.6,4.24648259605369,2.50762539459667,1.5060793951581,3.43242608647226
16.7,4.22888207986971,2.47169329906803,1.47557669780606,3.41003233192545
16.8,4.22412513937827,2.43822890483952,1.44772928771736,3.40174359686594
16.9,4.23199422295736,2.4074332428105,1.42271933204452,3.40733020527522
17,4.25219274206838,2.37948281243312,1.40070294779177,3.42647558588486
17.1,4.284348332041,2.35452891935926,1.38180970619069,3.45877983557676
17.2,4.32801654115356,2.33269721262938,1.36614234871037,3.50376375453726
17.3,4.38268491849849,2.31408741925588,1.35377671103494,3.56087332069388
17.4,4.44777746907382,2.29877327281252,1.34476185003454,3.62948456870398
17.5,4.52265944271424,2.28680263144789,1.33912036750845,3.70890883674828
17.6,4.60664242187646,2.27819777959945,1.33684892329575,3.7983983426197
17.7,4.69898967193151,2.2729559066028,1.33791892923782,3.89715204909643
17.8,4.79892171649536,2.27104975437434,1.34227741444272,4.00432177735274
17.9,4.9056220994539,2.27242842539834,1.34984805135012,4.1190185261976
18,5.01824329470939,2.27701834137893,1.36053233123155,4.24031895423971
18.1,5.13591272429574,2.28472434212456,1.37421087698774,4.36727198166092
18.2,5.25773884537638,2.2954309135242,1.39074488042714,4.49890546813617
18.3,5.38281726675007,2.30900353285103,1.40997765062896,4.63423292356341
18.4,5.51023685584282,2.32529011909517,1.43173625951351,4.7722602086599
18.5,5.63908579775152,2.34412257558278,1.45583327036254,4.91199218313223
18.6,5.76845756872208,2.36531841178669,1.4820685347543,5.05243926003192
18.7,5.89745678748312,2.38868243097381,1.51023104320184,5.19262382605689
18.8,6.02520490910469,2.41400847016694,1.5401008147082,5.33158648893898
18.9,6.15084572750344,2.44108117882362,1.57145081047735,5.46839211466188
19,6.27355065435504,2.46967782264993,1.60404885714347,5.60213561906444
19.1,6.39252374399295,2.49957009907237,1.63765956510058,5.73194748039194
19.2,6.50700643585425,2.53052595108311,1.67204622782753,5.85699894154455
19.3,6.616281988163,2.56231136645075,1.70697268850489,5.97650687312328
19.4,6.71967957880891,2.59469214964697,1.7422051607083,6.08973827087336
19.5,6.81657805176167,2.62743565427557,1.77751399053142,6.19601436375392
19.6,6.90640928984982,2.66031246430016,1.81267534813584,6.29471431160544
19.7,6.98866119730594,2.69309801294616,1.84747283744118,6.38527847422294
19.8,7.06288027812309,2.72557412879625,1.88169901344838,6.46721123655504
19.9,7.12867379896283,2.75753049930184,1.91515679752888,6.54008337771862
20,7.18571152808592,2.78876604268981,1.94766078190389,6.60353397452601
20.1,7.23372704452594,2.81909018004935,1.97903841547601,6.65727183324814
20.2,7.27251861447622,2.84832400023132,2.00913106415268,6.70107644636444
20.3,7.3019496345954,2.87630131107624,2.03779493981027,6.73479847405889
20.4,7.3219486446399,2.90286957140108,2.064901893083,6.75835975319499
20.5,7.33250891448677,2.92789069911242,2.09034006621342,6.77175283942134
20.6,7.33368761320196,2.95124175176846,2.11401440326623,6.77504009090796
20.7,7.32560457032253,2.97281547687796,2.13584701607542,6.76835230497488
20.8,7.3084406419426,2.99252073019464,2.15577740536032,6.75188692153277
20.9,7.28243569650728,3.01028276123365,2.17376253750239,6.72590580979614
21,7.24788623741584,3.02604336619733,2.18977677851377,6.69073265713892
21.1,7.2051426816012,3.03976090944376,2.20381168774539,6.64674998122728
21.2,7.15460631517771,3.05141021555783,2.21587567486962,6.59439578867284
21.3,7.0967259490234,3.06098233498503,2.22599352462418,6.5341599053915
21.4,7.03199429877705,3.06848418705765,2.23420579471565,6.4665800056179
21.5,6.96094411517745,3.07393808507636,2.24056809314463,6.39223736810611
21.6,6.88414409194491,3.07738114890114,2.24515024202852,6.31175238943511
21.7,6.80219457949891,3.07886461125256,2.2480353357545,6.22577988552782
21.8,6.7157231337155,3.07845302461919,2.24931870199216,6.13500421348057
21.9,6.62537992965088,3.07622337630968,2.24910677472808,6.04013424658096
22,6.53183307069201,3.07226411977199,2.24751588904949,5.94189823596644
22.1,6.43576382393952,3.06667413082666,2.24467100789917,5.84103859274073
22.2,6.33786181278332,3.05956159792173,2.24070439144584,5.73830662452186
22.3,6.23882019759873,3.05104285591231,2.23575422006123,5.63445726034587
22.4,6.13933087527288,3.04124117319622,2.22996318216634,5.53024379759641
22.5,6.04007972787122,3.03028550229678,2.22347703840323,5.42641270417773
22.6,5.94174195017718,3.01830920417391,2.21644317370476,5.32369850850021
22.7,5.84497748508913,3.00544875666494,2.20900914887339,5.2228188090124
22.8,5.75042659494595,2.99184245750666,2.20132126324129,5.12446943399713
22.9,5.65870559578047,2.97762913237036,2.19352313986949,5.02931978115901
23,5.57040278028042,2.96294685825334,2.18575434455337,4.93800836517976
23.1,5.48607455387523,2.94793171241405,2.1781490496398,4.85113859991061
23.2,5.40624180687551,2.93271655681541,2.17083475332701,4.76927484022308
23.3,5.33138654398074,2.91742986775508,2.16393106471697,4.69293870676008
23.4,5.26194879074873,2.90219462001255,2.15754856442349,4.62260571493
23.5,5.19832379480184,2.88712723443606,2.15178775001046,4.55870222748193
23.6,5.14085953763918,2.87233659742908,2.14673807494919,4.5016027479011
23.7,5.08985457094398,2.85792316027978,2.14247708914305,4.45162756968502
23.8,5.04555618923464,2.84397812571212,2.13906968837864,4.40904079431595
23.9,5.00815894861665,2.83058272842697,2.13656747932822,4.37404872844738
24,4.97780353926596,2.81780761574981,2.13500826595333,4.34679866848624
24.1,4.95457601712321,2.80571233381397,2.1344156623505,4.32737807839186
24.2,4.93850739811635,2.79434492398721,2.1347988362398,4.31581416414078
24.3,4.92957361606847,2.78374163350185,2.13615238643348,4.31207384593912
24.4,4.92769584330104,2.77392674347674,2.13845635673784,4.31606412691181
24.5,4.93274117082156,2.76491251673076,2.14167638784478,4.32763285467701
24.6,4.94452364290188,2.75669926698429,2.14576400786332,4.34656986993539
24.7,4.96280563881887,2.74927555023479,2.15065706123327,4.3726085339807
24.8,4.9872995925556,2.74261847827795,2.15628027485681,4.40542762488242
24.9,5.01767003935754,2.73669415353316,2.16254595938574,4.44465359001473
25,5.05353597621535,2.73145822352578,2.16935484271712,4.48986314061835
25.1,5.09447352161276,2.72685655258298,2.17659703188323,4.54058617219537
25.2,5.14001885824366,2.72282600752059,2.18415309867825,4.5963089927585
25.3,5.18967144087377,2.71929535333867,2.19189528354867,4.65647783929668
25.4,5.24289745010881,2.71618625420902,2.19968881149166,4.72050266128491
25.5,5.29913347153629,2.7134143743314,2.2073933129599,4.78776114866477
25.6,5.35779037854064,2.71089057256215,2.21486434206673,4.85760298046048
25.7,5.41825739605477,2.70852218408184,2.22195498372599,4.92935426907802
25.8,5.47990632160902,2.70621438177184,2.22851754074986,5.00232217436591
25.9,5.54209587927653,2.70387160941558,2.23440529136876,5.07579966070118
26,5.60417618149193,2.70139907833316,2.23947430713295,5.14907036970251
26.1,5.66549327324154,2.69870431859891,2.24358532070839,5.2214135806696
26.2,5.7253937327892,2.69569877558421,2.24660563269172,5.29210923050136
26.3,5.78322930291022,2.69229944221357,2.2484110462435,5.36044296465779
26.4,5.83836152655896,2.68843051702287,2.24888781807547,5.42571119069871
26.5,5.89016636098988,2.68402507786603,2.24793461412923,5.48722610605704
26.6,5.93803874458561,2.67902676093148,2.24546445814962,5.54432067198005
26.7,5.98139709101634,2.67339143460276,2.24140666128839,5.59635350599813
26.8,6.01968768585843,2.66708885763023,2.2357087208704,5.64271366585083
26.9,6.05238896143264,2.66010431107163,2.2283381765182,5.68282529851127
27,6.07901562637784,2.65244019350921,2.21928441195717,5.71615212879444
27.1,6.09912262735109,2.6441175691593,2.2085603910156,5.74220176300959
27.2,6.11230892123067,2.63517765865569,2.19620431658675,5.76052978421155
27.3,6.11822103729072,2.62568326250979,2.182281201635,5.77074361681547
27.4,6.11655641000612,2.61572010752728,2.16688434170086,5.7725061396553
27.5,6.10706646442751,2.6053981067906,2.15013667879005,5.76553902797999
27.6,6.08955943743018,2.59485252419756,2.13219204701543,5.74962580638461
27.7,6.06390291957948,2.58424503497582,2.11323629089614,5.72461459625668
27.8,6.0300261038604,2.57376467406935,2.09348824780203,5.69042054297225
27.9,5.98792172908238,2.5636286648129,2.07320058666004,5.64702790979203
28,5.93764770738091,2.55408312087074,2.05266049570969,5.594491827174
28.1,5.87932842688997,2.54540361501467,2.0321902128031,5.53293968802878
28.2,5.81315572234085,2.53789560894882,2.01214739248747,5.46257218128334
28.3,5.73938950804685,2.53189473905258,1.99292530488055,5.38366395798157
28.4,5.65835806944967,2.52776695360396,1.97495286214851,5.29656392602373
28.5,5.5704580111236,2.52590849776091,1.95869446921625,5.20169517152323
28.6,5.47615386084837,2.52674574331279,1.94464969617875,5.09955450662772
28.7,5.37597733106248,2.53073486096547,1.93335277073387,4.99071164550266
28.8,5.27052624068782,2.53836133368676,1.92537188981792,4.87580801200107
28.9,5.16046310196427,2.5501393104109,1.92130835049105,4.755555184333
29,5.04651337854284,2.56661080017691,1.92179550098568,4.63073298379421
29.1,4.92946342264984,2.58834470755268,1.92749751369336,4.5021872163084
29.2,4.8101581006443,2.61593571097001,1.93910798271987,4.37082707717064
29.3,4.68949811774201,2.65000298636257,1.95734834948017,4.23762223094743
29.4,4.5684370540625,2.69118877925413,1.98296616063108,4.1035995799814
29.5,4.44797812546688,2.74015682918574,2.01673316344444,3.9698397363605
29.6,4.3291706838876,2.79759065109337,2.05944324450635,3.8374732135379
29.7,4.21310647300087,2.86419167894951,2.11191021838122,3.70767635502192
29.8,4.10091565615574,2.94067727765836,2.17496547360326,3.58166701869303
29.9,3.99376263444374,3.027778629844,2.24945548404675,3.46070003634043
30,3.89284167366984,3.12623850478818,2.33623919437793,3.34606246894311
30.1,3.79937235976259,3.23680891735916,2.43618528890291,3.2390686790435
30.2,3.71459490283917,3.36024868532092,2.55016935369433,3.14105524227608
30.3,3.63976531071612,3.49732089392173,2.67907094240325,3.05337572071496
30.4,3.5761504531283,3.64879027712912,2.82377055663799,2.97739532119317
30.5,3.52502303828578,3.81542052530465,2.98514655221912,2.91448546212067
30.6,3.48765652366135,3.99797152949256,3.1640719829946,2.86601827258903
30.7,3.46531998305937,4.19719657283188,3.36141139422315,2.83336104769727
30.8,3.45927295207193,4.41383947988887,3.57801757780316,2.81787068406776
30.9,3.47076027398068,4.64863173494657,3.81472830184017,2.8208881194442
31,3.50100696801486,4.90228958047794,4.07236302720647,2.84373280007804
31.1,3.55121314162981,5.17551110716966,4.35171962385126,2.88769719931695
31.2,3.6225489681285,5.46897334695419,4.65357109966992,2.95404141041382
31.3,3.71614975051395,5.78332938054731,4.97866235473485,3.04398783607844
31.4,3.83311109193711,6.11920547097945,5.32770697363112,3.15871599670286
31.5,3.97448419249567,6.47719823454884,5.70138406852447,3.29935747850734
31.6,4.14127129144923,6.85787186051633,6.10033518542248,3.46699104208354
31.7,4.33442127314972,7.2617553907055,6.52516128586982,3.66263791095888
31.8,4.55482545414699,7.68934006996713,6.9764198160477,3.88725725887596
31.9,4.80331356802426,8.14107677821816,7.45462187492877,4.14174191348066
32,5.08064996355083,8.61737355447125,7.96022949277187,4.426914293046
32.1,5.38753003071551,9.11859322293244,8.49365303082751,4.74352259173239
32.2,5.72457686813081,9.64505113086894,9.0552487126717,5.09223722770672
32.3,6.09233820417804,10.1970130075298,9.6453162970879,5.47364756721562
32.4,6.49128358310594,10.7746929529497,10.2640969018827,5.88825893644157
32.5,6.92180182610313,11.3782515649754,10.9117709874504,6.33648993166937
32.6,7.38419877614706,12.0077942123366,11.5884565082989,6.81867003696165
32.7,7.87869533419054,12.6633694610281,12.2942072401137,7.33503755719162
32.8,8.4054257929919,13.3449676606943,13.0290112892783,7.88573787291581
32.9,8.96443647363035,14.0525196971055,13.7927897910825,8.47082202219763
33,9.55568466847735,14.7858959161873,14.5853958021439,9.09024561311494
33.1,10.1790378931296,15.5449052244251,15.4066133918463,9.7438680693149
33.2,10.8342734485476,16.3292943698034,16.256156936854,10.4314522096168
33.3,11.5210782933987,17.1387474067682,17.1336706220168,11.1526641613178
33.4,12.2390492253733,17.9728853480177,18.0387281502177,11.9070736055345
33.5,12.9876933690392,18.8312660052356,18.9708326629512,12.6941543516124
33.6,13.7664289666198,19.7133840201881,19.9294168726546,13.5132852363744
33.7,14.5745864669383,20.6186710869079,20.9138434070506,14.3637513427498
33.8,15.4114099066614,21.5464963649939,21.9234053649957,15.2447455311384
33.9,16.2760585769116,22.4961670833663,22.9573270825776,16.1553702757274
34,17.1676089672908,23.4669293331314,24.0147651074598,17.0946397968856
34.1,18.0850569783906,24.457969047535,25.0948093787422,18.0614824797277
34.2,19.0273203929392,25.4684131663275,26.1964846088911,19.0547435679609
34.3,19.9932415948687,26.497330981206,27.3187518635935,20.073188121207
34.4,20.9815905247787,27.5437356583825,28.4605103347207,21.1155042231438
34.5,21.9910678595216,28.6065859337038,29.6205993009293,22.180306427015
34.6,23.020308402946,29.684787975169,30.7978002698021,23.2661394243403
34.7,24.0678846742109,30.7771974071225,31.9908392948366,24.3714819220041
34.8,25.1323106795241,31.8826214898603,33.1983894600157,25.4947507123202
34.9,26.2120458526627,32.9998214478792,34.4190735241627,26.6343049201626
35,27.3054991492053,34.1275149395119,35.6514667167737,27.7884504108103
35.1,28.4110332790478,35.2643786602451,36.894099676559,28.955444341797
35.2,29.5269690614778,36.4090510715926,38.1454615234863,30.1334998417586
35.3,30.6515898868572,37.5601352470139,39.4040030547265,31.3207907990554
35.4,31.7831462688024,38.7162018260167,40.6681400545469,32.5154567428
35.5,32.9198604706566,39.8757920672631,41.9362567078773,33.7156077988397
35.6,34.0599311900188,41.0374209912225,43.2067091069988,34.9193297032432
35.7,35.2015382851274,42.1995806026705,44.4778288405667,36.1246888558952
35.8,36.3428475269911,43.3607431831241,45.7479266539841,37.3297373969344
35.9,37.4820153613176,44.5193646431412,47.0152961699861,38.5325182889622
36,38.617193664503,45.6738879242737,48.2782176581825,39.731070388202
36.1,39.7465344782119,46.8227464403769,49.5349618422284,40.9234334881023
36.2,40.8681947074096,47.9643675479189,50.7837937332658,42.1076533192524
36.3,41.980340767073,49.0971760349121,52.0229764782789,43.2817864898979
36.4,43.081153163238,50.2195976181136,53.2507752120569,44.4439053518244
36.5,44.1688309945083,51.3300624381876,54.4654609015408,45.5921027769038
36.6,45.2415963606586,52.4270085426173,55.6653141714519,46.7244968301617
36.7,46.2976986655249,53.5088853462721,56.8486291002608,47.8392353258405
36.8,47.335418801955,54.5741570596985,58.0137169757466,48.9345002535807
36.9,48.3530732072205,55.6213060753877,59.1589099996293,50.0085120625277
37,49.3490177779419,56.6488363024942,60.2825649310153,51.0595337918844
37.1,50.3216516342552,57.6552764407331,61.3830666586878,52.0858750371764
37.2,51.2694207236559,58.6391831844573,62.458831692604,53.0858957422579
37.3,52.1908212556755,59.5991443482253,63.5083115652988,54.05800980788
37.4,53.0844029592878,60.5337819055021,64.5299961342844,55.000688508439
37.5,53.9487721556951,61.4417549324868,65.5224167769269,55.9124637093448
37.6,54.7825946399082,62.3217624494427,66.4841494697102,56.791930878272
37.7,55.5845983653073,63.1725461522995,67.4138177442409,57.6377518843899
37.8,56.3535759261417,63.9928930277174,68.3100955128111,58.4486575805008
37.9,57.0883868337067,64.7816378452325,69.1717097568185,59.22345016385
38,57.787959582708,65.5376655205556,69.997443071836,59.9610053122037
38.1,58.45129350509,66.2599133445545,70.7861360636352,60.6602740926079
38.2,59.0774604093707,66.9473730729261,71.5366895899841,61.3202846410603
38.3,59.6656060042682,67.5990928720434,72.2480668435684,61.940143612122
38.4,60.2149511061496,68.2141791169595,72.9192952719242,62.519037398283
38.5,60.7247926305443,68.7917980380364,73.5494683308043,63.0562331196593
38.6,61.1945043686749,69.3311772131779,74.1377470679483,63.5510793853456
38.7,61.6235375506366,69.8316069031379,74.6833615347669,64.0030068284681
38.8,62.0114211975166,70.2924412278837,75.1856120239967,64.4115284176785
38.9,62.3577622653843,70.7130991824924,75.6438701319191,64.7762395485023
39,62.6622455846893,71.0930654915567,76.0575796442756,65.0968179185907
39.1,62.924633599188,71.4318913015684,76.4262572455382,65.3730231915387
39.2,63.1447659090748,71.7291947112352,76.7494930517169,65.6046964545086
39.3,63.3225586235143,71.9846611401644,77.026950967397,65.7917594754418
39.4,63.4580035282641,72.1980435368153,77.2583688682007,65.9342137661527
39.5,63.5511670745388,72.3691624270818,77.4435586103519,66.032139458073
39.6,63.6021891956871,72.4979058053097,77.5824058695032,66.0856939978518
39.7,63.6112819586526,72.5842288699884,77.6748698114358,66.0951106704205
39.8,63.5787280575426,72.6281536067713,77.7209825976893,66.0606969574943
39.9,63.5048791569535,72.6297682218836,77.7208487296024,65.9828327398092
40,63.3901540929914,72.5892264293583,77.6746442346491,65.8619683516831
40.1,63.2350369401783,72.5067465959104,77.5826156993423,65.6986224967408
40.2,63.0400749526545,72.3826107476053,77.4450791533425,65.4933800338576
40.3,62.8058763882711,72.2171634428085,77.2624188097511,65.2468896425528
40.4,62.5331082243164,72.0108105162101,77.0350856668939,64.9598613772043
40.5,62.2224937737372,71.7640176990077,76.7635959771943,64.6330641195629
40.6,61.8748102107974,71.4773091205948,76.4485295890169,64.26732293911
40.7,61.4908860151677,71.1512656973499,76.0905281676134,63.8635163708412
40.8,61.0715983434583,70.7865234143428,75.6902933015311,63.4225736200564
40.9,60.6178703371945,70.383771505974,75.2485845010493,62.9454717037079
41,60.130668376193,69.9437505417433,74.7662170953933,62.4332325377944
41.1,59.6109992862263,69.4672504234978,74.2440600356276,61.8869199801953
41.2,59.0599075097628,68.9551083006432,73.6830336102661,61.3076368382203
41.3,58.4784722484473,68.4082064099109,73.0841070807457,60.6965218499969
41.4,57.8678045858353,67.8274698463658,72.4482962439939,60.0547466486465
41.5,57.2290445987202,67.2138642723986,71.7766609293818,59.383512717996
41.6,56.5633584651979,66.5683935714992,71.0703024373955,58.6840483483542
41.7,55.8719355773948,65.8920974536231,70.3303609273713,57.9576056006298
41.8,55.155985666548,65.1860490189682,69.5580127616353,57.2054572868132
41.9,54.4167359478733,64.4513522869605,68.7544678133611,56.4288939745513
42,53.6554282923823,63.6891396972072,67.9209667454076,55.6292210232532
42.1,52.8733164325261,62.9005695891164,67.058778267331,54.8077556588435
42.2,52.0716632082401,62.0868236668108,66.1691963776776,53.9658240939572
42.3,51.2517378596549,61.2491044558605,65.2535375985527,53.1047587000248
42.4,50.4148133724112,60.3886327582539,64.3131382093377,52.2258952373509
42.5,49.5621638811898,59.506645111894,63.349351486284,51.3305701489258
42.6,48.6950621367222,58.6043912607632,62.3635449545503,50.4201179233479
42.7,47.8147770412069,57.6831316417413,61.3570976590802,49.4958685318603
42.8,46.9225712567008,56.7441348938872,60.3313974605217,48.5591449441288
42.9,46.0196988907059,55.7886753958115,59.2878383621924,47.6112607270145
43,45.1074032628089,54.818030836561,58.2278178738749,46.6535177302086
43.1,44.1869147558831,53.8334798252392,57.1527344180051,45.6872038622239
43.2,43.2594487549966,52.8362995443533,56.0639847835711,44.7135909598544
43.3,42.3262036768216,51.8277634516592,54.962961632803,43.7339327538449
43.4,41.3883590919892,50.8091390350359,53.8510510654711,42.7494629331378
43.5,40.4470739424784,49.7816856246697,52.7296302453502,41.7613933096987
43.6,39.5034848557969,48.7466522665891,51.6000650931382,40.7709120855673
43.7,38.5587045573641,47.7052756613239,50.4637080498452,39.7791822234226
43.8,37.613820382185,46.6587781712063,49.3218959143833,38.7873399216111
43.9,36.6698928865763,45.6083658995661,48.1759477588126,37.7964931942507
44,35.7279545603982,44.5552268448034,47.0271629244085,36.8077205566984
44.1,34.7890086399379,43.5005291320549,45.876819101431,35.8220698163564
44.2,33.8540280212994,42.4454193248985,44.7261704951894,34.8405569684878
44.3,32.9239542738733,41.3910208192709,43.5764460807066,33.8641651964229
44.4,31.9996967531842,40.3384323215039,42.4288479480043,32.8938439752593
44.5,31.0821318121603,39.2887264121183,41.2845497397436,31.9305082778928
44.6,30.172102109618,38.2429481967467,40.1446951826746,30.9750378819658
44.7,29.2704160145215,37.2021140452959,39.0103967140733,30.0282767760822
44.8,28.3778471043593,36.167210420204,37.8827342040673,29.0910326634133
44.9,27.4951337557633,35.1391927943856,36.762753774483,28.1640765606082
45,26.6229788253116,34.1189846592203,35.651466714587,27.2481424897327
45.1,25.7620494182666,33.1074766226867,34.5498484938347,26.3439272607719
45.2,24.9129767428386,32.1055255975177,33.4588378714904,25.452090342076
45.3,24.0763560474064,31.1139540790129,32.3793361027392,24.5732538159672
45.4,23.2527466379919,30.1335495119314,31.3122062406786,23.7080024165974
45.5,22.4426719731525,29.1650637456662,30.2582725333466,22.8568836470183
45.6,21.6466198333495,28.2092125767008,29.2183199147316,22.0204079723214
45.7,20.8650425617452,27.2666753771471,28.1930935884947,21.1990490856078
45.8,20.0983573732992,26.3380948079785,27.1832987029405,20.3932442434712
45.9,19.3469467289583,25.4240766153905,26.1896001155791,19.6033946676073
46,18.6111587716742,24.525189508551,25.212622245445,18.8298660091098
46.1,17.8913078209369,23.6419651168459,24.2529490111706,18.0729888719763
46.2,17.1876749224711,22.7748980245705,23.3111238526482,17.3330593923113
46.3,16.5005084497243,21.9244458808829,22.3876498339743,16.6103398697059
46.4,15.830024753753,21.0910295826986,21.4829898252219,15.9050594472599
46.5,15.1764088581214,20.2750335280943,20.5975667604722,15.2174148367269
46.6,14.5398151954251,19.4768059376714,19.7317639694086,14.5475710852719
46.7,13.9203683820756,18.6966592412364,18.885925579681,13.895662380363
46.8,13.3181640280083,17.9348705270647,18.0603569871481,13.2617928893524
46.9,12.7332695780093,17.1916820509346,17.2553253910221,12.6460376303487
47,12.1657251814055,16.4673018020514,16.4710603908706,12.0484433710353
47.1,11.6155445869112,15.7619041229221,15.7077546423625,11.4690295521501
47.2,11.0827160594885,15.0756303801931,14.9655645685958,10.9077892324162
47.3,10.5672033161419,14.408589683424,14.2446111238045,10.3646900517813
47.4,10.068946477644,13.7608596487411,13.5449806062006,9.83967520991269
47.5,9.58786303326763,13.1324872042934,12.8667255166975,9.33266445697852
47.6,9.12384881568505,12.5234894344243,12.2098654602354,8.84355509384052
47.7,8.67677898328324,11.9338544594669,11.5743880864325,8.37222297888114
47.8,8.24650900724196,11.3635423480808,10.9602500662885,7.91852353879004
47.9,7.83287566081527,10.8124860590574,10.3673781016784,7.48229278073911
48,7.43569800836188,10.2805924095475,9.79566996439767,7.06334830348518
48.1,7.05477839177287,9.76774306669093,9.24499556154937,6.66149030504969
48.2,6.68990341205254,9.27379555966721,8.71519802409854,6.27650258473799
48.3,6.34084490391748,8.79858430922838,8.20609481546572,5.90815353737587
48.4,6.00736090138895,8.3419216718253,7.71747885707982,5.55619713775634
48.5,5.68919659246569,7.90359899549572,7.24911966786921,5.22037391340673
48.6,5.38608526107722,7.48338768474412,6.800764514733,4.90041190390324
48.7,5.09774921462908,7.08104027170967,6.37213957110223,4.59602760507604
48.8,4.82390069556617,6.69629149099346,5.962951080777,4.30692689656604
48.9,4.56424277549045,6.3288593555897,5.57288652430157,4.03280595130767
49,4.31847023048271,5.97844623145042,5.20161578522612,3.77335212562878
49.1,4.08627039638783,5.64473990829618,4.84879231368977,3.52824482877013
49.2,3.86732400293138,5.32741466437385,4.51405428485012,3.29715637073797
49.3,3.66130598564455,5.02613232295602,4.19702574978178,3.0797527875135
49.4,3.46788627467804,4.74054329846891,3.89731777656091,2.87569464274806
49.5,3.28673055969015,4.47028763023409,3.61452957935515,2.68463780517806
49.6,3.11750103009486,4.21499600190772,3.34824963343992,2.50623420109474
49.7,2.95985709005345,3.97429074480095,3.09805677416571,2.34013254130184
49.8,2.81345604768968,3.74778682336843,2.86352127800787,2.18597902209008
49.9,2.67795377810016,3.53509280125305,2.64420592393595,2.04341799984851
50,2.55300535982122,3.33581178637984,2.43966703344788,1.91209263902177
50.1,2.43826568449979,3.14954235369511,2.24945548772233,1.79164553320697
50.2,2.3333900395984,2.9758794442513,2.07311772045052,1.68171929926503
50.3,2.23803466404339,2.81441523944088,1.91019668501679,1.58195714439894
50.4,2.15185727680144,2.6647400092869,1.76023279480535,1.49200340622498
50.5,2.07451757844119,2.52644293379863,1.62276483551642,1.41150406593275
50.6,2.00567772580524,2.39911289650327,1.4973308484822,1.34010723469579
50.7,1.94500277998223,2.28233924936365,1.38346898407649,1.2774636135567
50.8,1.89216112782975,2.17571254839079,1.28071832441585,1.22322692706868
50.9,1.8468248773556,2.07882525935625,1.188619674651,1.17705433102975
51,1.80867022731856,1.99127243310417,1.10671632224691,1.1386067946962
51.1,1.77737781145928,1.91265235005529,1.03455476374758,1.1075494579086
51.2,1.75263301781784,1.84256713358511,0.97168539861605,1.08355196360628
51.3,1.73412628363669,1.78062333204614,0.917663189833386,1.06628876624544
51.4,1.72155336638658,1.72643246928912,0.872048291029888,1.05543941667147
51.5,1.71461559148786,1.67961156362014,0.834406640009022,1.05068882402786
51.6,1.71302007733143,1.63978361520989,0.804310518609024,1.05172749531275
51.7,1.71647993823173,1.60657806204738,0.781339078927983,1.05825175321899
51.8,1.7247144659691,1.57963120460382,0.765078836016702,1.06996393291539
51.9,1.73744929060062,1.55858659944193,0.755124127218137,1.08657255844564
52,1.75441652123696,1.54309542207269,0.751077538403983,1.10779249943675
52.1,1.77535486749867,1.532816799425,0.752550297427192,1.13334510882154
52.2,1.80000974237768,1.52741811235328,0.759162635173807,1.16295834228959
52.3,1.82813334723995,1.52657526866494,0.770544114659056,1.19636686018815
52.4,1.8594847397122,1.5299729472024,0.786333928670319,1.23331211259902
52.5,1.89382988520058,1.53730481356413,0.806181166514,1.27354240831981
52.6,1.93094169279106,1.5482737080954,0.829745050474162,1.31681296847737
52.7,1.97060003628172,1.56259180682197,0.856695142638116,1.3628859654995
52.8,2.01259176109433,1.57998075603965,0.886711522787966,1.41153054816616
52.9,2.05671067780858,1.60017178130797,0.919484938097371,1.4625228534553
53,2.10275754305642,1.62290577162964,0.954716925410047,1.5156460058908
53.1,2.1505400285052,1.64793333962592,0.992119906909619,1.57069010508969
53.2,2.19987267864916,1.67501485854451,1.0314172600208,1.62745220219521
53.3,2.25057685811755,1.70392047695939,1.07234336240901,1.68573626586962
53.4,2.3024806891945,1.73443011204143,1.11464361296863,1.74535313850653
53.5,2.35541898023229,1.76633342229541,1.158074429711,1.80612048330809
53.6,2.40923314562413,1.79942976067293,1.20240322548064,1.86786272285602
53.7,2.46377111798644,1.83352810898092,1.24740836244222,1.93041096978885
53.8,2.51888725318319,1.868446994514,1.29287908629269,1.99360295017995
53.9,2.57444222880711,1.90401438984368,1.33861544116126,2.05728292019266
54,2.63030293671328,1.94006759670041,1.38442816616601,2.12130157656988
54.1,2.68634237018145,1.97645311488417,1.43013857459903,2.18551596149605
54.2,2.74243950626337,2.01302649713748,1.47557841671288,2.2497893623499
54.3,2.79847918385069,2.04965219090966,1.52058972707911,2.31399120684587
54.4,2.85435197797838,2.08620336793451,1.56502465748585,2.37799695404212
54.5,2.90995407085749,2.12256174253478,1.60874529633497,2.44168798167267
54.6,2.96518712010961,2.15861737955592,1.6516234754912,2.50495147024052
54.7,3.01995812465414,2.19426849281863,1.69354056552469,2.56768028428841
54.8,3.07417928867788,2.22942123496549,1.73438726027692,2.62977285124327
54.9,3.12776788409532,2.2639894795608,1.77406335166513,2.69113303821074
55,3.18064611188632,2.29789459628504,1.81247749562529,2.75167002707543
55.1,3.23274096267714,2.33106522004628,1.84954697007592,2.81129818824371
55.2,3.28398407690967,2.3634370148107,1.88519742576676,2.86993695334586
55.3,3.33431160492296,2.39495243293258,1.91936263085586,2.92751068719567
55.4,3.38366406725128,2.42556047074166,1.9519842100378,2.98394855928699
55.5,3.4319862154225,2.45521642112219,1.98301137902302,3.03918441508854
55.6,3.47922689352162,2.48388162379348,2.01240067514534,3.0931566473807
55.7,3.52533890076471,2.51152321397629,2.04011568484977,3.14580806786067
55.8,3.57027885531037,2.53811387010423,2.06612676878857,3.19708577922617
55.9,3.61400705951756,2.56363156121175,2.09041078522679,3.24694104793118
56,3.6564873668414,2.58805929460466,2.11295081243305,3.29532917779249
56.1,3.69768705054116,2.61138486439068,2.13373587070367,3.34220938461032
56.2,3.73757667435887,2.6336006014207,2.1527606446416,3.3875446719522
56.3,3.77612996531099,2.6547031251633,2.17002520628358,3.43130170823586
56.4,3.8133236887202,2.67469309800719,2.18553473964126,3.47345070523337
56.5,3.84913752560064,2.69357498245844,2.19929926719412,3.51396529810674
56.6,3.88355395249502,2.71135680167122,2.21133337884355,3.55282242707311
56.7,3.91655812384997,2.72804990372332,2.22165596381009,3.59000222078658
56.8,3.94813775700234,2.74366873001982,2.23028994592682,3.62548788151323
56.9,3.97828301983811,2.75823058818085,2.23726202275493,3.65926557216543
57,4.00698642117367,2.77175542974292,2.24260240891939,3.69132430525306
57.1,4.03424270389896,2.78426563297574,2.24634458403514,3.72165583379941
57.2,4.06004874091165,2.79578579109097,2.24852504556746,3.75025454426212
57.3,4.08440343386235,2.80634250609307,2.24918306694324,3.77711735149148
57.4,4.10730761472194,2.81596418849738,2.24836046120365,3.80224359575131
57.5,4.12876395017389,2.82468086311583,2.24610135046309,3.82563494182146
57.6,4.14877684882681,2.83252398108643,2.24245194141365,3.84729528019406
57.7,4.16735237123555,2.83952623829956,2.23746030709008,3.86723063037125
57.8,4.18449814271249,2.84572140035101,2.2311761750858,3.885449046266
57.9,4.20022326890489,2.85114413412969,2.22365072238718,3.90196052370356
58,4.21453825410851,2.85582984612677,2.21493637697046,3.91677691001681
58.1,4.22745492228316,2.8598145275324,2.20508662628378,3.92991181572511
58.2,4.23898634073077,2.86313460616596,2.19415583271483,3.94138052828242
58.3,4.24914674639344,2.86582680526744,2.18219905612485,3.95119992787827
58.4,4.25795147472454,2.8679280091587,2.16927188350893,3.95938840527186
58.5,4.26541689108345,2.86947513576657,2.15543026582415,3.96596578163763
58.6,4.27156032460149,2.87050501598243,2.14073036200822,3.97095323039855
58.7,4.27640000446455,2.87105427981816,2.12522839019416,3.97437320102196
58.8,4.27995499855555,2.8711592493024,2.10898048610957,3.97624934475086
58.9,4.28224515439883,2.87085583804783,2.09204256863317,3.97660644224325
59,4.28329104234697,2.87017945740655,2.07447021246622,3.97547033309039
59.1,4.28311390094929,2.86916492911819,2.05631852786202,3.97286784718476
59.2,4.28173558444149,2.86784640434409,2.03764204734337,3.96882673790782
59.3,4.2791785122944,2.86625728896986,2.0184946193249,3.96337561710739
59.4,4.27546562076048,2.8644301750488,1.9989293085455,3.9565438918344
59.5,4.27062031635632,2.86239677824948,1.97899830320489,3.94836170280874
59.6,4.26466643121993,2.86018788116238,1.9587528286881,3.93885986458433
59.7,4.2576281802818,2.8578332823129,1.93824306775181,3.92806980738325
59.8,4.24953012018972,2.8553617507211,1.91751808703808,3.91602352057012
59.9,4.24039710992778,2.8528009858426,1.89662576977278,3.90275349773721
60,4.23025427307131,2.85017758271936,1.87561275449834,3.88829268337242
60.1,4.21912696162014,2.84751700216456,1.85452437968459,3.87267442108223
60.2,4.20704072135435,2.84484354580175,1.83340463405458,3.85593240334244
60.3,4.19402125865729,2.84218033577479,1.81229611245795,3.83810062275064
60.4,4.18009440875269,2.83954929894269,1.79123997711898,3.81921332475459
60.5,4.1652861053036,2.83697115537094,1.77027592408304,3.79930496183174
60.6,4.14962235132282,2.83446541092972,1.74944215468164,3.77841014909594
60.7,4.13312919134577,2.83205035380786,1.72877535183337,3.75656362130785
60.8,4.11583268481843,2.82974305475157,1.70831066099601,3.73380019126676
60.9,4.09775888065483,2.82755937083634,1.68808167558344,3.71015470956197
61,4.07893379291969,2.8255139525814,1.66812042665958,3.68566202566263
61.1,4.05938337759421,2.82362025421685,1.64845737672147,3.66035695032607
61.2,4.03913351038396,2.8218905469151,1.62912141738297,3.6342742193047
61.3,4.01820996552993,2.82033593479996,1.61013987077102,3.60744845833275
61.4,3.99663839558526,2.81896637354911,1.59153849444745,3.57991414937457
61.5,3.97444431212195,2.81779069140803,1.57334148967001,3.55170559811671
61.6,3.95165306733312,2.81681661243652,1.55557151280807,3.52285690268665
61.7,3.92828983649835,2.81605078181222,1.53824968973048,3.49340192358159
61.8,3.90437960128102,2.81549879301875,1.52139563298495,3.4633742547911
61.9,3.87994713382781,2.81516521675028,1.50502746159132,3.43280719609771
62,3.85501698164243,2.81505363136809,1.48916182327356,3.40173372654032
62.1,3.8296134532067,2.81516665474881,1.47381391895857,3.37018647902503
62.2,3.80376060432359,2.81550597736901,1.45899752937356,3.33819771606884
62.3,3.77748222515809,2.81607239647461,1.44472504357684,3.30579930666143
62.4,3.75080182795311,2.81686585118926,1.43100748926118,3.27302270423076
62.5,3.72374263539871,2.81788545841984,1.41785456467247,3.23989892569812
62.6,3.69632756963415,2.81912954942317,1.40527467199113,3.20645853160843
62.7,3.66857924186323,2.8205957069023,1.39327495202742,3.17273160732177
62.8,3.64051994256477,2.82228080250663,1.38186132008692,3.13874774525191
62.9,3.61217163228041,2.82418103461494,1.37103850286645,3.10453602813764
63,3.58355593296346,2.82629196628591,1.36081007624575,3.07012501333283
63.1,3.5546941198731,2.82860856326611,1.35117850384496,3.0355427181007
63.2,3.5256071139989,2.83112523195069,1.3421451762227,3.00081660589801
63.3,3.4963154750016,2.83383585719725,1.33371045059428,2.96597357363436
63.4,3.46683939465684,2.83673383989909,1.32587369095491,2.93103993989191
63.5,3.43719869078867,2.83981213422894,1.31863330849729,2.89604143409045
63.6,3.40741280168108,2.84306328446986,1.31198680221813,2.86100318658252
63.7,3.37750078095536,2.8464794613549,1.30593079961299,2.82594971966304
63.8,3.34748129290254,2.85005249784283,1.30046109736401,2.79090493947767
63.9,3.31737260825984,2.85377392426155,1.29557270192949,2.75589212881384
64,3.28719260042083,2.85763500275653,1.29125986994975,2.72093394075798
64.1,3.25695874206943,2.8616267609863,1.28751614838809,2.68605239320228
64.2,3.22668810222787,2.8657400250114,1.28433441433049,2.65126886418396
64.3,3.19639734370933,2.86996545132883,1.28170691437263,2.61660408803985
64.4,3.16610272096597,2.87429355800763,1.27962530352714,2.58207815235834
64.5,3.13582007832355,2.87871475488654,1.27808068358857,2.54771049571112
64.6,3.10556484859371,2.88321937279844,1.27706364089832,2.51351990614604
64.7,3.07535205205529,2.88779769179087,1.27656428345565,2.47952452042286
64.8,3.0451962957963,2.89243996831587,1.27657227732546,2.44574182397279
64.9,3.01511177340794,2.89713646136637,1.27707688229772,2.41218865156265
65,2.98511226502249,2.90187745754012,1.27806698675717,2.37888118864441
65.1,2.95521113768672,2.90665329501588,1.27953114172613,2.3458349733701
65.2,2.92542134606246,2.91145438643011,1.28145759404691,2.3130648992524
65.3,2.89575543344638,2.91627124064588,1.28383431867415,2.28058521845061
65.4,2.86622553310037,2.92109448340848,1.28664905005058,2.2484095456614
65.5,2.83684336988464,2.92591487688614,1.28988931254384,2.21655086259422
65.6,2.80762026218506,2.93072333809623,1.29354244992447,2.18502152301013
65.7,2.77856712412652,2.9355109562209,1.29759565386912,2.15383325830325
65.8,2.74969446806411,2.94026900881822,1.30203599147551,2.12299718360407
65.9,2.72101240734344,2.94498897693767,1.3068504317789,2.0925238043829
66,2.69253065932214,2.94966255915093,1.31202587126263,2.06242302353282
66.1,2.66425854864378,2.9542816845114,1.31754915835773,2.03270414891036
66.2,2.63620501075573,2.95883852445762,1.32340711692934,2.00337590131285
66.3,2.6083785956626,2.96332550367781,1.32958656875002,1.97444642287099
66.4,2.58078747190645,2.96773530995472,1.33607435496226,1.94592328583528
66.5,2.55343943076531,2.97206090301105,1.34285735653474,1.91781350173522
66.6,2.52634189066123,2.97629552237799,1.34992251371882,1.89012353088976
66.7,2.49950190176908,2.98043269430987,1.35725684451367,1.86285929224825
66.8,2.47292615081759,2.98446623777023,1.36484746215031,1.83602617354053
66.9,2.44662096607352,2.98839026951452,1.37268159160642,1.80962904171562
67,2.42059232250051,2.99219920829684,1.3807465851652,1.78367225364818
67.1,2.39484584708348,2.995887778228,1.38902993703334,1.75815966709214
67.2,2.36938682430996,2.99945101131369,1.39751929703411,1.7330946518616
67.3,2.34422020179957,3.00288424920171,1.40620248339296,1.7084801012185
67.4,2.31935059607263,3.00618314416805,1.41506749463423,1.68431844344774
67.5,2.29478229844935,3.00934365937198,1.42410252060832,1.6606116535999
67.6,2.27051928107075,3.0123620684106,1.43329595266979,1.63736126538275
67.7,2.24656520303255,3.01523495420358,1.44263639302759,1.61456838318231
67.8,2.22292341662352,3.01795920723922,1.45211266328936,1.59223369419537
67.9,2.19959697365949,3.0205320232126,1.46171381222229,1.57035748065503
68,2.17658863190467,3.02295090008708,1.47142912275373,1.54893963213163
68.1,2.15390086157169,3.02521363460994,1.48124811823499,1.52797965789178
68.2,2.13153585189207,3.02731831831313,1.49116056799237,1.50747669929838
68.3,2.10949551774881,3.0292633330297,1.50115649218963,1.48742954223538
68.4,2.08778150636297,3.03104734595612,1.51122616602626,1.46783662954091
68.5,2.0663952040261,3.03266930429086,1.52136012329644,1.44869607343342
68.6,2.04533774287076,3.03412842947837,1.53154915933314,1.43000566791556
68.7,2.02461000767116,3.03542421108806,1.54178433336227,1.41176290114117
68.8,2.00421264266639,3.03655640035675,1.55205697029174,1.39396496773115
68.9,1.9841460583987,3.03752500342279,1.56235866195977,1.37660878102466
69,1.96441043855945,3.03833027427943,1.57268126786738,1.35969098525224
69.1,1.94500574683568,3.03897270747445,1.58301691541914,1.34320796761834
69.2,1.92593173375006,3.0394530305823,1.59335799969646,1.32715587028103
69.3,1.90718794348772,3.03977219647439,1.60369718278716,1.31153060221734
69.4,1.88877372070294,3.03993137541253,1.61402739269506,1.29632785096278
69.5,1.87068821729955,3.03993194698955,1.62434182185257,1.28154309421482
69.6,1.85293039917867,3.03977549194083,1.63463392525945,1.26717161129001
69.7,1.83549905294761,3.03946378384903,1.64489741826969,1.25320849442515
69.8,1.81839279258437,3.03899878076426,1.65512627404905,1.23964865991361
69.9,1.80161006605172,3.03838261676059,1.66531472072431,1.22648685906807
70,1.78514916185573,3.037617593449,1.67545723824548,1.21371768900175
70.1,1.76900821554333,3.03670617146672,1.68554855498164,1.20133560322077
70.2,1.75318521613407,3.03565096196105,1.69558364407004,1.18933492202029
70.3,1.73767801248106,3.03445471808575,1.70555771953827,1.17770984267832
70.4,1.72248431955672,3.03312032652689,1.7154662322182,1.16645444944082
70.5,1.7076017246589,3.03165079907438,1.72530486547012,1.15556272329296
70.6,1.69302769353332,3.03004926425427,1.73506953073472,1.14502855151117
70.7,1.67875957640823,3.02831895903672,1.74475636293033,1.13484573699163
70.8,1.66479461393783,3.02646322063274,1.75436171571151,1.12500800735103
70.9,1.65112994305094,3.02448547839321,1.76388215660562,1.11550902379599
71,1.63776260270155,3.02238924582188,1.77331446204218,1.10634238975797
71.1,1.62468953951829,3.02017811271357,1.78265561229007,1.09750165929084
71.2,1.61190761335013,3.01785573742843,1.79190278631661,1.08898034522889
71.3,1.59941360270558,3.01542583931178,1.80105335658241,1.08077192710341
71.4,1.58720421008293,3.0128921912686,1.81010488378443,1.07286985881605
71.5,1.57527606718967,3.01025861250091,1.81905511156007,1.0652675760683
71.6,1.56362574004878,3.00752896141581,1.82790196116404,1.05795850354597
71.7,1.55224973399036,3.00470712871081,1.83664352612898,1.05093606185859
71.8,1.54114449852689,3.00179703064279,1.84527806692065,1.04419367423348
71.9,1.53030643211087,2.99880260248618,1.85380400559793,1.03772477296509
72,1.51973188677362,2.99572779218513,1.86221992048676,1.0315228056201
72.1,1.50941717264421,2.99257655420406,1.87052454087728,1.02558124099932
72.2,1.49935856234777,2.98935284358026,1.87871674175267,1.01989357485776
72.3,1.4895522952826,2.98606061018168,1.88679553855732,1.01445333538437
72.4,1.47999458177546,2.98270379317235,1.894760082012,1.00925408844333
72.5,1.47068160711495,2.97928631568758,1.90260965298283,1.00428944257912
72.6,1.46160953546277,2.97581207972045,1.9103436574105,0.999553053787659
72.7,1.45277451364285,2.97228496122038,1.91796162130559,0.995038630056129
72.8,1.44417267480868,2.96870880540466,1.92546318581573,0.99073993567449
72.9,1.43580014198903,2.9650874222828,1.93284810236933,0.986650795321578
73,1.42765303151262,2.96142458239331,1.94011622790064,0.982765097929164
73.1,1.41972745631237,2.95772401275243,1.94726752016047,0.979076800327406
73.2,1.4120195291099,2.95398939301336,1.95430203311602,0.975579930675327
73.3,1.4045253654813,2.9502243518347,1.96121991244361,0.972268591680151
73.4,1.39724108680491,2.94643246345628,1.96802139111699,0.969136963609387
73.5,1.39016282309254,2.94261724447984,1.9747067850941,0.966179307099795
73.6,1.38328671570505,2.93878215085274,1.98127648910465,0.963389965767507
73.7,1.3766089199538,2.93493057505126,1.98773097254021,0.960763368623499
73.8,1.37012560758928,2.93106584346088,1.9940707754489,0.95829403229899
73.9,1.36383296917847,2.92719121395018,2.00029650463569,0.955976563085245
74,1.35772721637249,2.92330987363472,2.00640882986954,0.953805658792396
74.1,1.35180458406629,2.91942493682748,2.0124084801984,0.951776110432012
74.2,1.34606133245193,2.91553944317151,2.01829624037208,0.9498828037281
74.3,1.34049374896757,2.9116563559513,2.02407294737397,0.948120720461464
74.4,1.33509815014373,2.90777856057798,2.02973948706108,0.946484939652131
74.5,1.32987088334893,2.90390886324458,2.03529679091272,0.944970638584852
74.6,1.32480832843677,2.90004998974634,2.04074583288705,0.943573093682509
74.7,1.31990689929624,2.89620458446185,2.04608762638543,0.942287681232424
74.8,1.31516304530761,2.89237520949004,2.05132322132334,0.941109877970417
74.9,1.31057325270589,2.88856434393835,2.05645370130737,0.940035261527675
75,1.30613404585394,2.88477438335718,2.06148018091691,0.939059510745197
75.1,1.30184198842772,2.88100763931569,2.06640380308966,0.938178405860929
75.2,1.29769368451544,2.87726633911407,2.07122573660936,0.937387828574309
75.3,1.29368577963333,2.87355262562714,2.07594717369432,0.936683761993177
75.4,1.28981496165987,2.86986855727439,2.08056932768528,0.936062290467874
75.5,1.28607796169109,2.86621610811141,2.08509343083089,0.935519599317323
75.6,1.28247155481889,2.86259716803761,2.08952073216884,0.935051974451787
75.7,1.27899256083495,2.85901354311533,2.09385249550112,0.934655801897091
75.8,1.27563784486242,2.85546695599541,2.09808999746117,0.934327567224895
75.9,1.27240431791749,2.85195904644388,2.10223452567101,0.934063854893523
76,1.26928893740349,2.84849137196546,2.10628737698633,0.933861347504055
76.1,1.26628870753942,2.84506540851836,2.11024985582737,0.933716824975886
76.2,1.26340067972542,2.84168255131613,2.11412327259346,0.933627163646333
76.3,1.26062195284738,2.83834411571131,2.11790894215895,0.933589335298437
76.4,1.25794967352282,2.8350513381565,2.12160818244833,0.933600406121226
76.5,1.25538103629039,2.83180537723815,2.12522231308837,0.933657535606599
76.6,1.2529132837451,2.8286073147784,2.12875265413483,0.933757975386793
76.7,1.25054370662151,2.82545815700071,2.13220052487164,0.933899068016481
76.8,1.24826964382697,2.82235883575471,2.13556724268009,0.93407824570327
76.9,1.24608848242712,2.81931020979617,2.13885412197591,0.93429302899047
77,1.24399765758558,2.81631306611768,2.1420624732117,0.934541025395705
77.1,1.24199465246012,2.81336812132621,2.1451936019428,0.934819928009057
77.2,1.24007699805711,2.8104760230632,2.1482488079539,0.935127514054097
77.3,1.23824227304641,2.80763735146385,2.15122938444448,0.935461643415348
77.4,1.23648810353853,2.80485262065112,2.15413661727068,0.935820257135303
77.5,1.23481216282616,2.80212228026142,2.15697178424144,0.936201375884306
77.6,1.23321217109172,2.79944671699804,2.15973615446668,0.936603098406336
77.7,1.23168589508295,2.79682625620893,2.16243098775549,0.937023599943656
77.8,1.23023114775833,2.79426116348571,2.16505753406204,0.937461130643284
77.9,1.22884578790402,2.79175164628033,2.16761703297728,0.937914013947988
78,1.22752771972407,2.78929785553667,2.17011071326432,0.938380644974567
78.1,1.22627489240561,2.78689988733363,2.1725397924354,0.93885948888193
78.2,1.2250852996607,2.78455778453738,2.17490547636872,0.939349079231556
78.3,1.22395697924628,2.78227153845943,2.17720895896295,0.939848016342592
78.4,1.22288801246394,2.78004109051834,2.17945142182766,0.940354965644038
78.5,1.22187652364097,2.77786633390225,2.18163403400791,0.940868656026059
78.6,1.22092067959408,2.77574711522985,2.18375795174104,0.941387878192632
78.7,1.22001868907732,2.77368323620767,2.18582431824409,0.941911483017491
78.8,1.21916880221553,2.77167445528115,2.18783426353011,0.942438379905269
78.9,1.21836930992461,2.76972048927771,2.1897889042516,0.942967535159688
79,1.21761854331998,2.7678210150396,2.1916893435697,0.943497970360474
79.1,1.21691487311448,2.76597567104485,2.19353667104745,0.944028760750719
79.2,1.21625670900677,2.76418405901435,2.19533196256565,0.944559033636141
79.3,1.21564249906158,2.76244574550357,2.19707628025992,0.945087966797795
79.4,1.21507072908284,2.76076026347707,2.19877067247749,0.945614786919549
79.5,1.21453992198074,2.75912711386482,2.20041617375253,0.946138768031689
79.6,1.21404863713373,2.75754576709827,2.20201380479853,0.946659229971795
79.7,1.21359546974662,2.75601566462554,2.2035645725166,0.947175536864104
79.8,1.21317905020553,2.75453622040409,2.20506947001861,0.947687095618375
79.9,1.21279804343067,2.75310682237003,2.20652947666373,0.948193354449266
80,1.21245114822789,2.75172683388285,2.20794555810753,0.948693801417108
80.1,1.21213709663974,2.75039559514484,2.20931866636253,0.949187962990975
80.2,1.21185465329685,2.74911242459418,2.2106497398691,0.949675402634762
80.3,1.21160261477041,2.74787662027101,2.21193970357584,0.950155719417026
80.4,1.21137980892649,2.74668746115588,2.21318946902852,0.950628546645214
80.5,1.21118509428279,2.74554420847975,2.21439993446672,0.951093550524866
80.6,1.21101735936858,2.74444610700521,2.21557198492722,0.951550428844296
80.7,1.21087552208832,2.74339238627827,2.21670649235355,0.951998909685229
80.8,1.21075852908966,2.74238226185051,2.21780431571076,0.952438750159782
80.9,1.21066535513626,2.74141493647106,2.21886630110493,0.952869735174189
81,1.21059500248601,2.74048960124828,2.21989328190641,0.95329167621945
81.1,1.21054650027511,2.73960543678081,2.22088607887664,0.953704410189304
81.2,1.21051890390837,2.73876161425787,2.22184550029739,0.954107798225579
81.3,1.21051129445637,2.73795729652884,2.22277234210243,0.954501724591177
81.4,1.2105227780596,2.73719163914179,2.22366738801065,0.954886095570709
81.5,1.21055248534012,2.73646379135121,2.22453140966043,0.955260838398942
81.6,1.21059957082106,2.73577289709491,2.22536516674463,0.955625900216956
81.7,1.21066321235414,2.73511809594005,2.22616940714589,0.955981247056113
81.8,1.21074261055568,2.73449852399878,2.2269448670718,0.956326862849695
81.9,1.21083698825117,2.73391331481312,2.22769227118952,0.956662748472154
82,1.21094558992883,2.73336160020999,2.22841233275967,0.956988920805862
82.1,1.2110676812021,2.73284251112592,2.22910575376884,0.957305411835145
82.2,1.21120254828159,2.73235517840235,2.229773225061,0.957612267767504
82.3,1.21134949745634,2.73189873355141,2.23041542646687,0.957909548181711
82.4,1.21150785458473,2.73147230949277,2.23103302693155,0.958197325202579
82.5,1.21167696459509,2.7310750412618,2.23162668463998,0.958475682702176
82.6,1.21185619099613,2.73070606668957,2.23219704713989,0.958744715527085
82.7,1.2120449153973,2.730364527055,2.23274475146246,0.959004528751511
82.8,1.21224253703908,2.7300495677097,2.23327042424008,0.959255236955801
82.9,1.21244847233338,2.72976033867594,2.23377468182141,0.959496963530088
83,1.21266215441393,2.72949599521822,2.23425813038347,0.959729840002623
83.1,1.21288303269684,2.72925569838904,2.23472136604066,0.959954005392478
83.2,1.21311057245121,2.72903861554924,2.23516497495071,0.960169605586128
83.3,1.21334425437988,2.72884392086368,2.23558953341735,0.960376792737558
83.4,1.21358357421021,2.72867079577254,2.23599560798977,0.960575724691415
83.5,1.21382804229501,2.72851842943904,2.23638375555879,0.960766564428795
83.6,1.21407718322334,2.72838601917408,2.23675452344962,0.960949479535169
83.7,1.21433053544137,2.72827277083829,2.23710844951134,0.961124641690023
83.8,1.21458765088312,2.72817789922224,2.23744606220298,0.961292226177691
83.9,1.21484809461098,2.72810062840532,2.23776788067622,0.961452411418945
84,1.215111444466,2.72804019209388,2.23807441485472,0.961605378522812
84.1,1.21537729072781,2.72799583393932,2.23836616551019,0.961751310858163
84.2,1.2156452357841,2.72796680783665,2.23864362433504,0.961890393644538
84.3,1.21591489380952,2.72795237820419,2.23890727401181,0.962022813561722
84.4,1.21618589045397,2.72795182024501,2.23915758827939,0.962148758377588
84.5,1.21645786254,2.72796442019073,2.23939503199596,0.96226841659365
84.6,1.21673045776939,2.72798947552829,2.23962006119887,0.962381977107874
84.7,1.21700333443864,2.72802629521028,2.23983312316146,0.962489628894196
84.8,1.21727616116326,2.72807419984947,2.24003465644674,0.962591560698264
84.9,1.21754861661081,2.72813252189813,2.24022509095827,0.962687960748891
85,1.2178203892424,2.72820060581278,2.24040484798809,0.962779016484708
85.1,1.21809117706264,2.72827780820488,2.24057434026186,0.962864914295529
85.2,1.21836068737777,2.7283634979781,2.24073397198124,0.962945839277912
85.3,1.21862863656198,2.72845705645285,2.2408841388637,0.963021975004434
85.4,1.21889474983156,2.72855787747844,2.24102522817974,0.96309350330618
85.5,1.21915876102685,2.72866536753361,2.24115761878759,0.96316060406797
85.6,1.21942041240189,2.72877894581597,2.24128168116557,0.963223455035821
85.7,1.21967945442143,2.72889804432082,2.24139777744216,0.963282231636199
85.8,1.21993564556534,2.72902210791002,2.24150626142376,0.963337106806565
85.9,1.22018875214005,2.72915059437129,2.24160747862044,0.963388250836754
86,1.22043854809709,2.72928297446867,2.24170176626958,0.963435831220751
86.1,1.22068481485837,2.72941873198443,2.24178945335758,0.963480012518394
86.2,1.2209273411482,2.72955736375319,2.2418708606397,0.963520956226556
86.3,1.22116592283172,2.72969837968849,2.24194630065815,0.963558820659414
86.4,1.22140036275977,2.72984130280252,2.24201607775846,0.96359376083731
86.5,1.22163047061994,2.7299856692193,2.24208048810425,0.96362592838386
86.6,1.22185606279357,2.73013102818195,2.24213981969057,0.963655471430845
86.7,1.22207696221878,2.73027694205439,2.24219435235568,0.963682534530517
86.8,1.22229299825911,2.73042298631788,2.24224435779158,0.963707258574915
86.9,1.22250400657782,2.73056874956302,2.24229009955326,0.963729780721819
87,1.2227098290176,2.73071383347737,2.24233183306676,0.963750234326954
87.1,1.22291031348559,2.73085785282932,2.24236980563611,0.963768748882107
87.2,1.22310531384356,2.73100043544847,2.24240425644927,0.963785449958775
87.3,1.22329468980309,2.73114122220298,2.24243541658311,0.963800459157035
87.4,1.22347830682565,2.73127986697418,2.24246350900755,0.963813894059272
87.5,1.22365603602745,2.7314160366289,2.24248874858879,0.963825868188471
87.6,1.22382775408887,2.73154941098977,2.24251134209196,0.963836490970744
87.7,1.22399334316844,2.7316796828039,2.24253148818296,0.963845867701798
87.8,1.22415269082114,2.73180655771018,2.24254937742976,0.963854099517061
87.9,1.22430568992106,2.73192975420561,2.24256519230318,0.963861283365177
88,1.22445223858808,2.73204900361085,2.24257910717715,0.963867511984604
88.1,1.22459224011873,2.73216405003538,2.24259128832854,0.963872873883065
88.2,1.22472560292087,2.7322746503424,2.24260189393667,0.963877453319613
88.3,1.22485224045229,2.73238057411389,2.24261107408248,0.963881330289039
88.4,1.22497207116298,2.73248160361595,2.2426189707474,0.963884580508453
88.5,1.22508501844115,2.73257753376471,2.2426257178121,0.963887275405786
88.6,1.22519101056265,2.73266817209303,2.24263144105496,0.963889482110021
88.7,1.22528998064408,2.73275333871818,2.24263625815047,0.963891263442983
88.8,1.22538186659908,2.73283286631063,2.24264027866756,0.963892677912473
88.9,1.22546661109815,2.73290660006437,2.24264360406786,0.963893779706625
89,1.22554416153158,2.73297439766855,2.24264632770391,0.963894618689281
89.1,1.22561446997564,2.73303612928095,2.24264853481747,0.963895240396293
89.2,1.22567749316191,2.73309167750324,2.24265030253782,0.963895686032559
89.3,1.22573319244972,2.73314093735818,2.24265169988013,0.963895992469741
89.4,1.22578153380151,2.73318381626895,2.24265278774399,0.96389619224449
89.5,1.22582248776136,2.73322023404059,2.24265361891203,0.963896313557122
89.6,1.22585602943631,2.73325012284379,2.24265423804863,0.963896380270648
89.7,1.22588213848067,2.73327342720101,2.24265468169892,0.963896411910074
89.8,1.22590079908329,2.73329010397503,2.24265497828785,0.963896423661919
89.9,1.22591199995752,2.73330012235998,2.24265514811944,0.963896426373893
90,1.22591573433424,2.73330346387492,2.24265520337633,0.96389642655469
