Azimuth_deg,MSE,FinalMaxMin,MaxMin,RadarOnly
-90,1.41124164907622,3.0025869726779,2.24255117725906,0.963892255630758
-89.9,1.41123313279386,3.00258430425464,2.24255124371243,0.963892255449958
-89.8,1.41120758725109,3.00257630352754,2.24255143935732,0.963892252737963
-89.7,1.41116502236244,3.0025629841255,2.24255175304807,0.963892240986019
-89.6,1.41110545465715,3.00254436876628,2.24255216620872,0.963892209346329
-89.5,1.4110289072867,3.00252048926071,2.2425526528332,0.963892142632248
-89.4,1.41093541003548,3.00249138651871,2.24255317948553,0.963892021318604
-89.3,1.41082499933439,3.00245711055688,2.24255370530019,0.96389182154219
-89.2,1.41069771827757,3.00241772050772,2.24255418198243,0.963891515102454
-89.1,1.41055361664229,3.00237328463033,2.24255455380858,0.963891069462472
-89,1.41039275091186,3.00232388032259,2.24255475762653,0.963890447750279
-88.9,1.41021518430183,3.00226959413478,2.24255472285596,0.963889608760629
-88.8,1.41002098678931,3.00221052178437,2.2425543714887,0.963888506957295
-88.7,1.40981023514558,3.00214676817208,2.24255361808896,0.963887092476015
-88.6,1.40958301297203,3.00207844739897,2.24255236979342,0.963885311128205
-88.5,1.40933941073941,3.00200568278443,2.2425505263112,0.963883104405575
-88.4,1.40907952583054,3.0019286068851,2.24254797992372,0.963880409485779
-88.3,1.40880346258645,3.00184736151427,2.24254461548421,0.96387715923927
-88.2,1.40851133235617,3.0017620977619,2.24254031041706,0.963873282237526
-88.1,1.40820325354997,3.00167297601492,2.24253493471682,0.963868702762802
-88,1.40787935169649,3.0015801659777,2.24252835094685,0.96386334081964
-87.9,1.40753975950349,3.00148384669242,2.24252041423755,0.963857112148285
-87.8,1.40718461692253,3.00138420655923,2.24251097228414,0.963849928240273
-87.7,1.40681407121761,3.00128144335593,2.24249986534388,0.963841696356372
-87.6,1.40642827703781,3.00117576425701,2.24248692623275,0.963832319547127
-87.5,1.40602739649411,3.00106738585165,2.24247198032143,0.963821696676267
-87.4,1.40561159924038,3.00095653416067,2.24245484553062,0.9638097224472
-87.3,1.40518106255882,3.00084344465197,2.2424353323255,0.963796287432901
-87.2,1.40473597144971,3.00072836225435,2.2424132437094,0.963781278109432
-87.1,1.40427651872585,3.00061154136921,2.24238837521652,0.963764576893423
-87,1.40380290511163,3.0004932458802,2.24236051490356,0.963746062183776
-86.9,1.40331533934682,3.00037374916008,2.24232944334045,0.963725608407936
-86.8,1.40281403829539,3.00025333407486,2.24229493359964,0.96370308607303
-86.7,1.40229922705929,3.00013229298467,2.24225675124439,0.963678361822209
-86.6,1.40177113909743,3.00001092774114,2.24221465431555,0.963651298496535
-86.5,1.40123001634993,2.99988954968085,2.24216839331697,0.963621755202779
-86.4,1.4006761093678,2.9997684796146,2.24211771119941,0.963589587387465
-86.3,1.40010967744821,2.99964804781212,2.24206234334273,0.963554646917554
-86.2,1.3995309887754,2.99952859398175,2.24200201753652,0.963516782168144
-86.1,1.39894032056749,2.99941046724484,2.24193645395878,0.96347583811757
-86,1.39833795922921,2.99929402610441,2.24186536515282,0.963431656450305
-85.9,1.39772420051077,2.99917963840762,2.24178845600205,0.963384075668092
-85.8,1.39709934967299,2.99906768130185,2.24170542370271,0.96333293120968
-85.7,1.39646372165887,2.99895854118364,2.24161595773442,0.96327805557964
-85.6,1.3958176412716,2.99885261364037,2.24151973982842,0.963219278486662
-85.5,1.39516144335942,2.9987503033841,2.24141644393331,0.963156426991787
-85.4,1.3944954730072,2.99865202417714,2.24130573617843,0.963089325667019
-85.3,1.39382008573504,2.99855819874889,2.24118727483449,0.963017796764785
-85.2,1.39313564770406,2.99846925870354,2.24106071027156,0.962941660398681
-85.1,1.39244253592938,2.99838564441818,2.2409256849142,0.962860734736014
-85,1.39174113850062,2.99830780493071,2.24078183319373,0.962774836202574
-84.9,1.39103185480987,2.99823619781728,2.2406287814974,0.962683779700148
-84.8,1.39031509578747,2.99817128905861,2.24046614811447,0.962587378837241
-84.7,1.38959128414555,2.99811355289475,2.24029354317914,0.962485446173519
-84.6,1.38886085462965,2.99806347166789,2.24011056861004,0.96237779347845
-84.5,1.38812425427839,2.99802153565258,2.23991681804647,0.962264232004646
-84.4,1.38738194269144,2.99798824287291,2.23971187678098,0.962144572776411
-84.3,1.38663439230586,2.99796409890618,2.23949532168854,0.962018626894002
-84.2,1.38588208868099,2.99794961667262,2.23926672115195,0.961886205854116
-84.1,1.3851255307919,2.9979453162104,2.23902563498349,0.961747121887076
-84,1.38436523133169,2.99795172443581,2.2387716143429,0.961601188311277
-83.9,1.38360171702257,2.99796937488773,2.23850420165134,0.961448219905352
-83.8,1.38283552893595,2.99799880745618,2.23822293050144,0.961288033298596
-83.7,1.3820672228216,2.99804056809425,2.23792732556348,0.961120447380134
-83.6,1.38129736944594,2.99809520851303,2.23761690248736,0.960945283727347
-83.5,1.38052655493964,2.99816328585903,2.23729116780063,0.960762367054046
-83.4,1.37975538115447,2.99824536237349,2.23694961880232,0.960571525678893
-83.3,1.37898446602964,2.99834200503332,2.23659174345273,0.960372592014564
-83.2,1.37821444396747,2.99845378517296,2.23621702025899,0.960165403078109
-83.1,1.37744596621873,2.99858127808685,2.23582491815655,0.95994980102304
-83,1.37667970127738,2.99872506261199,2.23541489638648,0.959725633693529
-82.9,1.37591633528498,2.99888572069016,2.23498640436875,0.959492755201277
-82.8,1.3751565724447,2.99906383690932,2.2345388815713,0.959251026525397
-82.7,1.37440113544493,2.99925999802393,2.23407175737526,0.959000316135836
-82.6,1.37365076589243,2.99947479245349,2.23358445093606,0.958740500640681
-82.5,1.37290622475519,2.99970880975925,2.23307637104071,0.958471465457825
-82.4,1.37216829281476,2.99996264009845,2.23254691596136,0.958193105511326
-82.3,1.37143777112811,3.00023687365589,2.2319954733051,0.957905325952891
-82.2,1.37071548149892,3.00053210005242,2.23142141986024,0.957608042908776
-82.1,1.37000226695829,3.00084890773008,2.23082412143928,0.957301184252522
-82,1.36929899225467,3.0011878833136,2.23020293271857,0.956984690403746
-81.9,1.36860654435296,3.00154961094794,2.22955719707494,0.956658515153383
-81.8,1.36792583294267,3.00193467161184,2.2288862464197,0.956322626515583
-81.7,1.3672577909549,3.00234364240678,2.22818940102976,0.9559770076065
-81.6,1.3666033750881,3.00277709582163,2.22746596937679,0.955621657550259
-81.5,1.36596356634227,3.00323559897258,2.2267152479541,0.95525659241221
-81.4,1.36533937056153,3.00371971281825,2.22593652110195,0.954881846159685
-81.3,1.36473181898472,3.00422999135005,2.22512906083148,0.95449747165036
-81.2,1.36414196880378,3.00476698075766,2.22429212664767,0.954103541648296
-81.1,1.36357090372975,3.0053312185696,2.22342496537166,0.95370014986778
-81,1.36301973456584,3.0059232327691,2.22252681096301,0.953287412044887
-80.9,1.36248959978758,3.00654354088524,2.22159688434224,0.952865467036848
-80.8,1.36198166612925,3.00719264905946,2.22063439321416,0.95243447794907
-80.7,1.36149712917671,3.00787105108794,2.21963853189268,0.95199463328979
-80.6,1.36103721396568,3.00857922743956,2.21860848112736,0.95154614815211
-80.5,1.36060317558557,3.0093176442504,2.21754340793269,0.951089265423349
-80.4,1.36019629978782,3.01008675229453,2.21644246542045,0.950624257021326
-80.3,1.3598179035988,3.01088698593189,2.21530479263595,0.950151425157385
-80.2,1.35946933593625,3.01171876203363,2.21412951439891,0.94967110362576
-80.1,1.35915197822907,3.0125824788854,2.21291574114969,0.949183659118903
-80,1.35886724503956,3.01347851506923,2.21166256880167,0.948689492568284
-79.9,1.3586165846877,3.01440722832469,2.21036907860073,0.94818904051017
-79.8,1.35840147987664,3.01536895439001,2.20903433699259,0.947682776475791
-79.7,1.35822344831877,3.0163640058241,2.20765739549909,0.947171212405264
-79.6,1.35808404336166,3.01739267081018,2.20623729060433,0.946654900084535
-79.5,1.35798485461291,3.01845521194205,2.20477304365167,0.946134432604606
-79.4,1.35792750856342,3.0195518649942,2.20326366075284,0.945610445842164
-79.3,1.35791366920781,3.02068283767658,2.20170813271006,0.945083619960727
-79.2,1.35794503866144,3.02184830837538,2.20010543495254,0.944554680931282
-79.1,1.35802335777295,3.02304842488132,2.19845452748859,0.944024402071418
-79,1.35815040673128,3.02428330310633,2.1967543548745,0.943493605601729
-78.9,1.35832800566637,3.02555302579057,2.19500384620163,0.942963164218338
-78.8,1.35855801524216,3.02685764120103,2.19320191510312,0.942434002680202
-78.7,1.35884233724116,3.02819716182348,2.19134745978155,0.94190709940985
-78.6,1.3591829151391,3.02957156304945,2.18943936305922,0.941383488106032
-78.5,1.35958173466876,3.03098078186008,2.18747649245234,0.940864259366809
-78.4,1.36004082437158,3.03242471550886,2.18545770027107,0.940350562321371
-78.3,1.36056225613583,3.03390322020505,2.18338182374677,0.939843606268899
-78.2,1.36114814572007,3.03541610980013,2.18124768518827,0.939344662322626
-78.1,1.36180065326045,3.03696315447941,2.17905409216898,0.938855065057206
-78,1.36252198376058,3.03854407946106,2.17679983774654,0.938376214157394
-77.9,1.36331438756237,3.04015856370505,2.17448370071691,0.937909576065879
-77.8,1.36418016079658,3.04180623863457,2.17210444590488,0.937456685628185
-77.7,1.36512164581124,3.0434866868723,2.16966082449278,0.937019147732221
-77.6,1.3661412315767,3.04519944099469,2.1671515743896,0.936598638940209
-77.5,1.36724135406545,3.04694398230657,2.16457542064237,0.936196909110407
-77.4,1.36842449660518,3.04871973963943,2.16193107589209,0.935815783006122
-77.3,1.36969319020336,3.05052608817614,2.15921724087612,0.935457161889241
-77.2,1.37105001384158,3.05236234830533,2.15643260497939,0.935123025095596
-77.1,1.37249759473791,3.05422778450873,2.1535758468366,0.934815431589173
-77,1.37403860857535,3.05612160428456,2.15064563498753,0.934536521492252
-76.9,1.37567577969477,3.05804295711073,2.14764062858794,0.934288517588383
-76.8,1.37741188125014,3.05999093345095,2.14455947817813,0.934073726794931
-76.7,1.37924973532429,3.06196456380781,2.14140082651184,0.933894541602052
-76.6,1.38119221300326,3.06396281782606,2.13816330944733,0.933753441474553
-76.5,1.38324223440715,3.06598460345034,2.13484555690361,0.933652994213285
-76.4,1.38540276867545,3.06802876614073,2.13144619388372,0.933595857272377
-76.3,1.38767683390489,3.07009408815059,2.12796384156773,0.933584779028746
-76.2,1.39006749703754,3.07217928787017,2.12439711847777,0.9336226
-76.1,1.39257787369727,3.07428301924061,2.12074464171753,0.933712254006974
-76,1.39521112797215,3.07640387124204,2.11700502828858,0.933856769276851
-75.9,1.39797047214091,3.07854036746031,2.11317689648599,0.9340592694829
-75.8,1.40085916634109,3.08069096573652,2.1092588673755,0.93432297471668
-75.7,1.40388051817659,3.08285405790359,2.10524956635474,0.934651202388429
-75.6,1.40703788226276,3.08502796961446,2.10114762480066,0.935047368051512
-75.5,1.4103346597063,3.08721096026605,2.09695168180553,0.935514986146327
-75.4,1.41377429751819,3.08940122302379,2.0926603860039,0.936057670659485
-75.3,1.41736028795699,3.09159688495086,2.08827239749243,0.936679135693522
-75.2,1.42109616780055,3.09379600724667,2.08378638984484,0.93738319594269
-75.1,1.42498551754369,3.09599658559936,2.07920105222417,0.938173767070193
-75,1.42903196051968,3.09819655065641,2.0745150915942,0.939054865982109
-74.9,1.4332391619432,3.10039376861804,2.06972723503185,0.940030610993282
-74.8,1.43761082787252,3.102586041958,2.06483623214266,0.941105221880417
-74.7,1.44215070408879,3.10477111027576,2.0598408575807,0.942283019817527
-74.6,1.44686257489002,3.10694665128488,2.0547399136747,0.943568427188802
-74.5,1.45175026179772,3.10911028194165,2.04953223316192,0.944965967274149
-74.4,1.45681762217387,3.11125955971836,2.0442166820308,0.946480263802326
-74.3,1.4620685477463,3.11339198402538,2.03879216247394,0.94811604036688
-74.2,1.46750696304,3.11550499778588,2.03325761595201,0.949878119699827
-74.1,1.4731368237127,3.11759598916768,2.02761202636988,0.951771422798236
-74,1.47896211479234,3.11966229347551,2.02185442336518,0.953800967898731
-73.9,1.48498684881461,3.12170119520785,2.01598388571017,0.955971869295046
-73.8,1.4912150638586,3.12370993028157,2.00999954482675,0.958289335993666
-73.7,1.4976508214786,3.12568568842808,2.00390058841511,0.960758670202807
-73.6,1.50429820453035,3.12762561576399,1.99768626419533,0.96338526564984
-73.5,1.51116131488988,3.12952681753934,1.99135588376188,0.966174605722463
-73.4,1.51824427106325,3.13138636106639,1.98490882655,0.969132261428877
-73.3,1.52555120568568,3.13320127883118,1.97834454391319,0.97226388917238
-73.2,1.53308626290849,3.13496857179069,1.97166256331039,0.975575228335881
-73.1,1.54085359567233,3.13668521285707,1.96486249260118,0.979072098671755
-73,1.54885736286548,3.13834815057122,1.95794402444736,0.982760397492877
-72.9,1.55710172636596,3.13995431296697,1.95090694081834,0.986646096660509
-72.8,1.56559084796619,3.14150061162689,1.94375111759789,0.990735239364948
-72.7,1.57432888617929,3.14298394593081,1.9364765292894,0.995033936695033
-72.6,1.5833199929261,3.14440120749719,1.92908325381587,0.999548363992673
-72.5,1.59256831010199,3.14574928481762,1.92157147741146,1.00428475698876
-72.4,1.60207796602302,3.147025068084,1.91394149960003,1.00924940771707
-72.3,1.61185307175059,3.14822545420758,1.90619373825609,1.01444866020269
-72.2,1.6218977172946,3.14934735202882,1.89832873474347,1.01988890592222
-72.1,1.63221596769445,3.15038768771615,1.89034715912582,1.02557657903254
-72,1.64281185897805,3.15134341035169,1.8822498154433,1.03151815136579
-71.9,1.65368939399872,3.15221149770113,1.87403764704878,1.03772012718801
-71.8,1.66485253815038,3.15298896216464,1.86571174199694,1.04418903771938
-71.7,1.67630521496111,3.15367285690504,1.85727333847842,1.05093143541412
-71.6,1.68805130156589,3.15426028214898,1.84872383029143,1.05795388799856
-71.5,1.70009462405918,3.15474839165627,1.8400647723422,1.06526297226602
-71.4,1.71243895272795,3.15513439935177,1.83129788616508,1.07286526762743
-71.3,1.72508799716675,3.15541558611386,1.82242506545291,1.08076734941723
-71.2,1.73804540127555,3.15558930671281,1.81344838158749,1.08897578195393
-71.1,1.75131473814218,3.1556529968914,1.80437008915917,1.0974971113556
-71,1.76489950481077,3.15560418058,1.79519263146447,1.10633785811037
-70.9,1.77880311693829,3.15544047723737,1.78591864596986,1.115504509403
-70.8,1.79302890334098,3.15515960930744,1.77655096972888,1.1250035111983
-70.7,1.80758010043299,3.15475940978211,1.76709264473974,1.13484126008304
-70.6,1.82245984655992,3.1542378298594,1.75754692322964,1.14502409486839
-70.5,1.8376711762296,3.15359294668479,1.74791727285144,1.15555828795495
-70.4,1.85321701424316,3.15282297116366,1.73820738177748,1.16645003646327
-70.3,1.86910016972958,3.15192625583186,1.72842116367552,1.17770545313305
-70.2,1.8853233300868,3.15090130276998,1.71856276255005,1.18933055699467
-70.1,1.9018890548332,3.14974677154715,1.70863655743249,1.201331263817
-70,1.9187997693729,3.14846148717843,1.69864716690283,1.21371337633618
-69.9,1.93605775867922,3.14704444807977,1.6885994534246,1.22648257427043
-69.8,1.95366516090009,3.14549483400345,1.67849852747464,1.23964440412622
-69.7,1.97162396089015,3.14381201393605,1.6683497514486,1.25320426880206
-69.6,1.98993598367396,3.1419955539402,1.65815874332206,1.26716741699611
-69.5,2.00860288784527,3.14004522492107,1.64793138004743,1.28153893242494
-69.4,2.02762615890741,3.13796101029692,1.63767380066547,1.29632372286067
-69.3,2.04700710255991,3.13574311355297,1.62739240910999,1.31152650899466
-69.2,2.06674683793713,3.13339196565683,1.6170938766842,1.32715181313626
-69.1,2.08684629080427,3.13090823231296,1.60678514418597,1.34320394775569
-69,2.10730618671682,3.12829282103293,1.59647342365945,1.35968700388047
-68.9,2.12812704414961,3.12554688799758,1.58616619974969,1.37660483935586
-68.8,2.14930916760156,3.12267184468644,1.57587123063671,1.39396106697949
-68.7,2.17085264068272,3.11966936424916,1.56559654852502,1.41175904252161
-68.6,2.19275731919027,3.1165413875929,1.55535045966419,1.43000185264249
-68.5,2.21502282418025,3.11329012915929,1.54514154387602,1.44869230271927
-68.4,2.23764853504216,3.10991808236387,1.53497865356353,1.46783290459471
-68.3,2.26063358258347,3.10642802467011,1.52487091217651,1.48742586426127
-68.2,2.28397684213149,3.10282302227023,1.51482771210879,1.50747306949411
-68.1,2.30767692666008,3.09910643434402,1.50485871200176,1.52797607744713
-68,2.33173217994879,3.09528191686657,1.49497383342895,1.5489361022268
-67.9,2.35614066978231,3.09135342593589,1.48518325693646,1.57035400245899
-67.8,2.38090018119808,3.08732522059045,1.47549741741409,1.59223026886417
-67.7,2.4060082097901,3.08320186508688,1.46592699877195,1.61456501185737
-67.6,2.4314619550771,3.07898823060786,1.45648292789818,1.63735794918908
-67.5,2.45725831394339,3.0746894963699,1.44717636787292,1.66060839364432
-67.4,2.48339387416061,3.07031115010085,1.43801871041466,1.68431524081701
-67.3,2.509864907999,3.06585898785693,1.42902156753516,1.70847695697751
-67.2,2.53666736593648,3.06133911314936,1.42019676238004,1.73309156705143
-67.1,2.56379687047437,3.05675793535051,1.41155631923233,1.75815664272815
-67,2.59124871006825,3.05212216735021,1.40311245265735,1.78366929071808
-66.9,2.61901783318269,3.04743882243279,1.39487755576794,1.80962614117748
-66.8,2.64709884247859,3.04271521034638,1.38686418758994,1.83602333632077
-66.7,2.67548598914196,3.03795893253597,1.37908505950895,1.86285651923966
-66.6,2.70417316736286,3.033177876513,1.37155302078035,1.89012082294945
-66.5,2.73315390897341,3.02838020933461,1.36428104308589,1.91781085968255
-66.4,2.7624213782536,3.02357437016675,1.35728220412154,1.94592071044986
-66.3,2.7919683669138,3.01876906190609,1.35056967020245,1.97444391489055
-66.2,2.82178728926285,3.01397324183749,1.34415667787288,2.00337346143121
-66.1,2.85187017757036,3.0091961113038,1.33805651451007,2.03270177777534
-66,2.8822086776323,3.00444710436748,1.33228249791341,2.06242072174417
-65.9,2.91279404454839,2.999735875444,1.32684795487162,2.09252157249023
-65.8,2.94361713872031,2.99507228588902,1.32176619870315,2.12299502210478
-65.7,2.97466842207918,2.99046638952313,1.31705050576687,2.15383116764051
-65.6,3.00593795455132,2.9859284170796,1.31271409094253,2.18501950357078
-65.5,3.03741539077076,2.98146875956277,1.30877008208288,2.21654891470685
-65.4,3.06908997704721,2.97709795050675,1.30523149344196,2.24840766959425
-65.3,3.10095054859814,2.9728266471266,1.30211119808662,2.28058341440968
-65.2,3.13298552705355,2.96866561035624,1.29942189930109,2.31306316737949
-65.1,3.16518291824205,2.96462568377039,1.29717610099785,2.34583331374089
-65,3.19753031026662,2.96071777139001,1.29538607715023,2.37887960126662
-64.9,3.23001487187903,2.95695281437424,1.29406384026648,2.41218713637422
-64.8,3.26262335116099,2.95334176660423,1.29322110892733,2.44574038084008
-64.7,3.29534207452096,2.94989556916775,1.29286927441333,2.47952314913899
-64.6,3.32815694601505,2.94662512375693,1.2930193664514,2.51351860642916
-64.5,3.36105344700069,2.94354126499435,1.29368201811396,2.54770926720288
-64.4,3.39401663613183,2.94065473170699,1.29486742990766,2.5820769946223
-64.3,3.4270311497043,2.93797613717082,1.29658533309292,2.61660300056004
-64.2,3.46008120236035,2.93551593835285,1.29884495227939,2.65126784636351
-64.1,3.49315058816117,2.93328440418136,1.30165496734669,2.68605144436209
-64,3.52622268203668,2.93129158287944,1.30502347474409,2.72093306013551
-63.9,3.55928044162176,2.92954726840084,1.3089579482272,2.75589131556198
-63.8,3.59230640948838,2.9280609660118,1.31346519909411,2.79090419266371
-63.7,3.62528271578342,2.9268418570671,1.3185513359883,2.82594903826772
-63.6,3.65819108128203,2.92589876303273,1.32422172433985,2.86100256949922
-63.5,3.69101282086678,2.92524010881293,1.33048094552167,2.89604088012445
-63.4,3.72372884744327,2.92487388544377,1.3373327558021,2.93103944775978
-63.3,3.7563196763029,2.92480761222023,1.34478004517976,2.96597314196346
-63.2,3.7887654299444,2.92504829832938,1.35282479619222,3.00081623322616
-63.1,3.82104584336569,2.9256024040664,1.36146804279419,3.03554240287589
-63,3.85314026983834,2.9264758017163,1.37070982940647,3.07012475391315
-62.9,3.8850276871776,2.92767373618834,1.38054917024149,3.10453582279126
-62.8,3.91668670452115,2.92920078549653,1.39098400901676,3.13874759215728
-62.7,3.94809556963071,2.93106082118366,1.40201117917197,3.1727315045679
-62.6,3.97923217673122,2.93325696879263,1.41362636471092,3.20645847719536
-62.5,4.01007407490278,2.93579156849332,1.42582406179415,3.23989891753751
-62.4,4.04059847704194,2.93866613597906,1.43859754121311,3.27302274014666
-62.3,4.07078226940892,2.94188132375166,1.45193881188138,3.30579938439118
-62.2,4.10060202177906,2.94543688291936,1.4658385854836,3.33819783326415
-62.1,4.13003399821708,2.94933162563706,1.48028624242664,3.37018663325323
-62,4.15905416849424,2.95356338832347,1.49526979924318,3.40173391528572
-61.9,4.18763822016901,2.95812899579452,1.51077587760092,3.4328074167632
-61.8,4.21576157135361,2.96302422645743,1.52678967507617,3.4633745046999
-61.7,4.24339938418925,2.96824377871466,1.54329493785355,3.49340219997912
-61.6,4.27052657905456,2.97378123873132,1.56027393551831,3.52285720274265
-61.5,4.29711784953296,2.97962904972426,1.57770743811066,3.55170591892748
-61.4,4.32314767816552,2.98577848293514,1.59557469561547,3.57991448796541
-61.3,4.34859035301795,2.99221961045409,1.61385342006368,3.60744881166055
-61.2,4.37341998509104,2.99894128006395,1.63251977042458,3.63427458426073
-61.1,4.39761052660586,3.00593109227912,1.65154834047086,3.66035732373895
-61,4.42113579019601,3.01317537975592,1.6709121498006,3.68566240430145
-60.9,4.44396946904106,3.0206591892545,1.69058263820211,3.7101550901396
-60.8,4.46608515797673,3.02836626633527,1.71052966354944,3.73380057044334
-60.7,4.4874563756187,3.03627904297451,1.73072150341733,3.75656399569441
-60.6,4.50805658753883,3.04437862828635,1.75112486060504,3.77841051525827
-60.5,4.52785923053381,3.05264480253969,1.77170487275927,3.79930531629435
-60.4,4.54683773802803,3.06105601465954,1.79242512628578,3.81921366400484
-60.3,4.56496556665399,3.06958938340327,1.81324767473893,3.83810094324311
-60.2,4.58221622405494,3.07822070240239,1.83413306187741,3.85593270150334
-60.1,4.59856329795612,3.08692444925997,1.85504034957239,3.87267469331406
-60,4.61398048655247,3.0956737988936,1.87592715075257,3.88829292605873
-59.9,4.62844163026203,3.10444064131178,1.89674966756751,3.90275370724751
-59.8,4.64192074489549,3.11319560401027,1.91746273494745,3.91602369326495
-59.7,4.65439205629426,3.12190807917245,1.93801986973387,3.92806993961937
-59.6,4.66583003648968,3.13054625585409,1.95837332555007,3.93885995271997
-59.5,4.6762094414383,3.13907715733033,1.97847415357657,3.94836174320911
-59.4,4.68550535038831,3.14746668377693,1.9982722693891,3.95654388087719
-59.3,4.69369320693341,3.15567966045421,2.01771652601124,3.96337555118843
-59.2,4.70074886181163,3.16367989155543,2.03675479332595,3.96882661344682
-59.1,4.70664861750648,3.17143021987534,2.05533404398211,3.97286766063113
-59,4.7113692747091,3.1788925924474,2.07340044592358,3.97547008092918
-58.9,4.71488818069984,3.18602813229039,2.09089946165843,3.9766061210011
-58.8,4.71718327970816,3.19279721639634,2.10777595437594,3.97624895100205
-58.7,4.7182331653094,3.19915956008233,2.12397430100731,3.97437273139451
-58.6,4.71801713491701,3.20507430781863,2.1394385123146,3.97095268158034
-58.5,4.71651524642782,3.21050013063437,2.15411236007936,3.96596515038256
-58.4,4.71370837707756,3.2153953301906,2.16793951144871,3.95938768840604
-58.3,4.70957828456239,3.2197179495974,2.18086367048277,3.95119912230617
-58.2,4.70410767048105,3.22342589103875,2.19282872693141,3.94137963099309
-58.1,4.69728024615023,3.22647704025444,2.20377891225303,3.92991082379831
-58,4.6890808008441,3.2288293979132,2.21365896287063,3.91677582062913
-57.9,4.67949527250601,3.23044121789537,2.22241429064324,3.90195933413454
-57.8,4.66851082097798,3.23127115248674,2.229991160512,3.88544775390416
-57.7,4.65611590379028,3.23127840446786,2.23633687526138,3.86722923272
-57.6,4.64230035454961,3.23042288606436,2.24139996731558,3.84729377487764
-57.5,4.62705546396049,3.22866538470531,2.2451303974696,3.8256333265907
-57.4,4.61037406351002,3.22596773551623,2.24747976043315,3.80224186848932
-57.3,4.5922506118411,3.22229300045333,2.24840149704308,3.77711551021918
-57.2,4.57268128383344,3.21760565396355,2.24785111297691,3.75025258714369
-57.1,4.55166406240649,3.21187177503357,2.24578640377731,3.72165375914754
-57,4.52919883305099,3.20505924546774,2.24216768597191,3.69132211153407
-56.9,4.50528748108933,3.19713795421173,2.23695803404908,3.65926325800418
-56.8,4.47993399165743,3.18808000751465,2.23012352302428,3.6254854456979
-56.7,4.45314455239218,3.17785994469776,2.22163347630593,3.58999966227319
-56.6,4.42492765880029,3.16645495927284,2.21146071854327,3.55281974498979
-56.5,4.39529422227458,3.15384512512765,2.19958183311173,3.51396249175793
-56.4,4.36425768071436,3.14001362746966,2.18597742386442,3.47344777410356
-56.3,4.33183411169561,3.12494699819332,2.17063238075049,3.43129865199327
-56.2,4.29804234812551,3.10863535530835,2.15353614887336,3.38754149045205
-56.1,4.26290409630471,3.09107264604074,2.13468300053401,3.34220607789791
-56,4.22644405630757,3.07225689318948,2.11407230977615,3.29532574610596
-55.9,4.18869004457825,3.0521904442958,2.09170882892188,3.24693749170394
-55.8,4.14967311862667,3.03088022315311,2.06760296655833,3.1970820990891
-55.7,4.10942770369428,3.0083379831591,2.04177106640759,3.14580426464387
-55.6,4.06799172124474,2.9845805619834,2.0142356864842,3.09315272211504
-55.5,4.02540671911931,2.95963013699697,1.98502587791674,3.03918036900682
-55.4,3.98171800318084,2.93351448088263,1.95417746278278,2.98394439382468
-55.3,3.93697477025362,2.90626721681845,1.92173331027922,2.92750640399142
-55.2,3.89123024214959,2.87792807260043,1.88774361052378,2.86993255424156
-55.1,3.84454180055363,2.84854313304375,1.85226614525736,2.81129367528422
-55,3.79697112252275,2.81816508997753,1.81536655469195,2.75166540250789
-54.9,3.74858431633567,2.78685348912269,1.77711859972429,2.69112830448356
-54.8,3.69945205741016,2.75467497311893,1.73760441871201,2.62976801100469
-54.7,3.64964972398637,2.72170351994364,1.69691477798667,2.56767534038472
-54.6,3.59925753225483,2.68802067594363,1.65514931525645,2.50494642571384
-54.5,3.54836067058789,2.65371578267964,1.61241677503171,2.44168283975835
-54.4,3.49704943251303,2.61888619676374,1.56883523518702,2.37799171816582
-54.3,3.44541934804661,2.58363750185126,1.52453232375687,2.31398588062014
-54.2,3.39357131298562,2.54808371193213,1.47964542504573,2.24978394957048
-54.1,3.34161171573478,2.5123474650506,1.43432187411936,2.18551046613769
-54,3.28965256122585,2.47656020656872,1.3887191387321,2.12129600278187
-53.9,3.23781159146529,2.44086236107693,1.34300498773407,2.05727727229393
-53.8,3.18621240222634,2.40540349204438,1.29735764499412,1.9935972326538
-53.7,3.13498455538118,2.37034244829389,1.25196592786796,1.93040518727734
-53.6,3.08426368634934,2.33584749637968,1.20702936923669,1.86785688015402
-53.5,3.03419160611878,2.30209643794253,1.16275832213965,1.80611458535692
-53.4,2.98491639727731,2.26927671111464,1.11937404602568,1.74534719038735
-53.3,2.93659250347356,2.23758547504764,1.07710877365068,1.68573027279643
-53.2,2.8893808117088,2.20722967664002,1.03620575765482,1.6274461695076
-53.1,2.8434487268443,2.17842609854598,0.996919295861839,1.57068403824522
-53,2.79897023769245,2.15140138755637,0.95951473435419,1.51563991045716
-52.9,2.75612597404492,2.12639206245305,0.924268447392138,1.46251673510215
-52.8,2.71510325397701,2.10364450045258,0.89146779326258,1.41152441265677
-52.7,2.67609612075458,2.08341490137173,0.861411045164014,1.36287981868214
-52.6,2.63930536865836,2.06596922866755,0.834407296257553,1.31680681627644
-52.5,2.60493855703006,2.05158312652749,0.810776338040994,1.27353625672684
-52.4,2.57321001183677,2.04054181221168,0.790848511233536,1.23330596766346
-52.3,2.5443408140424,2.03313994287865,0.774964528391929,1.19636072800797
-52.2,2.51855877407043,2.02968145615839,0.763475267516283,1.16295222900184
-52.1,2.49609839163875,2.03047938377295,0.756741535944191,1.13333902059267
-52,2.47720080024599,2.0358556375438,0.755133803875806,1.10778644245296
-51.9,2.46211369559014,2.04614076716793,0.75903190692006,1.0865665389031
-51.8,2.45109124720295,2.06167368919076,0.768824717103205,1.0699579570104
-51.7,2.44439399258952,2.08280138665342,0.784909781835526,1.05824582713819
-51.6,2.44228871317036,2.10987857894447,0.807692930389952,1.05172162522326
-51.5,2.44504829133415,2.1432673614427,0.837587847508062,1.05068301606751
-51.4,2.45295154792248,2.18333681459695,0.875015613813871,1.05543367693909
-51.3,2.4662830594843,2.23046258215149,0.920404212784192,1.06628310079115
-51.2,2.48533295465709,2.28502641829212,0.974188004096411,1.08354637842198
-51.1,2.51039668905361,2.3474157035568,1.0368071632493,1.10754395891856
-51,2.54177479805868,2.41802292942749,1.10870708743125,1.13860138774783
-50.9,2.57977262696897,2.49724515159498,1.19033776769128,1.17704902188448
-50.8,2.62470003794026,2.58548341196704,1.28215312755329,1.22322172139316
-50.7,2.67687109324231,2.68314212957159,1.38461032830104,1.27745851691416
-50.6,2.7366037143595,2.79062846058998,1.49816904125152,1.34010225253768
-50.5,2.80421931651803,2.90835162784271,1.62329068742778,1.41149920359067
-50.4,2.88004241826549,3.03672222013832,1.7604376451369,1.49199866890291
-50.3,2.96440022577818,3.17615146198753,1.91007242605698,1.58195253716579
-50.2,3.05762219162417,3.32705045427834,2.07265682053656,1.68171482704761
-50.1,3.16003954776616,3.48982938660237,2.24865101291176,1.7916412007832
-50,3.27198481264859,3.66489672202051,2.43851266774962,1.91208845101444
-49.9,3.39379127227631,3.85265835515335,2.64269598803114,2.04341396071931
-49.8,3.52579243525984,4.0535167445825,2.86165074639373,2.18597513613418
-49.7,3.66832146187223,4.26787002064892,3.09582129065979,2.34012881264285
-49.6,3.8217105672369,4.4961110698361,3.34564552498603,2.50623063368013
-49.5,3.98629039884309,4.73862659702802,3.61155386807635,2.6846344027751
-49.4,4.16238938866634,4.9957961670336,3.89396819000981,2.87569140894023
-49.3,4.35033308025505,5.26799122687169,4.19330072934274,3.07974972569738
-49.2,4.55044343123181,5.55557411041272,4.50995299225322,3.29715348412071
-49.1,4.76303809174714,5.85889702707334,4.84431463560126,3.52824212036734
-49,4.98842965951697,6.17830103636125,5.19676233588568,3.77334959826305
-48.9,5.22692491216995,6.51411501016596,5.56765864618202,4.03280360760753
-48.8,5.4788240177281,6.86665458478742,5.95735084324788,4.30692473896552
-48.7,5.7444197241458,7.2362211047914,6.36616976708445,4.59602563581476
-48.6,6.02399652893172,7.62310056087074,6.7944286553377,4.90041012502698
-48.5,6.31782982998421,8.02756252398357,7.24242197502003,5.22037232676859
-48.4,6.62618505887481,8.44985907812587,7.71042425412391,5.55619574501842
-48.3,6.94931679792041,8.89022375417781,8.19868891578507,5.90815234001144
-48.2,7.28746788249341,9.34887046734555,8.70744711773948,6.27650158403419
-48.1,7.64086849012535,9.82599246079285,9.23690659989433,6.66148950211074
-48,8.00973521806902,10.3217612581295,9.78725054290959,7.06334769923606
-47.9,8.39427015109109,10.8363256274888,10.3586364407546,7.48229237592974
-47.8,8.79465992137501,11.3698105599864,10.9511949902673,7.91852333399987
-47.7,9.21107476252118,11.9223162654092,11.5650290008008,8.37222297452425
-47.6,9.64366755973567,12.4939171880297,12.2002123270941,8.84355529017108
-47.5,10.0925728984035,13.0846610454855,12.8567888285449,9.33266485409664
-47.4,10.5579061133434,13.6945678936999,13.5347713581016,9.83967580777074
-47.3,11.0397623411398,14.3236292208435,14.2341407840186,10.3646908501904
-47.2,11.5382155780451,14.9718070733663,14.9548450477431,10.9077902310532
-47.1,12.0533177460357,15.6390332171349,15.6967982612105,11.469030750565
-47,12.5850977696958,16.3252083367193,16.459879846833,12.0484447686581
-46.9,13.1335606666857,17.0302012758717,17.243933723462,12.6460392264978
-46.8,13.698686654632,17.7538483222257,18.0487675415862,13.2617946832419
-46.7,14.2804302773486,18.4959525392237,18.8741519710116,13.8956643711113
-46.6,14.878719553368,19.2562831482566,19.7198200442302,14.5475732719095
-46.5,15.493455149823,20.0345749639528,20.5854665586468,15.2174172182047
-46.4,16.1245095847707,20.8305278855126,21.4707475407745,15.9050620224575
-46.3,16.7717264611038,21.6438064469222,22.3752797754539,16.6103426374401
-46.2,17.4349197352277,22.4740394288166,23.2986404030695,17.3330623513443
-46.1,18.1138730237165,23.320819534682,24.24036658766,18.0729920210237
-46,18.8083389511811,24.1837031339984,25.1999552587175,18.829869346849
-45.9,19.5180385425993,25.0622100748341,26.1768629293714,19.6033981926854
-45.8,20.2426606633535,25.9558235682833,27.1705055935302,20.3932479545128
-45.7,20.9818615102246,26.8639901470338,28.1802587044338,21.1990529812225
-45.6,21.7352641565641,27.7861197002145,29.2054572369233,22.0204120511113
-45.5,22.5024581548445,28.7215855865402,30.2453958355962,22.8568879075846
-45.4,23.2829991997444,29.6697248276206,31.2993290508454,23.7080068575475
-45.3,24.076408854875,30.6298383831456,32.3664716646184,24.5732584359208
-45.2,24.8821743461915,31.6011915094921,33.4459991075506,25.452095139671
-45.1,25.6997484250562,32.5830142031183,34.5370479689357,26.3439322346695
-45,26.5285493038341,33.5745017299338,35.6387166007996,27.2481476386229
-44.9,27.3679606667984,34.5748152416291,36.7500658171293,28.164081883214
-44.8,28.2173317590114,35.5830824797589,37.8701196890991,29.0910381584943
-44.7,29.0759775557206,36.5983985681499,38.9978664368982,30.0282824424385
-44.6,29.943179014667,37.619826893999,40.1322594185399,30.9750437184403
-44.5,30.8181834135541,38.6464000777897,41.2722182157797,31.9305142833733
-44.4,31.7002047747566,39.6771210319359,42.4166298170272,32.8938501486804
-44.3,32.5884243791707,40.71096410781,43.5643498968708,33.8641715367662
-44.2,33.4819913709152,41.7468763305819,44.7142041915804,34.8405634747825
-44.1,34.3800234543902,42.7837787210375,45.8649899696764,35.8220764876786
-44,35.2816076849797,43.8205677032953,47.015477596383,36.8077273921697
-43.9,36.1858013544571,44.8561165970831,48.1644121905053,37.7965001930366
-43.8,37.0916329719104,45.8892771929753,49.3105153719858,38.7873470829181
-43.7,37.9981033407517,46.9188814087302,50.4524870981158,39.7791895464948
-43.6,38.9041867321105,47.9437430246009,51.5890075860865,40.7709195696825
-43.5,39.8088321546359,48.9626594952306,52.7187393192793,41.7614009541633
-43.4,40.7109647204479,49.9744138354774,53.8403291344082,42.7494707372818
-43.3,41.609487106684,50.9777765772479,54.9524103863377,43.7339407170152
-43.2,42.5032811117839,51.9715077941592,56.0536051871165,44.7135990814086
-43.1,43.3912093053439,52.9543591905883,57.142526715484,45.6872121415223
-43,44.2721167700558,53.9250762514119,58.2177815928276,46.6535261666065
-42.9,45.1448329339191,54.882400448485,59.2779723212933,47.6112693198534
-42.8,46.0081734905837,55.8250714996652,60.3216997794832,48.5591536927269
-42.7,46.8609424053525,56.7518296759444,61.3475657709132,49.4958774355034
-42.6,47.7019340040261,57.6614181520198,62.3541756201423,50.4201269812785
-42.5,48.5299351414406,58.5525853954091,63.3401408112493,51.3305793603326
-42.4,49.3437274462021,59.4240875889995,64.304081663082,52.225904601358
-42.3,50.1420896377831,60.2746910817138,65.2446300354891,53.1047682156797
-42.2,50.9237999118072,61.1031748617836,66.1604320605229,53.9658337602194
-42.1,51.6876383890065,61.9083330469322,67.050150892402,54.8077654745723
-42,52.4323896230078,62.6889773856044,67.9124694698302,55.6292309871954
-41.9,53.1568451617724,63.4439397632192,68.746093284099,56.428904085329
-41.8,53.8598061571919,64.1720747072816,69.5497531462358,57.205467542911
-41.7,54.5400860170299,64.8722618850603,70.3222079463212,57.9576160003825
-41.6,55.1965130930957,65.5434085874305,71.0622473979739,58.6840588899341
-41.5,55.8279333992377,66.184452192382,71.7686947608883,59.3835233994007
-41.4,56.4332133524693,66.7943626016205,72.4404095342298,60.0547574676865
-41.3,57.0112425302648,67.3721446436286,73.0762901136161,60.6965328042837
-41.2,57.5609364368166,67.9168404365157,73.6752764043703,61.3076479251546
-41.1,58.0812392708029,68.4275317039641,74.2363523836994,61.8869311969555
-41,58.571126687001,68.9033420375814,74.7585486044499,62.4332438813259
-40.9,59.0296085438785,69.3434390989859,75.2409446331045,62.9454831707126
-40.8,59.4557316291194,69.7470367549971,75.6826714147272,63.4225852069826
-40.7,59.8485823548826,70.113397139365,76.0829135576228,63.8635280738746
-40.6,60.2072894144608,70.441832634555,76.440911530565,64.2673347541651
-40.5,60.5310263918948,70.7317077672137,76.7559637655544,64.6330760422748
-40.4,60.8190143160202,70.982441011068,77.0274286592042,64.9598734029225
-40.3,61.0705241503634,71.1935064911596,77.2547264660049,65.2469017663342
-40.2,61.2848792102783,71.3644355834915,77.4373410769049,65.493392250462
-40.1,61.4614574987166,71.4948184043553,77.5748216768469,65.6986348006262
-40,61.5996939520529,71.5843051838259,77.6667842751324,65.8619807370031
-39.9,61.6990825874495,71.6326075181472,77.7129131027353,65.9828452004103
-39.8,61.7591785433385,71.63949949599,77.7129618709695,66.0607094869154
-39.7,61.7796000047229,71.6048186938491,77.6667548862087,66.0951232618931
-39.6,61.7600300051557,71.5284670361367,77.5741880156837,66.0857066443012
-39.5,61.7002180974483,71.41041151586,77.4352294997248,66.0321521521212
-39.4,61.5999818853799,71.2506847721027,77.2499206061835,65.9342265001222
-39.3,61.4592084089389,71.0493855208906,77.0183761231536,65.7917722413609
-39.2,61.2778553759171,70.8066788363954,76.7407846865191,65.604709244118
-39.1,61.0559522329984,70.5227962798245,76.4174089392788,65.3730359962994
-39,60.7936010698448,70.1980358737485,76.0485855200424,65.096830729693
-38.9,60.490977350066,69.8327619200418,75.6347248785495,64.7762523568764
-38.8,60.1483304633847,69.4274046600489,75.1763109165393,64.4115412140062
-38.7,59.7659840937576,68.9824597760301,74.6739004527847,64.0030196031962
-38.6,59.3443363986999,68.4984877334057,74.1281225116082,63.5510921287001
-38.5,58.883859995567,67.9761129637796,73.5396774347043,63.0562458216611
-38.4,58.3851017510954,67.4160228892018,72.9093358166211,62.519050048765
-38.3,57.8486823710654,66.8189667886094,72.2379372647764,61.9401562007471
-38.2,57.2752957875474,66.1857545078749,71.5263889854244,61.3202971573404
-38.1,56.6657083418055,65.5172550153769,70.7756641975264,60.6602865259248
-38,56.0207577615793,64.8143948055054,69.9868003770235,59.9610176518302
-37.9,55.3413519321161,64.0781561530001,69.1608973345521,59.2234623989725
-37.8,54.6284674610122,63.3095752215148,68.2991151301873,58.4486697002426
-37.7,53.8831480376121,62.509740030284,67.4026718293356,57.6377638778357
-37.6,53.1065025884252,61.6797882832502,66.4728411044396,56.7919427344923
-37.5,52.2997032307391,60.8209050654854,65.5109496876775,55.9124754174225
-37.4,51.4639830273391,59.9343204122015,64.518374680367,55.000700057495
-37.3,50.6006335459773,59.0213067561034,63.4965407252865,54.0580211871006
-37.2,49.7110022279775,58.0831762592744,62.4469170486224,53.0859069409218
-37.1,48.7964895710963,57.1212780362149,61.3710143787334,52.0858860446825
-37,47.8585461325063,56.1369952750637,60.2703817493859,51.05954459778
-36.9,46.8986693584936,55.1317422644227,59.1466031955566,50.0085226565359
-36.8,45.9184002481902,54.1069613335826,58.0012943503248,48.9345106256292
-36.7,44.9193198593733,53.0641197142938,56.8360989517767,47.8392454660889
-36.6,43.9030456650639,52.0047063325578,55.6526852692198,46.7245067290298
-36.5,42.8712277703365,50.9302285392171,54.4527424583566,45.5921124250988
-36.4,41.8255449994128,49.8422087883989,53.2379768553865,44.443914740368
-36.3,40.7677008637504,48.7421812731187,52.0101082202999,43.2817956101532
-36.2,39.6994194224428,47.6316885275675,50.7708659398855,42.1076621629492
-36.1,38.6224410468303,46.5122780058021,49.5219852012032,40.9234420473626
-36,37.538518101763,45.3854986467104,48.265203146465,39.7310786555642
-35.9,36.4494105564692,44.2528974352552,47.0022550204279,38.5325262574045
-35.8,35.3568815384516,43.1160159700934,45.734870321523,37.3297450598966
-35.7,34.262692844259,41.9763870477183,44.4647689680269,36.1246962073002
-35.6,33.1686004213678,40.8355312733086,43.1936574906311,34.9193367375164
-35.5,32.0763498357395,39.6949537084435,41.9232252627677,33.7156145109276
-35.4,30.9876717399065,38.5561405658038,40.6551407800168,32.5154631281868
-35.3,29.9042773566732,37.4205559608897,39.3910479998482,31.3207968537785
-35.2,28.8278539936941,36.2896387306649,38.1325627528334,30.1335055624221
-35.1,27.7600606043156,35.1647993288799,36.8812692363073,28.9554497255839
-35,26.7025234101307,34.0474168076323,35.6387166012663,27.7884554554923
-34.9,25.6568316006984,32.9388358944884,34.4064156430465,26.6343096241086
-34.8,24.6245331258263,31.8403641742266,33.1858356060527,25.4947550745028
-34.7,23.607130595691,30.7532693839585,31.9784011124884,24.3714859420037
-34.6,22.6060773038913,29.6787768300449,30.7854892246802,23.266143102348
-34.5,21.6227733882831,28.6180669348569,29.6084266501975,22.1803097638326
-34.4,20.6585621441346,27.572272921023,28.4484870985298,21.1155072201824
-34.3,19.7147265037666,26.5424786403713,27.3068887976235,20.0731907804834
-34.2,18.7924856964067,25.5297165543076,26.184792178067,19.0547458920917
-34.1,17.8929921014835,24.5349658718758,25.0832977321836,18.0614844719215
-34,17.0173283080279,23.5591508512244,24.0034440547193,17.0946414609333
-33.9,16.1665043922199,22.6031392696545,22.9462060712131,16.1553716159901
-33.8,15.3414554244423,21.6677410668554,21.9124934595164,15.2447465525339
-33.7,14.5430392164549,20.7537071653356,20.9031492692689,14.3637520507364
-33.6,13.7720343185113,19.8617284714486,19.9189487434691,13.5132856369335
-33.5,13.029138275387,18.9924350597831,18.9605983455795,12.6941544512288
-33.4,12.3149661493867,18.1463955430348,18.0287349948891,11.9070734111752
-33.3,11.6300493174517,17.3241166288311,17.1239255121316,11.152663680409
-33.2,10.9748345484906,16.5260428642989,16.2466662766061,10.4314514500191
-33.1,10.3496833660274,15.7525565685025,15.3973830953026,9.74386703929758
-33,9.75487170018355,15.0039779521907,14.5764312837656,9.0902443213281
-32.9,9.19058983191076,14.2805654236134,13.7840959576704,8.4708204776436
-32.8,8.65694263125218,13.5825160784885,13.0205925333168,7.88573608491906
-32.7,8.15395009025537,12.9099663715186,12.2860674344846,7.33503553536779
-32.6,7.68154814997953,12.2629929661901,11.5805990023312,6.81866779118553
-32.5,7.23958981984797,11.6416137589238,10.9041986042693,6.33648747204217
-32.4,6.82784658639304,11.0457890729964,10.2568119370151,5.88825627325751
-32.3,6.44601010723484,10.4754230170204,9.63832051828243,5.47364471092798
-32.2,6.09369418492734,9.93036500215035,9.04854336088483,5.0922341888936
-32.1,5.77043701410665,9.41041141158926,8.48723882232784,4.74351938106216
-32,5.47570369418838,8.91530741539736,7.95410662231217,4.42691092124278
-31.9,5.20888899869029,8.44474892305669,7.44879001993422,4.14173839128982
-31.8,4.96932039110929,7.99838466572832,6.9708781417685,3.88725359702991
-31.7,4.75626127616431,7.57581839965146,6.51990845144603,3.66263412014321
-31.6,4.56891447413247,7.17661122168046,6.09536935080929,3.46698713290378
-31.5,4.40642590496223,6.80028398753621,5.69670290222718,3.29935346145631
-31.4,4.26788846785029,6.44631982296961,5.32330766120013,3.15871188212899
-31.3,4.15234610102102,6.1141667176925,4.97454160797264,3.04398363415498
-31.2,4.05879800555714,5.80324019163242,4.64972516650439,2.95403713110923
-31.1,3.98620301630108,5.51292602281107,4.34814429883189,2.88769285236653
-31,3.93348410208321,5.24258302593409,4.06905366258268,2.84372839495697
-30.9,3.89953297684086,4.99154587061373,3.81167981918447,2.82088366534205
-30.8,3.88321480257546,4.75912792802666,3.57522448014473,2.8178661898647
-30.7,3.88337296455709,4.5446241347371,3.35886777866133,2.83335652194198
-30.6,3.89883389873165,4.34731386239208,3.16177155376523,2.86601372347841
-30.5,3.92841195091811,4.16646378202137,2.98308263419079,2.91448089748153
-30.4,3.97091424710499,4.00133071174855,2.8219361092189,2.97739074846588
-30.3,4.02514555397012,3.85116443684335,2.67745857384368,3.0533711469392
-30.2,4.08991310865656,3.71521049121717,2.54877133577344,3.14105067407872
-30.1,4.1640313968435,3.59271288968432,2.43499357199257,3.23906412262864
-30,4.24632685825507,3.48291680057905,2.33524542288007,3.34605793008436
-29.9,4.3356424989527,3.38507114863329,2.24865101220444,3.46069552037539
-29.8,4.43084239005921,3.29843113837934,2.174341381689,3.58166253052007
-29.7,4.5308160329649,3.2222606887464,2.11145732926924,3.70767189909918
-29.6,4.63448257156687,3.15583476996535,2.05915214063859,3.83746879388452
-29.5,4.74079483269168,3.09844163438356,2.01659420420226,3.96983535656012
-29.4,4.84874317654727,3.04938493331647,1.9829695001272,4.10359524318777
-29.3,4.95735913983942,3.00798571262443,1.95748395478686,4.23761793989217
-29.2,5.06571885507055,2.97358428029809,1.93936565255071,4.37082283417311
-29.1,5.17294623050829,2.9455419399624,1.92786689755692,4.5021830232875
-29,5.27821587636797,2.9232425848634,1.92226611882937,4.63072884228212
-28.9,5.38075576388922,2.90609414758169,1.92186961285366,4.75555109549078
-28.8,5.47984960520069,2.89352990141853,1.926013118508,4.87580397663587
-28.7,5.57483894315207,2.88500961012069,1.93406322005025,4.9907076640866
-28.6,5.66512494164258,2.88002052334624,1.94541857468713,5.09955057931823
-28.5,5.75016986838741,2.87807821602121,1.9595109620936,5.20169129818469
-28.4,5.829498263527,2.87872727049255,1.97580615410353,5.29656010625034
-28.3,5.90269778899668,2.88154180114373,1.99380460365514,5.38366019112122
-28.2,5.96941975512534,2.88612582189998,2.0130419529395,5.4625684664624
-28.1,6.02937932251586,2.89211345780826,2.03308936156622,5.53293602417759
-28,6.08235537886919,2.89916900262868,2.05355365642042,5.59448821305295
-27.9,6.12819009203915,2.90698682511388,2.07407730573656,5.64702434401798
-27.8,6.16678814223956,2.91529112737968,2.09433822075279,5.69041702404518
-27.7,6.19811563795974,2.92383555947767,2.11404938912962,5.72461112258639
-27.6,6.22219872177061,2.93240269496672,2.13295834511517,5.74962237631728
-27.5,6.23912187381297,2.94080337294067,2.15084648221184,5.76553563982441
-27.4,6.24902592234319,2.94887591260117,2.16752821484079,5.77250279170863
-27.3,6.25210577226177,2.95648520706354,2.18284999620956,5.77074030738834
-27.2,6.24860786405648,2.96352170364745,2.19668920025768,5.76052651165231
-27.1,6.23882737704788,2.96990027842848,2.20895287618402,5.74219852572762
-27,6.22310519222097,2.97555901331051,2.21957638464338,5.71614892528225
-26.9,6.20182463125463,2.98045788431724,2.22852192523508,5.68282212736537
-26.8,6.17540798961338,2.98457737019366,2.2357769653905,5.6427105257911
-26.7,6.14431288273439,2.98791699075121,2.24135258119653,5.59635039588566
-26.6,6.10902842542162,2.99049378468226,2.24528172106573,5.54431759083329
-26.5,6.07007126553889,2.99234073680879,2.24761740347811,5.48722305306607
-26.4,6.02798149397032,2.99350516491484,2.24843086027419,5.42570816523768
-26.3,5.9833184535829,2.99404707644127,2.24780963717,5.36043996629532
-26.2,5.93665647057583,2.99403750539448,2.24585566329306,5.29210625900886
-26.1,5.88858053213139,2.99355683983582,2.2426833016016,5.22141063602741
-26,5.83968193468599,2.99269315027682,2.23841739204735,5.14906745210396
-25.9,5.79055392741625,2.9915405292059,2.23319129927503,5.07579677055429
-25.8,5.74178737567777,2.99019745181587,2.22714497651845,5.00231931229294
-25.7,5.69396646914396,2.98876516778845,2.22042305715579,4.9293514359127
-25.6,5.64766449926495,2.98734613372366,2.2131729851244,4.85760017724306
-25.5,5.60343973040239,2.98604249547889,2.20554319507031,4.78775837663479
-25.4,5.56183138859462,2.98495462930745,2.19768135272168,4.72049992187189
-25.3,5.52335579136825,2.98417975025942,2.18973266552905,4.65647513410858
-25.2,5.48850264133847,2.98381059583334,2.1818382731121,4.59630632356823
-25.1,5.45773150553322,2.98393419234589,2.17413372649472,4.54058354092532
-25,5.43146850143872,2.9846307109222,2.16674756450023,4.48986054932306
-24.9,5.41010320969945,2.98597241940502,2.15979999502035,4.4446510408618
-24.8,5.39398583221869,2.98802273583895,2.15340168816826,4.40542512013192
-24.7,5.38342461310203,2.9908353885106,2.14765268758127,4.37260607596298
-24.6,5.37868353847058,2.99445368682081,2.1426414453575,4.3465674610277
-24.5,5.37998032965143,2.99890990653399,2.13844398529648,4.32763049727892
-24.4,5.38748474263528,3.00422479219743,2.13512319827106,4.31606182341969
-24.3,5.40131718498559,3.01040717875357,2.13272827269287,4.31207159871985
-24.2,5.42154765959677,3.01745373358571,2.13129426214908,4.31581197550488
-24.1,5.44819504284084,3.02534881944676,2.13084179139135,4.32737595056624
-24,5.48122670272305,3.03406447792604,2.13137690095253,4.34679660358677
-23.9,5.52055846069631,3.04356053231582,2.13289102975915,4.37404672845152
-23.8,5.56605489877306,3.0537848079515,2.13536113420255,4.40903886103562
-23.7,5.61753001153368,3.06467346732271,2.13874994123517,4.45162570473995
-23.6,5.67474820057172,3.07615145649047,2.14300633217538,4.50160095269285
-23.5,5.73742560685278,3.08813305860459,2.1480658530406,4.55870050316887
-23.4,5.8052317744051,3.10052254959822,2.15385134638914,4.62260406240333
-23.3,5.87779163671988,3.11321495044909,2.16027369884206,4.69293712662121
-23.2,5.95468781522883,3.12609686974317,2.16723269768147,4.76927333276255
-23.1,6.03546321725836,3.13904742965989,2.17461798918756,4.8511371650887
-23,6.11962391894622,3.15193926792488,2.18231013068669,4.93800700260903
-22.9,6.20664231675864,3.16463960774687,2.19018172764271,5.02931849008891
-22.8,6.29596052947617,3.17701138727743,2.19809864653666,5.12446821330087
-22.7,6.3869940308367,3.18891443970542,2.20592129375119,5.22281765717621
-22.6,6.47913549144339,3.2002067147282,2.21350595020864,5.32369742361513
-22.5,6.57175880707706,3.21074553182966,2.22070615110878,5.4264116839341
-22.4,6.66422328920455,3.22038885554465,2.22737409977795,5.53024283928106
-22.3,6.75587799225725,3.22899658270167,2.23336210437678,5.63445636084221
-22.2,6.84606615117697,3.23643183151295,2.23852402602308,5.73830578031295
-22.1,6.93412970179635,3.24256222232461,2.24271672676949,5.84103779991517
-22,7.0194138558462,3.2472611398498,2.24580150583543,5.94189749022744
-21.9,7.10127170177022,3.2504089667862,2.24764551252964,6.04013354325832
-21.8,7.17906880208153,3.25189427886519,2.24812312441378,6.13500354754573
-21.7,7.25218775772345,3.25161499159324,2.24711727944948,6.22577925161182
-21.6,7.32003270979972,3.24947944922673,2.24452075114019,6.31175178184959
-21.5,7.38203374912245,3.24540744686722,2.24023735602425,6.39223678086702
-21.4,7.4376512042893,3.23933117697421,2.23418308329528,6.46657943247207
-21.3,7.48637977944596,3.23119609206506,2.2262871368186,6.53415933984582
-21.2,7.52775251351717,3.2209616759034,2.21649288037513,6.59439522402592
-21.1,7.56134453349483,3.20860211606694,2.2047586775945,6.64674941060349
-21,7.58677657535556,3.19410687142798,2.19105861873348,6.69073207352456
-20.9,7.60371824733712,3.17748112877369,2.17538312721048,6.72590520607757
-20.8,7.61189101162894,3.15874614353249,2.15773943961777,6.75188629053636
-20.7,7.61107086202084,3.13793946035464,2.13815195379502,6.7683516395084
-20.6,7.60109067669924,3.11511501011468,2.11666244045687,6.7750393838033
-20.5,7.58184222717315,3.09034308075495,2.09333011481648,6.77175208357823
-20.4,7.55327782624436,3.06371016026941,2.06823156563251,6.7583589416254
-20.3,7.51541159999781,3.03531865102841,2.04146054012148,6.73479759993198
-20.2,7.46832037096758,3.00528645556346,2.01312758421459,6.70107550305163
-20.1,7.41214414191993,2.97374643486021,1.98335953869274,6.65727081436797
-20,7.34708617207507,2.94084574114203,1.95229889279739,6.60353287398864
-19.9,7.27341264004934,2.90674502805913,1.92010299798142,6.54008218976951
-19.8,7.19145189032697,2.87161754212443,1.88694314552823,6.46720995581755
-19.7,7.10159326264896,2.83564810014909,1.85300351281832,6.38527709573955
-19.6,7.00428550632251,2.79903195832403,1.81847998405725,6.29471283087722
-19.5,6.900034784091,2.76197357946053,1.78357885228767,6.19601277677804
-19.4,6.78940227284629,2.72468530573886,1.74851541048435,6.08973657417823
-19.3,6.67300137109611,2.68738594511164,1.71351244046926,5.97650506380111
-19.2,6.5514945257025,2.65029928026358,1.67879860927531,5.85699701728097
-19.1,6.42558969296737,2.61365250973477,1.64460678342683,5.73194543949249
-19,6.29603645164024,2.5776746314665,1.61117227238562,5.60213346047764
-18.9,6.16362178784625,2.54259477962054,1.5787310131275,5.46838983799861
-18.8,6.02916557426412,2.50864052605153,1.54751770845977,5.33158409448803
-18.7,5.89351576810471,2.47603615827104,1.51776393225975,5.19262131479639
-18.6,5.757543354542,2.44500094612995,1.48969621530384,5.05243663363652
-18.5,5.6221370642085,2.41574740975594,1.46353412576007,4.91198944397593
-18.4,5.48819789517732,2.38847960151481,1.43948835873174,4.77225735981429
-18.3,5.35663347149797,2.36339141491365,1.41775884946177,4.6342299687913
-18.2,5.22835227181915,2.3406649334285,1.39853292493293,4.49890241188055
-18.1,5.10425776291118,2.32046883221787,1.38198350862762,4.36726882902914
-18,4.98524247397842,2.3029568455746,1.36826739313826,4.24031571098294
-17.9,4.8721820485223,2.28826631277093,1.35752359514652,4.11901519868554
-17.8,4.76592931116934,2.27651681466682,1.34987180701466,4.00431837254366
-17.7,4.66730838730631,2.26780891307702,1.34541095885558,3.89714857450261
-17.6,4.57710891356594,2.26222300443273,1.34421790447106,3.79839480626835
-17.5,4.4960803771711,2.2598182987267,1.34634624397069,3.70890524713821
-17.4,4.4249266218751,2.2606319341018,1.35182529520956,3.62948093475804
-17.3,4.36430055772673,2.26467823673249,1.36065922541428,3.56086965170745
-17.2,4.31479911114086,2.27194813486101,1.37282635350617,3.50376006012308
-17.1,4.27695845077214,2.2824087349888,1.38827863268322,3.45877612560628
-17,4.251249523471,2.29600306729274,1.4069413217922,3.42647187042646
-16.9,4.23807393315465,2.31265000634058,1.4287128529146,3.4073264945296
-16.8,4.23776019375555,2.33224437212528,1.45346490141126,3.40173990109902
-16.7,4.2505603855236,2.3546572153299,1.48104266342604,3.41002866139927
-16.6,4.27664724186574,2.37973628957917,1.51126534454665,3.43242245137402
-16.5,4.31611169161685,2.40730671223829,1.54392686196732,3.46906098997563
-16.4,4.36896087916164,2.43717181408944,1.57879676110209,3.51999150648979
-16.3,4.4351166821805,2.46911417696045,1.6156213461663,3.58516676119807
-16.2,4.51441474398855,2.50289685710574,1.65412502278731,3.6644436406094
-16.1,4.60660403449007,2.53826479085334,1.69401184923124,3.7575823452053
-16,4.71134695069853,2.57494637774365,1.73496729135102,3.86424618420195
-15.9,4.82821996459173,2.61265523510205,1.77666017488047,3.98400198825363
-15.8,4.95671482280008,2.651092116718,1.81874482723008,4.11632114732762
-15.7,5.09624029928567,2.68994698705551,1.86086339949194,4.26058127719258
-15.6,5.24612449877594,2.72890124120232,1.90264835794307,4.41606851410135
-15.5,5.40561770529365,2.7676300595865,1.94372513295882,4.58198043334041
-15.4,5.57389576669215,2.80580488535714,1.98371491192012,4.75742958338464
-15.3,5.75006400268307,2.84309601124849,2.02223756142891,4.94144762346041
-15.2,5.93316162045682,2.87917526173241,2.05891466294624,5.13299004841094
-15.1,6.12216661866168,2.91371875531953,2.09337264484358,5.33094148089466
-15,6.31600115724975,2.9464097310026,2.12524599282092,5.53412150715937
-14.9,6.51353736753822,2.97694142205277,2.15418051970184,5.74129102894495
-14.8,6.71360357379002,3.0050199596874,2.17983667477389,5.95115910049782
-14.7,6.91499089471501,3.03036728853312,2.20189287211074,6.16239021625967
-14.6,7.11646019054463,3.0527240753142,2.22004881669534,6.37361201153828
-14.5,7.31674931876394,3.07185259181098,2.23402880666857,6.58342333540801
-14.4,7.51458065921019,3.08753955285804,2.24358498966006,6.79040265223847
-14.3,7.70866886708278,3.09959888999295,2.24850055092184,6.99311672563425
-14.2,7.8977288104765,3.10787444132495,2.24859281088515,7.19012953620707
-14.1,8.08048364735555,3.11224253827266,2.24371620979955,7.38001138250783
-14,8.25567299545059,3.11261447002165,2.23376515729311,7.56134811264121
-13.9,8.42206114739247,3.10893880687742,2.21867672501512,7.73275043258062
-13.8,8.57844528250479,3.10120356413773,2.19843316098833,7.89286323600968
-13.7,8.7236636260754,3.08943818867903,2.17306420490661,8.04037489965278
-13.6,8.85660350661592,3.07371535114404,2.14264918436431,8.17402648752452
-13.5,8.97620926160849,3.05415252742892,2.10731887289365,8.29262080733964
-13.4,9.08148994253099,3.03091335409619,2.06725709171347,8.39503126248207
-13.3,9.1715267705471,3.0042087433798,2.02270203825219,8.48021044343801
-13.2,9.24548029514851,2.97429774459679,1.97394732579495,8.54719840345654
-13.1,9.30259720923633,2.94148814003192,1.92134272001546,8.59513056440649
-13,9.34221677562836,2.90613676470875,1.86529455967743,8.62324520035109
-12.9,9.36377682176733,2.86864954090037,1.80626585042551,8.63089044825273
-12.8,9.36681926147855,2.82948121975379,1.74477602231864,8.61753079744355
-12.7,9.35099510497101,2.78913482399936,1.6814003435845,8.58275301204172
-12.6,9.31606892088346,2.74816078737999,1.61676898498085,8.52627144334641
-12.5,9.26192271703257,2.70715578815618,1.55156573112728,8.44793269239224
-12.4,9.18855920960897,2.66676127581252,1.48652633721025,8.34771958626972
-12.3,9.09610445387168,2.62766169189871,1.42243653155176,8.22575443550357
-12.2,8.98480981289371,2.5905823877736,1.36012966665682,8.08230154370525
-12.1,8.85505324459302,2.55628724387366,1.30048402350489,7.91776894485884
-12,8.70733989111985,2.52557599698556,1.24441977601159,7.73270934793458
-11.9,8.54230195864521,2.49928128385685,1.1928956247482,7.5278202730306
-11.8,8.36069787967835,2.47826541131596,1.14690511115281,7.30394336788988
-11.7,8.16341075421263,2.46341686488258,1.10747262558632,7.06206289840249
-11.6,7.95144607023354,2.45564656962071,1.07564912466512,6.80330341155339
-11.5,7.72592870839119,2.45588391870687,1.05250757532672,6.52892657418077
-11.4,7.48809923992158,2.46507258684516,1.03913814504209,6.24032719584613
-11.3,7.23930953116455,2.48416614724766,1.03664315946586,5.9390284490467
-11.2,6.98101767224828,2.5141235124021,1.04613185060005,5.62667630489818
-11.1,6.71478225166362,2.55590422025885,1.0687149202267,5.30503320724965
-11,6.44225600250796,2.61046358877636,1.10549894492764,4.97597101292848
-10.9,6.165178850115,2.67874776295797,1.15758065044421,4.64146323042674
-10.8,5.88537039457555,2.76168867958584,1.22604108442595,4.30357659379718
-10.7,5.60472186527127,2.86019897580034,1.31193971776457,3.96446201279872
-10.6,5.3251875879669,2.97516686847825,1.4163085056986,3.62634494439426
-10.5,5.048776008208,3.10745103202479,1.54014594069783,3.29151523452122
-10.4,4.77754031773756,3.25787550270411,1.68441112978526,2.9623164826143
-10.3,4.5135687333468,3.42722463798878,1.85001792942375,2.64113498462413
-10.2,4.2589744800008,3.61623815960353,2.03782917137777,2.33038831322941
-10.1,4.01588553220933,3.8256063089695,2.24865101305274,2.03251359656304
-10,3.78643416942862,4.05596514362188,2.48322744571466,1.74995555903901
-9.89999999999999,3.57274640277396,4.30789200287053,2.7422349936944,1.48515438976915
-9.8,3.37693133147658,4.58190117050348,3.02627763718783,1.24053350557387
-9.69999999999999,3.20107048832821,4.87843976169571,3.33588199057188,1.0184872767118
-9.59999999999999,3.04720723381213,5.19788386047956,3.67149276726817,0.821368784169178
-9.5,2.91733625871465,5.54053493316725,4.03346856110775,0.65147767764929
-9.39999999999999,2.81339325474623,5.90661654198471,4.42207797287781,0.511048203287999
-9.3,2.73724481207215,6.29627138189312,4.83749610927787,0.402237469582967
-9.19999999999999,2.69067860166231,6.70955866213925,5.27980147987906,0.327114019067939
-9.09999999999999,2.6753938990233,7.14645185249466,5.74897331587239,0.287646771890516
-9,2.69299250417611,7.60683681243066,6.24488933242602,0.285694405666398
-8.89999999999999,2.74497011070229,8.09051031962921,6.76732395434551,0.322995233796866
-8.8,2.83270817430694,8.59717901226696,7.31594702246548,0.401157641857086
-8.69999999999999,2.95746632865468,9.12645875743805,7.89032299580328,0.521651138706715
-8.59999999999999,3.12037539323653,9.67787445590663,8.48991066198331,0.685798075655591
-8.5,3.32243101474213,10.2508602911252,9.1140633658195,0.894766083356277
-8.39999999999999,3.5644879798574,10.8447604281176,9.76202976322089,1.14956127211058
-8.3,3.84725523360764,11.458830165431,10.4329551047923,1.45102223699404
-8.19999999999999,4.17129163334067,12.092237540918,11.1258830506433,1.79981490464531
-8.09999999999999,4.53700246421566,12.7440653896229,11.8397580150118,2.19642825376059
-8,4.94463673766297,13.4133138495539,12.573428036375,2.64117093631191
-7.89999999999999,5.39428528972612,14.0989033086022,13.3256481657718,3.13416882129394
-7.8,5.8858796915252,14.799677783376,14.0950843631131,3.6753634774364
-7.69999999999999,6.41919197931619,15.514408718234,14.8803178883382,4.26451160582775
-7.59999999999999,6.99383520678979,16.2417991903562,15.6798501713796,4.90118542781062
-7.5,7.60926481739558,16.9804885043028,16.4921081420788,5.5847740278758
-7.39999999999999,8.26478082960995,17.7290571571813,17.3154499984279,6.31448564561999
-7.3,8.95953082323271,18.486032153294,18.1481713888476,7.08935090519243
-7.19999999999999,9.69251371002068,19.2498926449886,18.9885119816484,7.90822696506412
-7.09999999999999,10.462584267275,20.0190758743812,19.8346623923765,8.76980256544468
-7,11.2684584084347,20.7919833887007,20.6847714374472,9.67260394529318
-6.89999999999999,12.1087191603035,21.5669875002035,21.53695368031,10.6150015956353
-6.8,12.9818233122933,22.3424379599593,22.3892972344077,11.5952178108634
-6.69999999999999,13.8861086990309,23.1166688133144,23.2398717853843,12.6113349948798
-6.59999999999999,14.8198020738564,23.8880054035031,24.0867367933772,13.6613046743745
-6.5,15.7810275271961,24.6547714887271,24.9279498348246,14.7429571672545
-6.39999999999999,16.7678154005067,25.4152964370456,25.7615750420114,15.8540118502644
-6.3,17.7781116435179,26.1679224626345,26.5856915976049,16.9920879662103
-6.19999999999999,18.8097875598405,26.9110118663898,27.3984022406855,18.1547159079263
-6.09999999999999,19.8606498836872,27.6429542434572,28.1978417402604,19.3393489132308
-6,20.9284511284909,28.3621736200973,28.9821852919887,20.5433751026406
-5.89999999999999,22.0109001466018,29.0671354823156,29.7496567938127,21.764129789539
-5.8,23.1056728380276,29.7563536589298,30.4985369564228,22.9989079908664
-5.69999999999999,24.2104229453453,30.4283970221925,31.2271712049509,24.2449770652159
-5.59999999999999,25.3227928714686,31.081895969745,31.93397732901,25.499589404482
-5.5,26.440424456917,31.7155486525427,32.6174528391645,26.7599951049457
-5.39999999999999,27.5609696535776,32.3281269144642,33.276181989127,28.0234545438662
-5.3,28.6821010327054,32.9184819105823,33.9088424244219,29.2872507883088
-5.19999999999999,29.8015220660485,33.485549372542,34.5142114199396,30.5487017640571
-5.09999999999999,30.91697712051,34.0283544911379,35.0911716707029,31.8051721140209
-5,32.0262611086667,34.5460163880163,35.6387166022903,33.0540846775764
-4.89999999999999,33.1272287397295,35.0377521504263,36.155955169677,34.2929315247167
-4.8,34.2178033181546,35.5028804051017,36.6421161157714,35.519284481761
-4.69999999999999,35.2959850400714,35.9408244096715,37.0965516636187,36.7308050886421
-4.59999999999999,36.3598587409587,36.3511146424314,37.5187406190981,37.9252539314321
-4.5,37.4076010515794,36.7333908738893,37.9082908639529,39.1004992977849
-4.39999999999999,38.4374869230132,37.0874037061662,38.2649412221332,40.2545251073006
-4.3,39.4478954857266,37.4130155691162,38.5885626856892,41.3854380734727
-4.19999999999999,40.4373152119274,37.710201164877,38.8791589898167,42.4914740587941
-4.09999999999999,41.4043483549579,37.9790473554851,39.1368665300873,43.5710035897612
-4,42.3477146441589,38.2197524911518,39.3619536184054,44.6225365039007
-3.89999999999999,43.2662542184399,38.4326251797987,39.554819077769,45.6447257064867
-3.8,44.1589297867109,38.6180825014583,39.715990179479,46.6363700203207
-3.69999999999999,45.0248280083166,38.7766476741591,39.8461199300077,47.5964161177436
-3.59999999999999,45.8631600916379,38.9089471809015,39.9459837182809,48.5239595299146
-3.5,46.6732616140693,39.0157073702861,40.0164753376402,49.4182447342942
-3.39999999999999,47.4545915715826,39.0977505462535,40.0586024001958,50.2786643271536
-3.3,48.2067306710472,39.1559905652244,40.0734811646547,51.1047572937737
-3.19999999999999,48.9293788833392,39.1914279616697,40.0623308019732,51.8962063947584
-3.09999999999999,49.6223522800083,39.2051446257801,40.0264671263416,52.6528346925133
-3,50.2855791808678,39.1982980594229,39.9672958220172,53.3746012474239
-2.89999999999999,50.9190956442719,39.1721152389625,39.88630519939,54.0615960185404
-2.8,51.5230403360404,39.1278861157587,39.7850585163496,54.7140340086294
-2.69999999999999,52.0976488169461,39.0669567872363,39.6651859035254,55.332248698242
-2.59999999999999,52.6432472923657,38.9907223733228,39.5283759342733,55.9166848179349
-2.5,53.1602458710955,38.9006196347739,39.3763668823615,56.4678905119585
-2.39999999999999,53.6491313834173,38.7981193714268,39.2109377121635,56.9865089505374
-2.3,54.1104598112531,38.6847186397465,39.0338988477783,57.4732694513148
-2.19999999999999,54.544848385651,38.5619328301324,38.8470827688579,57.9289781735752
-2.09999999999999,54.952967408874,38.4312876453423,38.6523344820262,58.3545084514809
-2,55.3355318600246,38.2943110220499,38.451501917606,58.750790834749
-1.89999999999999,55.6932928443942,38.1525250379859,38.2464263019353,59.118802906928
-1.8,56.0270289475915,38.0074378473054,38.0389325558385,59.4595589527106
-1.69999999999999,56.3375375559612,37.8605356867915,37.8308197698251,59.774099546519
-1.59999999999999,56.6256262048486,37.7132749952265,37.6238518063177,60.0634811349265
-1.5,56.8921040159077,37.5670746877597,37.4197480786533,60.328765685325
-1.39999999999999,57.137773283878,37.4233086263528,37.2201745557802,60.5710104726204
-1.3,57.3634212720849,37.2832983264212,37.0267350404641,60.7912580746277
-1.19999999999999,57.5698122743553,37.1483059385914,36.8409627674516,60.9905266452736
-1.09999999999999,57.7576799990859,37.0195275430863,36.66431236641,61.1698005326783
-1,57.9277203288853,36.8980867926266,36.4981522325789,61.3300213067257
-0.899999999999991,58.0805845065302,36.7850289379183,36.3437573459513,61.4720792578249
-0.799999999999997,58.2168727949651,36.6813152677784,36.2023025774474,61.5968054252684
-0.699999999999989,58.3371286557369,36.5878179937596,36.074856517977,61.704964209893
-0.599999999999994,58.4418334866308,36.5053156067742,35.962375863518,61.7972466217021
-0.5,58.5314019553691,36.4344887306983,35.8657003863777,61.8742642087143
-0.399999999999991,58.6061779620885,36.3759164952825,35.7855485196778,61.9365437086144
-0.299999999999997,58.6664312589454,36.3300734479115,35.7225135788244,61.9845224598061
-0.199999999999989,58.7123547506409,36.297327020861,35.6770606403055,62.0185446032622
-0.0999999999999943,58.7440624949436,36.2779355677152,35.6495240946315,62.0388581011418
0,58.7615884174438,36.2720469795409,35.6401058866072,62.0456125925567
0.0999999999999943,58.7648857498345,36.2796978882932,35.6488744524224,62.0388581011418
0.199999999999989,58.7538271960105,36.3008134617593,35.6757643592969,62.0185446032622
0.299999999999997,58.7282058252466,36.3352077911573,35.7205766496252,61.9845224598061
0.399999999999991,58.687736686687,36.3825848693106,35.7829798877714,61.9365437086145
0.5,58.6320591343864,36.4425401541327,35.8625119038762,61.8742642087144
0.599999999999994,58.5607398472232,36.5145627090026,35.9585822252821,61.7972466217022
0.699999999999989,58.4732765231876,36.5980379085054,36.0704751824822,61.7049642098931
0.799999999999997,58.3691022228647,36.6922506949668,36.1973536728675,61.5968054252685
0.899999999999991,58.2475903324177,36.7963893682552,36.3382635620172,61.472079257825
1,58.1080601120549,36.909549888462,36.4921386988551,61.3300213067258
1.09999999999999,57.9497827918717,37.0307406683248,36.6578065177116,61.1698005326785
1.19999999999999,57.7719881731164,37.158887829646,36.8339941971986,60.9905266452738
1.3,57.5738716893637,37.2928408954876,37.019335342842,60.7912580746279
1.39999999999999,57.3546018788192,37.4313788876127,37.2123771576388,60.5710104726206
1.5,57.1133282160366,37.5732167965061,37.4115880621361,60.3287656853252
1.59999999999999,56.8491892487382,37.7170123893514,37.6153657232658,60.0634811349267
1.69999999999999,56.5613209831875,37.8613733195788,37.822045449047,59.7740995465193
1.8,56.2488654597075,38.0048645000446,38.0299089043742,59.4595589527108
1.89999999999999,55.9109794584633,38.1460157005552,38.2371931014788,59.1188029069282
2,55.5468432745498,38.2833293293254,38.4420996172706,58.7507908347492
2.09999999999999,55.1556695007587,38.415288357061,38.6428039886594,58.3545084514812
2.19999999999999,54.7367117561323,38.5403643416833,38.8374652361185,57.9289781735754
2.3,54.2892732985629,38.6570255112803,39.0242354651938,57.473269451315
2.39999999999999,53.8127154602537,38.7637448626634,39.2012694953779,56.9865089505377
2.5,53.3064658458216,38.8590082329448,39.3667344657747,56.4678905119588
2.59999999999999,52.7700262341874,38.9413223018168,39.5188193672489,55.9166848179352
2.69999999999999,52.202980127152,39.0092224827164,39.6557444513207,55.3322486982423
2.8,51.6049998896949,39.061280661785,39.7757704668843,54.7140340086297
2.89999999999999,50.9758534295268,39.0961127444885,39.8772076769305,54.0615960185406
3,50.3154103662789,39.112385970932,39.9584246088058,53.3746012474242
3.09999999999999,49.6236476438899,39.1088259622839,40.0178564931452,52.6528346925135
3.19999999999999,48.9006545432373,39.0842234623065,40.0540133484685,51.8962063947586
3.3,48.1466370558347,39.037440739767,40.0654876704994,51.1047572937739
3.39999999999999,47.3619215834513,38.9674176194527,40.0509616875689,50.2786643271538
3.5,46.5469579327788,38.8731771116447,40.0092141459551,49.4182447342944
3.59999999999999,45.7023215787502,38.7538306121828,39.9391265917031,48.5239595299147
3.69999999999999,44.8287151747645,38.6085826476771,39.8396891183208,47.5964161177438
3.8,43.9269692928796,38.4367351429779,39.7100055527626,46.6363700203208
3.89999999999999,42.9980423819462,38.2376911906807,39.5492980552617,45.6447257064868
4,42.0430199366613,38.0109583052043,39.3569111118401,44.6225365039008
4.09999999999999,41.0631128755692,37.7561511468322,39.1323149016929,43.5710035897613
4.19999999999999,40.0596551311089,37.4729937040128,38.875108025092,42.4914740587942
4.3,39.0341004598627,37.1613209251786,38.5850195809617,41.3854380734728
4.39999999999999,37.9880184861676,36.8210797943328,38.2619105868277,40.2545251073007
4.5,36.9230899971781,36.4523298476594,37.905774737403,39.1004992977849
4.59999999999999,35.8411015122887,36.0552431314154,37.5167385016476,37.9252539314322
4.69999999999999,34.7439391544895,35.6301036043476,37.0950605616748,36.7308050886421
4.8,33.6335818557379,35.1773059908229,36.6411306003875,35.519284481761
4.89999999999999,32.5120939327182,34.6973540937574,36.155467448166,34.2929315247167
5,31.3816170734333,34.1908585792499,35.6387166022905,33.0540846775764
5.09999999999999,30.2443617788869,33.6585342475753,35.0916471360511,31.8051721140209
5.19999999999999,29.1025983076419,33.1011968078242,34.515148017636,30.5487017640571
5.3,27.958647174279,32.5197591760117,33.9102238619117,29.2872507883087
5.39999999999999,26.814869255681,31.9152273188743,33.2779901410671,28.0234545438661
5.5,25.6736555616397,31.2886956678366,32.6196678827929,26.7599951049457
5.59999999999999,24.5374167284943,30.6413421297365,31.9365778871912,25.499589404482
5.69999999999999,23.4085722963461,29.9744227228469,31.2301344959329,24.2449770652159
5.8,22.2895398318591,29.2892658685037,30.5018389493083,22.9989079908663
5.89999999999999,21.1827239597232,28.5872663702439,29.7532723687253,21.7641297895389
6,20.0905053665262,27.8698791137601,28.9860884038914,20.5433751026405
6.09999999999999,19.015229841062,27.1386125221916,28.2020055853778,19.3393489132307
6.19999999999999,17.9591974149658,26.3950218022719,27.4027994244719,18.1547159079262
6.3,16.924651667047,25.6407020176666,26.5902943032064,16.9920879662101
6.39999999999999,15.9137692537679,24.8772810264237,25.7663551981751,15.8540118502643
6.5,14.9286497270022,24.1064123198485,24.9328792822276,14.7429571672543
6.59999999999999,13.9713056985272,23.329767800296,24.0917874483663,13.6613046743744
6.69999999999999,13.0436534086392,22.5490305353356,23.2450158001486,12.6113349948796
6.8,12.1475037538794,21.765887525512,22.3945071526382,11.5952178108632
6.89999999999999,11.2845538261089,20.9820225224826,21.5422025874418,10.6150015956351
7,10.4563790121043,20.1991089336678,20.6900331046251,9.67260394529299
7.09999999999999,9.66442569948952,19.418802848724,19.8399114133344,8.76980256544448
7.19999999999999,8.91000463116972,18.6427362221204,18.9937239017496,7.90822696506392
7.3,8.1942849465507,17.8725102449064,18.1533228255916,7.08935090519223
7.39999999999999,7.51828894370111,17.1096889373827,17.3205187527929,6.31448564561979
7.5,6.88288759229682,16.355792992853,16.4970733001372,5.58477402787559
7.59999999999999,6.28879682269614,15.6122939009595,15.6846921956916,4.90118542781041
7.69999999999999,5.73657461185328,14.8806083772687,14.8850186987023,4.26451160582755
7.8,5.22661888203129,14.1620931238346,14.0996274063269,3.67536347743619
7.89999999999999,4.7591662234376,13.4580399433919,13.3300184741309,3.13416882129373
8,4.33429144701707,12.7696712276636,12.5776122747159,2.64117093631171
8.09999999999999,3.95190796872866,12.0981358380115,11.8437445161804,2.19642825376039
8.19999999999999,3.61176902172545,11.4445053943202,11.12966183935,1.79981490464511
8.3,3.31346968799707,10.8097709856141,10.4365179098876,1.45102223699384
8.39999999999999,3.05644973623627,10.1948403134631,9.76537001850506,1.14956127211038
8.5,2.83999724799568,9.60053527675889,9.11717619956922,0.894766083356083
8.59999999999999,2.66325300963269,9.02759000395564,8.49279287545418,0.685798075655401
8.69999999999999,2.52521564312521,8.47664933637063,7.89297303103303,0.521651138706529
8.8,2.42474744461155,7.94826776366071,7.31836491977076,0.401157641856904
8.89999999999999,2.36058089548218,7.44290881013161,6.76951129996746,0.322995233796689
9,2.3313258070595,6.96094486811749,6.24684919683923,0.285694405666226
9.09999999999999,2.33547705636346,6.50265747230602,5.75071018332679,0.287646771890348
9.19999999999999,2.3714228671962,6.06823800657944,5.281321169795,0.327114019067777
9.3,2.43745358780883,5.65778883272424,4.83880569016058,0.40223746958281
9.39999999999999,2.53177091375244,5.2713248282268,4.42318566945844,0.511048203287847
9.5,2.65249750217998,4.90877531834186,4.03438365545399,0.651477677649144
9.59999999999999,2.7976869218668,4.56998638570223,3.67222549463759,0.821368784169037
9.69999999999999,2.96533388156769,4.25472353893634,3.33644343080636,1.01848727671167
9.8,3.15338467803291,3.96267472009442,3.02667960246641,1.24053350557374
9.89999999999999,3.35974780407297,3.6934536291509,2.74248991347546,1.48515438976903
10,3.58230465649462,3.44660334246443,2.48334824970608,1.74995555903889
10.1,3.81892028352782,3.22160020084314,2.24865101305084,2.03251359656292
10.2,4.0674541115289,3.01785794178123,2.03772194281203,2.3303883132293
10.3,4.32577059126907,2.83473204951559,1.84981719343522,2.64113498462403
10.4,4.59174970499997,2.67152429579449,1.68413063665171,2.96231648261421
10.5,4.86329727671782,2.52748744365969,1.53979935539881,3.29151523452113
10.6,5.13835502961428,2.40183008612058,1.41590929638828,3.62634494439418
10.7,5.41491033659811,2.29372159134008,1.31150104789027,3.96446201279865
10.8,5.69100561197513,2.20229712586208,1.22557570919556,4.3035765937971
10.9,5.96474729487766,2.12666272748153,1.15710081830651,4.64146323042668
11,6.2343143778146,2.06590039959216,1.10501630468665,4.97597101292842
11.1,6.49796643675137,2.01907319923783,1.06824043436412,5.3050332072496
11.2,6.75405112240936,1.98523029163671,1.04567571532984,5.62667630489813
11.3,7.00101107596588,1.96341194463885,1.03621473199174,5.93902844904666
11.4,7.23739023602523,1.95265443740932,1.03874587843312,6.24032719584608
11.5,7.46183950758692,1.95199485859513,1.05215896136798,6.52892657418073
11.6,7.67312176773637,1.96047577032661,1.07535064498107,6.80330341155336
11.7,7.87011618690293,1.97714971561388,1.10722971127314,7.06206289840247
11.8,8.05182184873777,2.00108354801842,1.1467221110943,7.30394336788985
11.9,8.21736065594009,2.03136256389847,1.19277578272717,7.52782027303058
12,8.36597951367218,2.06709441903509,1.24436521666638,7.73270934793457
12.1,8.49705178652717,2.10741281303369,1.30049574711842,7.91776894485882
12.2,8.61007802932274,2.15148092655164,1.36020755270434,8.08230154370524
12.3,8.70468599625961,2.19849459811664,1.42257935087334,8.22575443550356
12.4,8.78062993718316,2.247685229061,1.4867317726155,8.34771958626971
12.5,8.83778919379295,2.298322406893,1.55183040618328,8.44793269239224
12.6,8.87616611263292,2.34971623924626,1.61708850068009,8.52627144334642
12.7,8.8958832955448,2.40121939238156,1.6817693225381,8.58275301204173
12.8,8.89718021195152,2.45222883004976,1.74518816007163,8.61753079744356
12.9,8.88040920083999,2.50218725035041,1.80671397344571,8.63089044825274
13,8.84603089360983,2.55058422002636,1.86577068952792,8.62324520035111
13.1,8.79460909203107,2.59695700740962,1.92183814318286,8.59513056440651
13.2,8.72680513839074,2.64089111696867,1.97445266861177,8.54719840345656
13.3,8.64337181749229,2.68202053009175,2.02320734632228,8.48021044343803
13.4,8.54514683248831,2.72002765836565,2.06775191322426,8.39503126248209
13.5,8.43304589856498,2.75464301716618,2.10779234517823,8.29262080733967
13.6,8.30805550024742,2.78564462885647,2.14309012306048,8.17402648752454
13.7,8.17122535954828,2.81285716628555,2.17346119504851,8.04037489965281
13.8,8.02366066333561,2.8361508485846,2.19877464935974,7.89286323600971
13.9,7.86651409914161,2.85544010246552,2.21895111309133,7.73275043258065
14,7.70097774917429,2.87068200333152,2.23396089410104,7.56134811264125
14.1,7.52827489252516,2.8818745115057,2.24382188403293,7.38001138250787
14.2,7.34965176549228,2.88905451976834,2.24859724162345,7.19012953620711
14.3,7.16636932956263,2.89229572916256,2.24839287631739,6.99311672563429
14.4,6.97969509592495,2.8917063706792,2.24335475297839,6.79040265223851
14.5,6.79089505442449,2.88742679096231,2.23366603909113,6.58342333540805
14.6,6.6012257536297,2.87962692058683,2.21954411632183,6.37361201153833
14.7,6.41192657717146,2.86850364374794,2.20123747863003,6.16239021625972
14.8,6.22421225975045,2.85427808836918,2.17902253930747,5.95115910049787
14.9,6.03926568419769,2.83719285568316,2.15320036936181,5.741291028945
15,5.8582309987381,2.81750920826839,2.12409338956529,5.53412150715942
15.1,5.68220709115836,2.79550423533889,2.09204203825507,5.33094148089471
15.2,5.51224145393794,2.77146801378478,2.05740143660604,5.13299004841099
15.3,5.34932447158656,2.74570078305477,2.02053807260404,4.94144762346046
15.4,5.19438415845612,2.71851015146023,1.98182652433193,4.75742958338469
15.5,5.04828137218807,2.69020835087064,1.94164624244973,4.58198043334047
15.6,4.91180552473154,2.66110955606628,1.90037841090936,4.41606851410141
15.7,4.78567080955023,2.63152728422375,1.85840290400132,4.26058127719264
15.8,4.6705129602454,2.60177188913767,1.81609535679389,4.11632114732767
15.9,4.56688655238059,2.57214816383676,1.77382436490106,3.98400198825369
16,4.47526285682431,2.54295306423991,1.73194882831505,3.864246184202
16.1,4.39602824944883,2.51447356542654,1.69081545276885,3.75758234520535
16.2,4.32948317856026,2.48698466097254,1.65075642076501,3.66444364060945
16.3,4.2758416880075,2.46074751463681,1.61208724302776,3.58516676119813
16.4,4.23523149054529,2.43600777248175,1.57510479971539,3.51999150648984
16.5,4.20769458273151,2.41299404228222,1.54008557927962,3.46906098997568
16.6,4.19318838943779,2.39191654582985,1.50728412138695,3.43242245137407
16.7,4.19158742296639,2.37296594848089,1.47693166883385,3.41002866139931
16.8,4.20268543881119,2.35631236903504,1.44923503190332,3.40173990109907
16.9,4.22619806729338,2.34210457177686,1.42437566713289,3.40732649452964
17,4.26176589765892,2.33046934126918,1.40250897100427,3.4264718704265
17.1,4.3089579887585,2.3215110392664,1.38376378763035,3.45877612560631
17.2,4.36727577815549,2.31531134192255,1.3682421281157,3.50376006012311
17.3,4.43615735943363,2.31192915431129,1.35601909790954,3.56086965170748
17.4,4.51498209561508,2.31140069815939,1.34714302716426,3.62948093475806
17.5,4.60307553495971,2.31373976762803,1.34163579786424,3.70890524713824
17.6,4.69971459400432,2.31893814696403,1.33949336030701,3.79839480626837
17.7,4.80413297152339,2.32696618288992,1.34068643040717,3.89714857450262
17.8,4.91552675615333,2.33777350371469,1.34516135825985,4.00431837254368
17.9,5.0330601897246,2.35128987632869,1.35284115744875,4.11901519868555
18,5.15587154788991,2.36742619150196,1.36362668372025,4.24031571098294
18.1,5.28307909942338,2.38607556723807,1.37739795087226,4.36726882902914
18.2,5.41378710559214,2.40711455934845,1.39401557102899,4.49890241188055
18.3,5.54709182126523,2.43040446790782,1.41332230589239,4.63422996879129
18.4,5.6820874599213,2.45579272783124,1.43514471508069,4.77225735981428
18.5,5.81787208543833,2.483114371479,1.45929488728483,4.91198944397592
18.6,5.95355339449066,2.51219355094773,1.48557223969598,5.0524366336365
18.7,6.08825435453081,2.54284510754528,1.5137653709816,5.19262131479637
18.8,6.22111866368532,2.57487617587137,1.54365395301302,5.33158409448801
18.9,6.35131600043781,2.6080878099374,1.57501064657351,5.46838983799858
19,6.47804703269201,2.64227661885252,1.60760302639978,5.60213346047762
19.1,6.60054815769397,2.67723639978002,1.64119550113023,5.73194543949246
19.2,6.71809594633011,2.71275975612402,1.67555121404665,5.85699701728093
19.3,6.83001126749179,2.74863968923892,1.71043391089842,5.97650506380108
19.4,6.93566307049472,2.78467115236055,1.74560976158717,6.08973657417819
19.5,7.03447180594397,2.82065255593315,1.78084912305872,6.196012776778
19.6,7.12591246792978,2.85638721404769,1.81592823139479,6.29471283087718
19.7,7.20951724300712,2.89168472230878,1.85063081181313,6.3852770957395
19.8,7.28487775403748,2.92636225810573,1.88474959606567,6.4672099558175
19.9,7.35164688963817,2.96024579497241,1.91808773756473,6.54008218976946
20,7.40954021267443,2.99317122347534,1.9504601154597,6.60353287398859
20.1,7.45833694392825,3.02498537186455,1.98169451982587,6.65727081436792
20.2,7.49788051976641,3.05554692055105,2.01163271110486,6.70107550305158
20.3,7.52807872529391,3.08472720533262,2.04013134794668,6.73479759993193
20.4,7.5489034071022,3.11241090517025,2.06706277863969,6.75835894162535
20.5,7.56038977228685,3.13849661121427,2.09231569236831,6.77175208357817
20.6,7.56263528290519,3.16289727468714,2.11579562760433,6.77503938380325
20.7,7.55579815745315,3.18554053214136,2.13742533600679,6.76835163950835
20.8,7.54009549325144,3.2063689075218,2.15714500127213,6.75188629053632
20.9,7.51580102582962,3.22533989136443,2.17491231343345,6.72590520607753
21,7.48324254347225,3.24242589835359,2.19070240014791,6.69073207352451
21.1,7.44279897703177,3.25761410533077,2.20450761752885,6.64674941060345
21.2,7.3948971869093,3.27090617269489,2.2163372040676,6.59439522402588
21.3,7.34000847074696,3.28231785295165,2.22621680214252,6.53415933984578
21.4,7.27864481685718,3.29187849095238,2.23418785252492,6.46657943247203
21.5,7.21135492972727,3.29963042110746,2.24030686815674,6.39223678086699
21.6,7.13872005507621,3.30562826755981,2.24464459428894,6.31175178184956
21.7,7.06134963290141,3.30993815395755,2.24728506282735,6.22577925161179
21.8,6.97987680773084,3.31263683006734,2.24832454943008,6.1350035475457
21.9,6.894953825889,3.31381072301771,2.24787044253418,6.0401335432583
22,6.80724734999306,3.31355492145222,2.24604003405468,5.94189749022742
22.1,6.71743372111643,3.31197210130308,2.24295924199472,5.84103779991516
22.2,6.62619419909341,3.30917140226417,2.238761275628,5.73830578031294
22.3,6.53421021129162,3.30526726434712,2.23358525426212,5.63445636084221
22.4,6.44215863985226,3.30037823414368,2.22757479086331,5.53024283928105
22.5,6.3507071768958,3.2946257505909,2.22087655201671,5.4264116839341
22.6,6.26050977651713,3.28813292014234,2.21363880581303,5.32369742361514
22.7,6.17220223155657,3.28102329128873,2.20600996929098,5.22281765717623
22.8,6.08639790213768,3.27341963834515,2.19813716702644,5.12446821330089
22.9,6.00368362181671,3.26544276432973,2.19016481234402,5.02931849008893
23,5.92461580590221,3.25721033260258,2.18223322243717,4.93800700260905
23.1,5.84971678508396,3.24883573671399,2.17447727841984,4.85113716508872
23.2,5.77947138596851,3.24042701763034,2.16702514099871,4.76927333276258
23.3,5.71432377846652,3.23208583716649,2.15999703205343,4.69293712662124
23.4,5.65467460822173,3.22390651605754,2.15350409194471,4.62260406240337
23.5,5.60087843042902,3.21597514465311,2.14764732184158,4.55870050316891
23.6,5.55324145946748,3.20836877371773,2.14251661977236,4.5016009526929
23.7,5.51201964678751,3.20115469227382,2.1381899184629,4.45162570473999
23.8,5.47741709745157,3.19438979883384,2.1347324323357,4.40903886103567
23.9,5.44958483364673,3.18812007173915,2.13219602030818,4.37404672845157
24,5.42861991137826,3.18238014365772,2.13061867025283,4.34679660358683
24.1,5.41456489442794,3.17719298459845,2.13002411017166,4.3273759505663
24.2,5.40740768753189,3.17256969707654,2.13042155029649,4.31581197550494
24.3,5.40708172861279,3.16850942632148,2.13180555946176,4.31207159871992
24.4,5.41346653780114,3.16499938765678,2.13415607821144,4.31606182341976
24.5,5.42638861891371,3.16201501240708,2.13743857020346,4.32763049727899
24.6,5.44562270703297,3.15952021290593,2.1416043125681,4.34656746102777
24.7,5.47089335386327,3.15746776639209,2.14659082496677,4.37260607596305
24.8,5.50187684063526,3.15579981679829,2.15232243619028,4.405425120132
24.9,5.53820340650207,3.15444849265869,2.15871098623626,4.44465104086187
25,5.57945977862634,3.15333663859382,2.16565666091868,4.48986054932313
25.1,5.62519198850733,3.15237865707983,2.17304895519448,4.54058354092539
25.2,5.6749084575479,3.15148145647631,2.18076776054731,4.5963063235683
25.3,5.72808333342119,3.15054550057775,2.1886845709514,4.65647513410865
25.4,5.78416005747312,3.14946595427274,2.19666380115447,4.72049992187196
25.5,5.84255514219356,3.14813391924513,2.20456421027144,4.78775837663486
25.6,5.90266213671438,3.14643775303653,2.21224042297462,4.85760017724312
25.7,5.96385575734781,3.14426446421397,2.21954453990512,4.92935143591276
25.8,6.02549615937004,3.14150117585148,2.22632782831781,5.002319312293
25.9,6.08693332558396,3.13803664904515,2.23244248341165,5.07579677055434
26,6.14751154666358,3.13376285773803,2.23774345029148,5.14906745210401
26.1,6.20657396789334,3.12857660573835,2.24209029605882,5.22141063602746
26.2,6.2634671766672,3.12238117647279,2.24534912114078,5.2921062590089
26.3,6.31754580500586,3.11508800572816,2.24739449863889,5.36043996629537
26.4,6.3681771213839,3.10661836740098,2.24811143021541,5.42570816523772
26.5,6.4147455863305,3.09690506209672,2.24739730683543,5.48722305306611
26.6,6.45665734657567,3.08589409829882,2.24516386254794,5.54431759083333
26.7,6.49334464295345,3.07354635576349,2.24133910942026,5.59635039588569
26.8,6.52427010784309,3.05983922078877,2.23586924173691,5.64271052579112
26.9,6.54893092862184,3.04476818305661,2.22872049763584,5.68282212736539
27,6.56686285441426,3.02834838385279,2.21988096648188,5.71614892528227
27.1,6.57764402434825,3.0106161056319,2.20936233046805,5.74219852572764
27.2,6.58089859655867,2.99163019311156,2.19720152918841,5.76052651165232
27.3,6.57630015831134,2.97147339635042,2.18346233624034,5.77074030738834
27.4,6.56357489884362,2.95025362658646,2.16823683728721,5.77250279170863
27.5,6.54250452782774,2.9281051159844,2.15164679944238,5.7655356398244
27.6,6.51292892374908,2.90518947286053,2.13384492231936,5.74962237631727
27.7,6.4747484979473,2.88169662441863,2.11501596162859,5.72461112258638
27.8,6.42792626158445,2.85784563953839,2.0953777167854,5.69041702404517
27.9,6.37248958437247,2.83388542470591,2.0751818746227,5.64702434401796
28,6.30853163550331,2.81009528676058,2.05471470197273,5.59448821305293
28.1,6.23621249887127,2.78678535675157,2.03429758059154,5.53293602417757
28.2,6.15575995634735,2.76429686984671,2.01428737864243,5.46256846646237
28.3,6.06746993455385,2.74300229691271,1.99507665372878,5.38366019112119
28.4,5.97170661228149,2.723305324086,1.97709368326567,5.29656010625031
28.5,5.86890218738636,2.70564067737365,1.96080231880205,5.20169129818465
28.6,5.75955630368776,2.69047379005994,1.94670166174434,5.09955057931819
28.7,5.64423514005408,2.67830031144299,1.93532555878569,4.99070766408656
28.8,5.52357016550408,2.66964545618359,1.92724191620687,4.87580397663583
28.9,5.39825656575605,2.66506319431056,1.92305183308256,4.75555109549074
29,5.26905134822112,2.66513528269052,1.92338855429326,4.63072884228208
29.1,5.13677113395174,2.67047013953096,1.92891624510798,4.50218302328745
29.2,5.00228964651417,2.68170156423988,1.94032858995753,4.37082283417306
29.3,4.86653490915042,2.69948730570954,1.95834721886267,4.23761793989213
29.4,4.73048616292154,2.72450748282302,1.98371996580836,4.10359524318772
29.5,4.59517051977743,2.7574628616956,2.01721896416269,3.96983535656008
29.6,4.46165936567158,2.79907299485645,2.05963858502264,3.83746879388448
29.7,4.33106452992833,2.85007422824572,2.11179322512471,3.70767189909914
29.8,4.20453423807147,2.91121758254443,2.17451495168307,3.58166253052002
29.9,4.08324886623122,2.98326651596835,2.24865101220883,3.46069552037535
30,3.96841651606134,3.06699457623681,2.33506121801719,3.34605793008432
30.1,3.86126842981333,3.16318294997358,2.43461521074232,3.2390641226286
30.2,3.76305426583153,3.27261791830456,2.54818962174977,3.14105067407868
30.3,3.67503725524737,3.39608822788587,2.67666513486188,3.05337114693916
30.4,3.5984892610639,3.53438238702244,2.82092346328818,2.97739074846585
30.5,3.53468576113096,3.68828589692127,2.98184425208201,2.9144808974815
30.6,3.4849007767185,3.8585784284615,3.16030191782086,2.86601372347839
30.7,3.45040176849967,4.0460309551568,3.35716243753336,2.83335652194196
30.8,3.43244452175861,4.25140285322993,3.57328009916659,2.81786618986468
30.9,3.43226804254122,4.47543897991739,3.80949422610451,2.82088366534203
31,3.45108948627235,4.7188667412698,4.06662588840979,2.84372839495695
31.1,3.49009914007323,4.98239316081343,4.34547461356769,2.88769285236652
31.2,3.55045547962996,5.26670196048849,4.64681510956158,2.95403713110922
31.3,3.63328032099181,5.57245066528043,4.9713940131049,3.04398363415498
31.4,3.73965408712029,5.90026774291345,5.31992667579568,3.158711882129
31.5,3.8706112083697,6.25074978987851,5.69309400084521,3.29935346145631
31.6,4.02713567536239,6.62445877492485,6.09153934286605,3.46698713290379
31.7,4.21015676193133,7.02191935095414,6.51586548298564,3.66263412014323
31.8,4.4205449349431,7.44361624601988,6.96663169128126,3.88725359702992
31.9,4.65910796689209,7.88999174385581,7.44435088821362,4.14173839128984
32,4.92658726617669,8.36144326403449,7.94948691636966,4.4269109212428
32.1,5.22365443893383,8.85832105149318,8.48245193341231,4.74351938106218
32.2,5.55090809522921,9.3809259847636,9.0436039366809,5.09223418889363
32.3,5.90887091127805,9.92950751180161,9.6332444293888,5.47364471092801
32.4,6.2979869582139,10.5042617218399,10.25161623783,5.88825627325754
32.5,6.71861930673571,11.1053295611796,10.8989014884362,6.3364874720422
32.6,7.17104791575245,11.7327952003009,11.5752197529214,6.81866779118557
32.7,7.65546781191406,12.3866845591092,12.2806263691176,7.33503553536783
32.8,8.17198756567601,13.0669639965407,13.0151109444428,7.8857360849191
32.9,8.72062806829649,13.7735391701466,13.7785960482572,8.47082047764364
33,9.30132161291448,14.5062540706369,14.570936098657,9.09024432132815
33.1,9.9139112816125,15.2648902357228,15.3919164485286,9.74386703929763
33.2,10.5581506391321,16.0491661469313,16.241252674948,10.4314514500191
33.3,11.2337037326898,16.8587368123948,17.1185900752549,11.1526636804091
33.4,11.9401453961408,17.6931935379375,18.0235033723768,11.9070734111753
33.5,12.6769618555652,18.5520638880932,18.9554966312062,12.6941544512289
33.6,13.4435516322014,19.4348118380006,19.9140033870706,13.5132856369335
33.7,14.2392267375459,20.3408381164362,20.8983869865684,14.3637520507365
33.8,15.0632141543611,21.2694807395536,21.9079411402787,15.244746552534
33.9,15.9146575963053,22.2200157342265,22.9418906861002,16.1553716159902
34,16.7926195379138,23.191658049214,23.9993925612291,17.0946414609334
34.1,17.6960835057208,24.1835626517125,25.0795369800515,18.0614844719216
34.2,18.6239566204373,25.1948258062107,26.1813488145138,19.0547458920917
34.3,19.5750723792588,26.2244865319303,27.3037891728306,20.0731907804835
34.4,20.54819366662,27.2715282345299,28.4457571717189,21.1155072201825
34.5,21.5420159809911,28.3348805071526,29.6060918966899,22.1803097638327
34.6,22.5551708646665,29.4134210953313,30.7835745443024,23.266143102348
34.7,23.5862295229082,30.5059780197232,31.9769307396838,24.3714859420038
34.8,24.6337066182816,31.6113318501228,33.1848330220511,25.4947550745028
34.9,25.6960642255683,32.7282181237209,34.4059034904309,26.6343096241086
35,26.7717159322413,33.8553299001082,35.6387166012656,27.7884554554923
35.1,27.8590310691679,34.9913204451026,36.8818021091297,28.9554497255839
35.2,28.9563390559423,36.1348060350768,38.1336481413417,30.1335055624221
35.3,30.0619338450533,37.2843688731034,39.3927043968609,31.3207968537785
35.4,31.1740784489676,38.4385601079067,40.6573854595044,32.5154631281868
35.5,32.2910095341364,39.5959029463169,41.9260742151942,33.7156145109276
35.6,33.4109420659368,40.7548958496651,43.1971253626728,34.9193367375164
35.7,34.5320739886146,41.9140158043405,44.468869006882,36.1246962073002
35.8,35.6525909244139,43.071721656543,45.7396143240042,37.3297450598966
35.9,36.770670876259,44.226457501124,47.0076532870104,38.5325262574045
36,37.8844889185861,45.3766561142932,48.2712644404416,39.7310786555642
36.1,38.9922218612078,46.5207424199013,49.528716713076,40.9234420473626
36.2,40.0920528714393,47.6571369789714,50.7782732571019,42.1076621629492
36.3,41.1821760400957,48.7842594921522,52.01819530242,43.2817956101532
36.4,42.2608008774118,49.9005323048036,53.2467460147446,44.443914740368
36.5,43.326156725413,51.004383904499,54.4621943462605,45.5921124250988
36.6,44.3764970737832,52.0942524008298,55.6628188677067,46.7245067290298
36.7,45.4101037668366,53.1685889775442,56.8469115709248,47.8392454660889
36.8,46.4252910897908,54.2258613072187,58.0127816310973,48.9345106256291
36.9,47.4204097231646,55.2645569188688,59.1587591181341,50.0085226565359
37,48.3938505547729,56.283186509137,60.2831986469221,51.05954459778
37.1,49.3440483394715,57.2802871879594,61.3844829564496,52.0858860446825
37.2,50.2694851975025,58.2544256499027,62.4610264081363,53.0859069409217
37.3,51.1686939430093,59.2042012626797,63.5112783940519,54.0580211871005
37.4,52.040261235022,60.1282490646917,64.5337266460826,55.000700057495
37.5,52.8828305439614,61.02524266381,65.526900437508,55.9124754174224
37.6,53.6951049274613,61.8938970299925,66.4893736688721,56.7919427344923
37.7,54.4758496100708,62.732971174737,67.4197678304819,57.6377638778356
37.8,55.2238943621586,63.5412707107926,68.316754834327,58.4486697002426
37.9,55.9381356741047,64.317650285989,69.179059708699,59.2234623989724
38,56.617538722624,65.0610158854973,70.0054631492828,59.9610176518301
38.1,57.2611391268165,65.770326997294,70.7948039210025,60.6602865259247
38.2,57.8680444922853,66.4445986360832,71.5459811054252,61.3202971573404
38.3,58.4374357423939,67.0829032214033,72.2579561890546,61.940156200747
38.4,58.9685682364536,67.6843723061461,72.9297549883821,62.519050048765
38.5,59.4607726753331,68.2481981522018,73.5604694081048,63.0562458216611
38.6,59.9134557956663,68.7736351504446,74.1492590294648,63.5510921287
38.7,60.3261008544973,69.2600010827732,74.6953525262056,64.0030196031961
38.8,60.6982679068392,69.7066782244153,75.1980489061903,64.4115412140061
38.9,61.0295938792434,70.1131142852061,75.6567185772645,64.7762523568763
39,61.3197924430616,70.4788231890401,76.0708042364838,65.0968307296929
39.1,61.5686536916468,70.8033856911833,76.4398215823585,65.3730359962993
39.2,61.776043626273,71.0864498336126,76.7633598502886,65.604709244118
39.3,61.9419034560538,71.3277312390219,77.041082171875,65.7917722413608
39.4,62.0662487176162,71.5270132445952,77.2727257592977,65.9342265001221
39.5,62.1491682207213,71.6841468770962,77.4581019164369,66.0321521521211
39.6,62.1908228264333,71.7990506712634,77.5970958788901,66.0857066443011
39.7,62.1914440648128,71.8717103339231,77.6896664854996,66.095123261893
39.8,62.1513325994455,71.9021782566389,77.7358456844449,66.0607094869154
39.9,62.0708565464312,71.8905728801142,77.7357378773826,65.9828452004103
40,61.9504496557211,71.8370779139347,77.689519105522,65.861980737003
40.1,61.7906093629366,71.7419414155974,77.5974360819123,65.6986348006262
40.2,61.5918947199998,71.6054747331136,77.4598050745836,65.493392250462
40.3,61.354924213082,71.4280513157896,77.2770106455289,65.2469017663342
40.4,61.0803734765056,71.2101053980896,77.0495042508378,64.9598734029225
40.5,60.7689729113454,70.9521305617626,76.7778027075929,64.6330760422748
40.6,60.4215052175406,70.6546781816761,76.4624865334177,64.2673347541651
40.7,60.0388028483717,70.3183557610268,76.1041981648172,63.8635280738746
40.8,59.6217453961636,69.9438251618236,75.7036400606864,63.4225852069826
40.9,59.1712569180544,69.5318007367177,75.2615726975611,62.9454831707126
41,58.6883032106227,69.0830473684338,74.7788124633757,62.433243881326
41.1,58.173889042083,68.598378423196,74.2562294566431,61.8869311969555
41.2,57.6290553506587,68.0786536246718,73.6947451981096,61.3076479251546
41.3,57.0548764176102,67.5247768550558,73.095330262046,60.6965328042838
41.4,56.4524570232424,66.9376938899981,72.4590018344217,60.0547574676865
41.5,55.822929594036,66.318390074137,71.7868212052696,59.3835233994008
41.6,55.1674513488528,65.6678879440383,71.0798912025919,58.6840588899341
41.7,54.487201451942,64.9872448053513,70.3393535751691,57.9576160003825
41.8,53.7833781802413,64.2775502709951,69.566386331631,57.2054675429111
41.9,53.0571961122071,63.5399237671555,68.7622010431204,56.428904085329
42,52.3098833451422,62.7755120138354,67.9280401168303,55.6292309871954
42.1,51.5426787476996,61.9854864866307,67.0651740476267,54.8077654745724
42.2,50.756829253949,61.1710408663271,66.1748986548807,53.9658337602194
42.3,49.9535872050777,60.3333884828106,65.2585323115263,53.1047682156798
42.4,49.1342077444821,59.4737597596663,64.3174131722298,52.225904601358
42.5,48.2999462716772,58.5933996657111,63.3528964074214,51.3305793603327
42.6,47.4520559601161,57.6935651795526,62.3663514497717,50.4201269812786
42.7,46.5917853436723,56.7755227731081,61.3591592595264,49.4958774355035
42.8,45.7203759761931,55.8405459198368,60.3327096149202,48.559153692727
42.9,44.8390601681831,54.8899126332544,59.2883984336897,47.6112693198534
43,43.949058804328,53.9249030410914,58.2276251314851,46.6535261666066
43.1,43.0515792452225,52.9467970002515,57.1517900227611,45.6872121415224
43.2,42.1478133163104,51.9568717574985,56.0622917694795,44.7135990814086
43.3,41.2389353867063,50.9563996605748,54.9605248827181,43.7339407170153
43.4,40.3261005402187,49.9466459242108,53.8478772820187,42.7494707372818
43.5,39.4104428405557,48.9288664552406,52.7257279170441,41.7614009541634
43.6,38.4930736923639,47.9043057407888,51.5954444558483,40.7709195696826
43.7,37.5750802994183,46.8741948032326,50.4583810437837,39.7791895464949
43.8,36.6575242209618,45.8397492253841,49.3158761367916,38.7873470829182
43.9,35.741440026882,44.8021672490707,48.1692504125394,37.7965001930367
44,34.8278340521029,43.7626279500267,47.0198047625811,36.8077273921698
44.1,33.9176832502814,42.7222894917373,45.8688183684298,35.8220764876786
44.2,33.0119341466058,41.6822874606084,44.717546864145,34.8405634747825
44.3,32.1115018892261,40.6437332845648,43.5672205877459,33.8641715367663
44.4,31.2172693985766,39.607712736911,42.4190429234789,32.8938501486805
44.5,30.3300866136049,38.5752845270228,41.2741887366785,31.9305142833734
44.6,29.4507698336775,37.5474789791718,40.1338029026836,30.9750437184403
44.7,28.5801011547085,36.5252968005253,38.998998930986,30.0282824424385
44.8,27.7188279978432,35.5097079391064,37.8708576855218,29.0910381584943
44.9,26.8676627288225,34.5016505322452,36.7504262017359,28.164081883214
45,26.0272823659727,33.5020299458073,35.6387166007982,27.2481476386229
45.1,25.1983283745852,32.5117179042418,34.5367051010805,26.3439322346695
45.2,24.3814065452913,31.5315517112577,33.4453311267635,25.452095139671
45.3,23.5770869538857,30.5623335607073,32.3654965131883,24.5732584359208
45.4,22.7859039999242,29.6048299370381,31.2980648083424,23.7080068575475
45.5,22.0083565212896,28.6597711044564,30.2438606696329,22.8568879075846
45.6,21.2449079818199,27.7278506837475,29.203669354889,22.0204120511113
45.7,20.4959867289929,26.8097253154954,28.178236306321,21.1990529812225
45.8,19.7619863185786,25.906014408263,27.1682668259663,20.3932479545128
45.9,19.0432659031017,25.017299970112,26.1744258409622,19.6033981926853
46,18.3401506808971,24.1441265216753,25.197337756802,18.8298693468489
46.1,17.6529324024976,23.2870010888368,24.2375863965682,18.0729920210236
46.2,16.9818699310548,22.4463932729233,23.2957150239691,17.3330623513442
46.3,16.3271898534758,21.6227353961762,22.3722264478638,16.6103426374401
46.4,15.6890871389408,20.816422720139,21.4675832058146,15.9050620224575
46.5,15.0677258414703,20.0278137344848,20.5822078240895,15.2174172182046
46.6,14.4632398432139,19.2572305136918,19.716483151408,14.5475732719095
46.7,13.8757336351556,18.5049591388829,18.8707527636289,13.8956643711113
46.8,13.3052831319524,17.7712501820581,18.0453214364791,13.2617946832419
46.9,12.7519365176646,17.0563192498652,17.2404556833373,12.6460392264977
47,12.2157151191742,16.3603475839957,16.4563843550159,12.048444768658
47.1,11.6966143041453,15.6834827152262,15.693299298419,11.4690307505649
47.2,11.1946044004342,15.0258391680865,14.9513560709039,10.9077902310531
47.3,10.7096316339281,14.3874992130926,14.2306747071294,10.3646908501903
47.4,10.2416190818574,13.7685136634544,13.5313405351409,9.83967580777063
47.5,9.79046763870971,13.1689027131519,12.8534050384224,9.33266485409653
47.6,9.35605699195288,12.5886568132608,12.1968867606285,8.84355529017096
47.7,8.93824660486421,12.0277375834069,11.5617722497072,8.37222297452413
47.8,8.5368767038542,11.4860787552373,10.9480170381296,7.91852333399975
47.9,8.15176926776875,10.9635871448106,10.3555466559529,7.48229237592961
48,7.78272901675339,10.4601436508296,9.78425767346807,7.06334769923593
48.1,7.42954439836464,9.97560427567343,9.23401877020985,6.66148950211061
48.2,7.09198856871813,9.50980116622185,8.70467182714587,6.27650158403406
48.3,6.76982036656926,9.06254367150879,8.19603303890462,5.9081523400113
48.4,6.46278527832981,8.63361941429388,7.70789404295314,5.55619574501828
48.5,6.17061639213309,8.22279537369722,7.24002306269284,5.22037232676845
48.6,5.89303533916993,7.82981897610629,6.79216606150579,4.90041012502683
48.7,5.62975322062704,7.4544191916306,6.3640479048516,4.59602563581461
48.8,5.38047151867051,7.09630763345511,5.95537352759178,4.30692473896537
48.9,5.14488299002504,6.75517965751843,5.56582910379478,4.03280360760738
49,4.92267254081002,6.43071546002685,5.19508321636199,3.7733495982629
49.1,4.71351808140045,6.12258117039937,4.84278802390079,3.52824212036719
49.2,4.51709136018708,5.83042993732834,4.50858042236278,3.29715348412056
49.3,4.33305877521593,5.55390300573453,4.19208319906169,3.07974972569723
49.4,4.16108216278949,5.29263078248861,3.89290617678153,2.87569140894008
49.5,4.0008195622134,5.04623388887048,3.61064734578764,2.68463440277495
49.6,3.8519259559712,4.81432419783708,3.34489398165555,2.50623063367998
49.7,3.71405398470527,4.59650585427012,3.09522374693674,2.3401288126427
49.8,3.58685463647654,4.39237627647947,2.86120577478761,2.18597513613403
49.9,3.46997790986521,4.20152713734006,2.64240173279385,2.04341396071916
50,3.36307345056305,4.02354532354572,2.4383668653315,1.91208845101429
50.1,3.26579116119189,3.85801387156799,2.24865101291399,1.79164120078306
50.2,3.17778178416465,3.70451287901252,2.07279960708328,1.68171482704747
50.3,3.09869745748239,3.56262039017056,1.91035463951131,1.58195253716565
50.4,3.02819224343638,3.43191325466729,1.76085560408699,1.49199866890277
50.5,2.96592263025401,3.31196795821151,1.62384041086981,1.41149920359053
50.6,2.91154800679583,3.20236142455423,1.49884627089897,1.34010225253755
50.7,2.86473111047416,3.10267178786405,1.3854105509509,1.27745851691403
50.8,2.82513844862439,3.01247913482689,1.28307159744224,1.22322172139303
50.9,2.7924406936165,2.93136621587545,1.19136952877685,1.17704902188436
51,2.76631305204748,2.85891912504904,1.10984699553548,1.13860138774771
51.1,2.74643560840483,2.79472794807861,1.03804990800458,1.10754395891845
51.2,2.73249364363711,2.73838737838252,0.975528130635968,1.08354637842186
51.3,2.72417792910997,2.68949730074746,0.921836143122176,1.06628310079104
51.4,2.72118499646496,2.64766334255537,0.876533667862776,1.05543367693898
51.5,2.72321738393381,2.61249739249986,0.839186263683963,1.05068301606741
51.6,2.72998385969325,2.58361808681663,0.809365885758928,1.05172162522316
51.7,2.7411996228739,2.56065126312932,0.786651411757503,1.05824582713809
51.8,2.75658648286268,2.5432303820869,0.770629134332416,1.06995795701031
51.9,2.77587301756065,2.53099691703913,0.760893220124284,1.08656653890301
52,2.79879471127765,2.52360071206507,0.757046135539513,1.10778644245288
52.1,2.82509407296164,2.52070030873353,0.758699039623718,1.1333390205926
52.2,2.85452073547452,2.52196324203552,0.765472144418176,1.16295222900176
52.3,2.88683153663714,2.52706630598653,0.776995043248517,1.19636072800791
52.4,2.92179058277469,2.53569578945036,0.792907007452795,1.2333059676634
52.5,2.95916929549956,2.54754768278701,0.812857252110664,1.27353625672678
52.6,2.99874644247235,2.56232785597444,0.836505171386364,1.31680681627638
52.7,3.04030815288306,2.57975220889759,0.863520544145701,1.36287981868209
52.8,3.08364791839347,2.59954679453861,0.893583710551177,1.41152441265673
52.9,3.12856658027902,2.62144791583858,0.926385720379743,1.46251673510211
53,3.17487230350376,2.64520219703538,0.961628453845063,1.51563991045712
53.1,3.22238053845506,2.67056663031163,0.999024715739276,1.57068403824519
53.2,3.27091397105701,2.69730859861385,1.03829830373975,1.62744616950757
53.3,3.32030246197123,2.7252058755279,1.07918405175336,1.68573027279641
53.4,3.37038297558287,2.75404660311556,1.12142784919421,1.74534719038732
53.5,3.42099949945682,2.78362924863487,1.16478663711117,1.8061145853569
53.6,3.47200295493563,2.81376254108119,1.20902838209953,1.867856880154
53.7,3.52325109953569,2.84426538849707,1.25393202894467,1.93040518727733
53.8,3.57460842178213,2.87496677700759,1.2992874329576,1.99359723265379
53.9,3.62594602910674,2.90570565254382,1.34489527297067,2.05727727229393
54,3.67714152941504,2.93633078621976,1.39056694596738,2.12129600278187
54.1,3.72807890691096,2.96670062432897,1.43612444432369,2.18551046613769
54.2,3.77864839274848,2.99668312392486,1.48140021663866,2.24978394957048
54.3,3.82874633106036,3.02615557494461,1.52623701313033,2.31398588062014
54.4,3.87827504089452,3.05500440982981,1.57048771656895,2.37799171816583
54.5,3.92714267456824,3.08312500158839,1.61401515971269,2.44168283975836
54.6,3.97526307293069,3.11042145123182,1.65669193020316,2.50494642571385
54.7,4.02255561800306,3.13680636550846,1.69840016386684,2.56767534038473
54.8,4.06894508344566,3.16220062583996,1.73903132735648,2.62976801100471
54.9,4.11436148328048,3.18653314935125,1.7784859910524,2.69112830448357
55,4.15873991927714,3.20974064286684,1.81667359312737,2.75166540250791
55.1,4.2020204273899,3.23176735072715,1.85351219566173,2.81129367528424
55.2,4.24414782361285,3.25256479725803,1.88892823367618,2.86993255424158
55.3,4.28507154960058,3.27209152470451,1.92285625792975,2.92750640399144
55.4,4.32474551838149,3.29031282741752,1.95523867230871,2.9839443938247
55.5,4.36312796047174,3.30720048305766,1.98602546661008,3.03918036900684
55.6,4.40018127067829,3.32273248155592,2.01517394549929,3.09315272211507
55.7,4.43587185586092,3.33689275254485,2.04264845439747,3.14580426464389
55.8,4.47016998390456,3.34967089194809,2.06842010302858,3.19708209908912
55.9,4.50304963413541,3.36106188838844,2.09246648733028,3.24693749170397
56,4.53448834939693,3.3710658500477,2.11477141040636,3.29532574610598
56.1,4.56446708998445,3.37968773258308,2.13532460317113,3.34220607789793
56.2,4.59297008962114,3.38693706867721,2.15412144530874,3.38754149045207
56.3,4.61998471364197,3.39282769976992,2.17116268714281,3.43129865199329
56.4,4.64550131953655,3.39737751049144,2.18645417298336,3.47344777410358
56.5,4.66951311998777,3.40060816628797,2.20000656649025,3.51396249175795
56.6,4.69201604852797,3.40254485470175,2.21183507856344,3.55281974498981
56.7,4.71300862792136,3.40321603073935,2.22195919824303,3.5899996622732
56.8,4.73249184136818,3.40265316673298,2.23040242707278,3.62548544569792
56.9,4.75046900661326,3.40089050707187,2.23719201735359,3.65926325800419
57,4.76694565303046,3.39796482815251,2.2423587146852,3.69132211153407
57.1,4.78192940174224,3.39391520386877,2.24593650516666,3.72165375914754
57.2,4.79542984882376,3.38878277693615,2.2479623675994,3.7502525871437
57.3,4.80745845163002,3.38261053631715,2.24847603100913,3.77711551021918
57.4,4.81802841827548,3.37544310098869,2.24751973777705,3.80224186848932
57.5,4.82715460028636,3.36732651026704,2.24513801264459,3.82563332659069
57.6,4.83485338843712,3.35830802087996,2.24137743783027,3.84729377487763
57.7,4.84114261177529,3.34843591095211,2.23628643447307,3.86722923271999
57.8,4.8460414398307,3.33775929104516,2.22991505059172,3.88544775390414
57.9,4.84957028799878,3.32632792237145,2.22231475572628,3.90195933413453
58,4.85175072608092,3.31419204227758,2.21353824240511,3.91677582062911
58.1,4.85260538995927,3.30140219707249,2.20363923455854,3.92991082379829
58.2,4.85215789637737,3.2880090822538,2.19267230297818,3.94137963099306
58.3,4.85043276079378,3.27406339016642,2.18069268790143,3.95119912230614
58.4,4.84745531827069,3.25961566510769,2.16775612877921,3.95938768840601
58.5,4.84325164735569,3.24471616587545,2.15391870126705,3.96596515038253
58.6,4.83784849691098,3.22941473573732,2.1392366614603,3.97095268158031
58.7,4.83127321584135,3.21376067978327,2.12376629737738,3.97437273139447
58.8,4.82355368566863,3.19780264960716,2.10756378767734,3.97624895100201
58.9,4.81471825589853,3.18158853524843,2.09068506758296,3.97660612100105
59,4.80479568212269,3.1651653643104,2.07318570196466,3.97547008092913
59.1,4.79381506679746,3.14857920815881,2.05512076552639,3.97286766063108
59.2,4.78180580263896,3.13187509509129,2.03654473002149,3.96882661344676
59.3,4.76879751857258,3.11509693035723,2.01751135841303,3.96337555118837
59.4,4.75482002817413,3.09828742289633,1.99807360588197,3.95654388087713
59.5,4.73990328053889,3.08148801865441,1.97828352757482,3.94836174320905
59.6,4.72407731351419,3.06473884032556,1.95819219297234,3.9388599527199
59.7,4.70737220923076,3.0480786333617,1.93784960675125,3.92806993961929
59.8,4.68981805186798,3.03154471808252,1.9173046360021,3.91602369326488
59.9,4.67144488758796,3.01517294771249,1.89660494365829,3.90275370724744
60,4.65228268657362,2.99899767216484,1.87579692798397,3.88829292605865
60.1,4.63236130710644,2.98305170738764,1.85492566796201,3.87267469331398
60.2,4.61171046161959,2.96736631008205,1.83403487441718,3.85593270150326
60.3,4.59035968466324,2.95197115759892,1.81316684670446,3.83810094324302
60.4,4.56833830271917,2.93689433281657,1.79236243478788,3.81921366400475
60.5,4.54567540580278,2.92216231379987,1.77166100653131,3.79930531629426
60.6,4.52239982079151,2.90779996803871,1.75110042001933,3.77841051525818
60.7,4.49854008641979,2.8938305510624,1.73071700072341,3.75656399569431
60.8,4.47412442988135,2.88027570922551,1.71054552332685,3.73380057044324
60.9,4.44918074498135,2.86715548646066,1.69061919801982,3.7101550901395
61,4.42373657178151,2.85448833479336,1.67096966107522,3.68566240430135
61.1,4.39781907768317,2.84229112841509,1.65162696951528,3.66035732373885
61.2,4.37145503989386,2.83057918111178,1.63261959967866,3.63427458426063
61.3,4.34467082922491,2.81936626684618,1.61397444949836,3.60744881166044
61.4,4.31749239516851,2.80866464329494,1.59571684430158,3.5799144879653
61.5,4.28994525220421,2.79848507814339,1.57787054594359,3.55170591892737
61.6,4.26205446728606,2.78883687794358,1.5604577650895,3.52285720274254
61.7,4.23384464846314,2.77972791934462,1.54349917645991,3.49340219997901
61.8,4.20533993458737,2.77116468250732,1.52701393685836,3.46337450469979
61.9,4.1765639860641,2.76315228651921,1.51101970580138,3.43280741676309
62,4.14753997660206,2.75569452662967,1.49553266857495,3.40173391528561
62.1,4.11829058592087,2.7487939131292,1.48056756154398,3.37018663325312
62.2,4.08883799337539,2.74245171170163,1.46613769954537,3.33819783326404
62.3,4.0592038724576,2.73666798508202,1.45225500519852,3.30579938439107
62.4,4.02940938613806,2.73144163585869,1.43893003997123,3.27302274014655
62.5,3.99947518301002,2.72677045026189,1.42617203684279,3.2398989175374
62.6,3.96942139420073,2.72265114278779,1.41398893441083,3.20645847719525
62.7,3.93926763101555,2.71907940151062,1.40238741229217,3.17273150456779
62.8,3.90903298328172,2.71604993394214,1.3913729276731,3.13874759215717
62.9,3.87873601835959,2.7135565133024,1.38094975286878,3.10453582279115
63,3.84839478079048,2.71159202507148,1.37112101375632,3.07012475391304
63.1,3.81802679255129,2.71014851369764,1.36188872895098,3.03554240287579
63.2,3.78764905388695,2.70921722934265,1.35325384959979,3.00081623322606
63.3,3.75727804469281,2.70878867455066,1.34521629967171,2.96597314196336
63.4,3.7269297264203,2.7088526507329,1.3377750166287,2.93103944775967
63.5,3.69661954447966,2.7093983043658,1.33092799236679,2.89604088012435
63.6,3.66636243111491,2.71041417280579,1.32467231432138,2.86100256949913
63.7,3.63617280872672,2.71188822962962,1.31900420663605,2.82594903826763
63.8,3.60606459361996,2.71380792941457,1.31391907129908,2.79090419266361
63.9,3.57605120015333,2.71616025187821,1.30941152915677,2.75589131556189
64,3.54614554526935,2.7189317453028,1.30547546071764,2.72093306013542
64.1,3.51636005338358,2.72210856917492,1.30210404666664,2.686051444362
64.2,3.48670666161288,2.72567653597558,1.29928980801283,2.65126784636343
64.3,3.45719682532307,2.72962115206181,1.29702464579921,2.61660300055996
64.4,3.42784152397681,2.73392765758514,1.2952998803079,2.58207699462222
64.5,3.3986512672637,2.73858106539765,1.29410628969815,2.5477092672028
64.6,3.3696361014945,2.74356619890088,1.2934341480198,2.51351860642909
64.7,3.34080561624251,2.74886772879741,1.29327326254842,2.47952314913892
64.8,3.31216895121548,2.75447020870955,1.29361301039328,2.44574038084002
64.9,3.28373480334179,2.76035810963403,1.29444237433323,2.41218713637416
65,3.25551143405563,2.76651585320558,1.29574997783956,2.37887960126656
65.1,3.22750667676578,2.77292784374651,1.2975241192491,2.34583331374084
65.2,3.19972794449357,2.7795784990832,1.29975280505439,2.31306316737945
65.3,3.17218223766591,2.78645228011462,1.30242378228177,2.28058341440964
65.4,3.14487615204937,2.79353371912084,1.30552456993142,2.24840766959421
65.5,3.11781588681247,2.80080744680395,1.30904248945742,2.21654891470681
65.6,3.09100725270292,2.80825821805622,1.31296469426851,2.18501950357075
65.7,3.06445568032746,2.8158709364543,1.31727819823421,2.15383116764048
65.8,3.03816622852221,2.82363067748057,1.3219699031832,2.12299502210475
65.9,3.01214359280181,2.83152271047636,1.32702662538474,2.09252157249021
66,2.98639211387584,2.83953251933376,1.33243512100573,2.06242072174415
66.1,2.96091578622169,2.84764582193593,1.33818211053955,2.03270177777533
66.2,2.93571826670307,2.85584858835772,1.34425430220474,2.0033734614312
66.3,2.91080288322378,2.86412705784121,1.35063841431434,1.97444391489054
66.4,2.88617264340685,2.8724677545624,1.35732119661894,1.94592071044986
66.5,2.86183024328923,2.8808575022076,1.36428945062839,1.91781085968256
66.6,2.83777807602272,2.88928343737985,1.37153004891971,1.89012082294946
66.7,2.8140182405719,2.89773302185724,1.3790299534399,1.86285651923968
66.8,2.79055255040054,2.90619405372687,1.38677623281478,1.83602333632079
66.9,2.76738254213771,2.91465467741935,1.39475607867642,1.8096261411775
67,2.74450948421568,2.92310339267009,1.40295682102303,1.7836692907181
67.1,2.72193438547137,2.93152906243507,1.41136594262698,1.75815664272819
67.2,2.69965800370413,2.93992091978945,1.41997109250793,1.73309156705146
67.3,2.67768085418211,2.94826857383859,1.42876009848864,1.70847695697755
67.4,2.65600321809051,2.95656201467184,1.43772097885318,1.68431524081705
67.5,2.63462515091464,2.96479161739006,1.44684195312724,1.66060839364437
67.6,2.61354649075153,2.9729481452386,1.45611145200191,1.63735794918913
67.7,2.59276686654356,2.98102275187764,1.46551812642239,1.61456501185743
67.8,2.57228570622853,2.98900698282289,1.47505085586461,1.59223026886424
67.9,2.55210224480003,2.99689277608904,1.48469875582263,1.57035400245905
68,2.53221553227305,3.00467246206931,1.49445118453067,1.54893610222687
68.1,2.51262444154932,3.01233876268416,1.50429774894372,1.5279760774472
68.2,2.49332767617784,3.01988478983264,1.51422831000162,1.50747306949419
68.3,2.47432377800551,3.02730404317932,1.524232987201,1.48742586426135
68.4,2.45561113471384,3.03459040731002,1.53430216250034,1.4678329045948
68.5,2.43718798723729,3.04173814828956,1.54442648358338,1.44869230271936
68.6,2.41905243705962,3.04874190965373,1.55459686650589,1.43000185264259
68.7,2.40120245338425,3.05559670786836,1.56480449775134,1.41175904252171
68.8,2.38363588017564,3.06229792728721,1.57504083572063,1.3939610669796
68.9,2.36635044306809,3.06884131464054,1.58529761168088,1.37660483935597
69,2.34934375613942,3.0752229730853,1.59556683019852,1.35968700388058
69.1,2.33261332854658,3.08143935584779,1.6058407690814,1.3432039477558
69.2,2.31615657102083,3.08748725948876,1.61611197885438,1.32715181313638
69.3,2.29997080222033,3.09336381682043,1.62637328179282,1.31152650899478
69.4,2.28405325493801,3.09906648950432,1.63661777053784,1.2963237228608
69.5,2.26840108216301,3.10459306035812,1.64683880631701,1.28153893242507
69.6,2.25301136299423,3.10994162539904,1.65703001679371,1.26716741699625
69.7,2.23788110840448,3.11511058565029,1.66718529356762,1.2532042688022
69.8,2.22300726685423,3.12009863873699,1.67729878934922,1.23964440412636
69.9,2.20838672975398,3.12490477029653,1.68736491482962,1.22648257427057
70,2.19401633677457,3.12952824522777,1.69737833526719,1.21371337633633
70.1,2.17989288100491,3.13396859880305,1.70733396681208,1.20133126381715
70.2,2.16601311395681,3.13822562766561,1.71722697258849,1.18933055699482
70.3,2.15237375041667,3.14229938073441,1.7270527585546,1.17770545313321
70.4,2.13897147314429,3.14619015003772,1.7368069691593,1.16645003646343
70.5,2.12580293741885,3.14989846149572,1.74648548281424,1.15555828795512
70.6,2.1128647754325,3.15342506567157,1.75608440719909,1.14502409486856
70.7,2.10015360053219,3.1567709285098,1.76560007441748,1.13484126008321
70.8,2.08766601131037,3.15993722207946,1.77502903602012,1.12500351119847
70.9,2.07539859554557,3.16292531533965,1.78436805791166,1.11550450940317
71,2.06334793399383,3.16573676494293,1.79361411515637,1.10633785811054
71.1,2.05151060403203,3.1683733060923,1.80276438669767,1.09749711135578
71.2,2.03988318315479,3.17083684346615,1.81181625000592,1.08897578195411
71.3,2.02846225232605,3.17312944222508,1.82076727566809,1.08076734941742
71.4,2.01724439918706,3.17525331911306,1.8296152219322,1.07286526762762
71.5,2.00622622112253,3.17721083366545,1.83835802921913,1.06526297226621
71.6,1.99540432818664,3.1790044795351,1.8469938146138,1.05795388799875
71.7,1.98477534589105,3.18063687594697,1.85552086634662,1.05093143541431
71.8,1.97433591785658,3.18211075929124,1.86393763827608,1.04418903771958
71.9,1.9640827083312,3.18342897486406,1.87224274438284,1.03772012718821
72,1.95401240457604,3.18459446876417,1.88043495328429,1.03151815136599
72.1,1.94412171912213,3.18561027995313,1.88851318277903,1.02557657903274
72.2,1.93440739190004,3.1864795324864,1.89647649442951,1.01988890592241
72.3,1.92486619224497,3.18720542792123,1.90432408819076,1.01444866020289
72.4,1.91549492077984,3.18779123790744,1.91205529709263,1.00924940771727
72.5,1.90629041117886,3.18824029696604,1.91966958198222,1.00428475698896
72.6,1.89724953181453,3.18855599546019,1.92716652633325,0.999548363992875
72.7,1.88836918729025,3.18874177276238,1.93454583112779,0.995033936695237
72.8,1.87964631986202,3.18880111062145,1.94180730981624,0.990735239365152
72.9,1.87107791075129,3.18873752673191,1.9489508833602,0.986646096660714
73,1.86266098135233,3.18855456850809,1.95597657536282,0.982760397493083
73.1,1.85439259433674,3.18825580706502,1.96288450729099,0.979072098671961
73.2,1.84626985465797,3.1878448314071,1.96967489379266,0.975575228336088
73.3,1.83828991045894,3.18732524282574,1.97634803811297,0.972263889172588
73.4,1.83044995388548,3.1867006495062,1.98290432761187,0.969132261429084
73.5,1.82274722180858,3.18597466134376,1.98934422938589,0.966174605722671
73.6,1.81517899645863,3.18515088496899,1.99566828599634,0.963385265650048
73.7,1.80774260597414,3.1842329189811,2.00187711130561,0.960758670203015
73.8,1.80043542486829,3.18322434938854,2.00797138642338,0.958289335993874
73.9,1.79325487441612,3.1821287452554,2.01395185576378,0.955971869295254
74,1.78619842296511,3.18094965455168,2.0198193232145,0.953800967898939
74.1,1.77926358617245,3.17969060020581,2.02557464841885,0.951771422798444
74.2,1.77244792717143,3.17835507635658,2.03121874317052,0.949878119700034
74.3,1.76574905667028,3.17694654480251,2.03675256792196,0.948116040367087
74.4,1.75916463298595,3.17546843164536,2.0421771284058,0.946480263802533
74.5,1.75269236201588,3.17392412412513,2.04749347236927,0.944965967274355
74.6,1.74632999715045,3.17231696764297,2.052702686421,0.943568427189007
74.7,1.74007533912896,3.17065026296908,2.05780589298972,0.942283019817733
74.8,1.73392623584172,3.16892726363144,2.06280424739365,0.941105221880621
74.9,1.72788058208115,3.16715117348212,2.06769893501998,0.940030610993486
75,1.72193631924429,3.16532514443687,2.07249116861277,0.939054865982312
75.1,1.71609143498956,3.16345227438438,2.07718218566833,0.938173767070395
75.2,1.71034396285021,3.16153560526078,2.08177324593646,0.937383195942892
75.3,1.70469198180691,3.15957812128525,2.08626562902575,0.936679135693722
75.4,1.69913361582212,3.15758274735244,2.09066063211157,0.936057670659685
75.5,1.69366703333857,3.15555234757739,2.09495956774469,0.935514986146526
75.6,1.68829044674407,3.15348972398826,2.09916376175865,0.935047368051709
75.7,1.68300211180521,3.15139761536266,2.10327455127401,0.934651202388625
75.8,1.67780032707213,3.14927869620293,2.10729328279723,0.934322974716875
75.9,1.67268343325636,3.14713557584563,2.11122131041213,0.934059269483094
76,1.66764981258416,3.14497079770097,2.11505999406172,0.933856769277044
76.1,1.66269788812725,3.14278683861737,2.11881069791816,0.933712254007165
76.2,1.65782612311311,3.14058610836661,2.12247478883857,0.93362260000019
76.3,1.65303302021663,3.13837094924502,2.12605363490431,0.933584779028935
76.4,1.64831712083518,3.13614363578606,2.12954860404131,0.933595857272564
76.5,1.64367700434893,3.13390637457996,2.13296106271939,0.93365299421347
76.6,1.63911128736811,3.13166130419549,2.13629237472771,0.933753441474736
76.7,1.63461862296907,3.12941049519999,2.13954390002432,0.933894541602234
76.8,1.63019769992071,3.12715595027264,2.14271699365721,0.934073726795111
76.9,1.62584724190296,3.12489960440704,2.14581300475464,0.934288517588562
77,1.62156600671887,3.12264332519848,2.14883327558197,0.93453652149243
77.1,1.61735278550168,3.12038891321194,2.15177914066317,0.934815431589349
77.2,1.61320640191849,3.1181381024263,2.154651925964,0.935123025095769
77.3,1.60912571137176,3.11589256075097,2.15745294813515,0.935457161889413
77.4,1.60510960020005,3.11365389061068,2.16018351381241,0.935815783006293
77.5,1.60115698487913,3.11142362959457,2.16284491897204,0.936196909110576
77.6,1.59726681122488,3.10920325116566,2.16543844833874,0.936598638940376
77.7,1.59343805359888,3.10699416542697,2.16796537484419,0.937019147732385
77.8,1.58966971411796,3.10479771994052,2.17042695913386,0.937456685628347
77.9,1.58596082186868,3.10261520059561,2.17282444911988,0.93790957606604
78,1.5823104321277,3.10044783252296,2.17515907957803,0.938376214157553
78.1,1.57871762558899,3.09829678105103,2.17743207178642,0.938855065057363
78.2,1.57518150759882,3.09616315270155,2.17964463320432,0.939344662322781
78.3,1.57170120739917,3.09404799622068,2.18179795718859,0.939843606269052
78.4,1.56827587738065,3.09195230364292,2.18389322274618,0.940350562321522
78.5,1.56490469234523,3.08987701138459,2.1859315943207,0.940864259366958
78.6,1.56158684877988,3.08782300136392,2.18791422161098,0.941383488106179
78.7,1.55832156414152,3.08579110214508,2.1898422394202,0.941907099409995
78.8,1.55510807615382,3.08378209010325,2.19171676753357,0.942434002680345
78.9,1.55194564211658,3.08179669060809,2.19353891062292,0.942963164218479
79,1.54883353822807,3.07983557922316,2.19530975817661,0.943493605601868
79.1,1.54577105892072,3.07789938291882,2.19703038445318,0.944024402071555
79.2,1.5427575162108,3.0759886812962,2.19870184845708,0.944554680931417
79.3,1.53979223906213,3.07410400782001,2.20032519393515,0.945083619960859
79.4,1.53687457276455,3.0722458510581,2.20190144939225,0.945610445842295
79.5,1.53400387832705,3.07041465592574,2.2034316281249,0.946134432604735
79.6,1.53117953188614,3.06861082493231,2.20491672827125,0.946654900084662
79.7,1.52840092412951,3.06683471942912,2.20635773287648,0.947171212405389
79.8,1.52566745973523,3.06508666085605,2.20775560997211,0.947682776475913
79.9,1.52297855682663,3.06336693198558,2.20911131266821,0.948189040510291
80,1.52033364644303,3.06167577816252,2.21042577925731,0.948689492568402
80.1,1.51773217202636,3.06001340853796,2.21169993332898,0.949183659119019
80.2,1.51517358892379,3.05837999729599,2.21293468389396,0.949671103625875
80.3,1.51265736390638,3.05677568487175,2.21413092551694,0.950151425157497
80.4,1.51018297470383,3.05520057915975,2.21528953845713,0.950624257021436
80.5,1.50774990955519,3.05365475671104,2.21641138881545,0.951089265423457
80.6,1.50535766677562,3.05213826391823,2.21749732868787,0.951546148152216
80.7,1.50300575433916,3.05065111818729,2.21854819632375,0.951994633289894
80.8,1.50069368947723,3.04919330909514,2.21956481628862,0.952434477949172
80.9,1.4984209982931,3.04776479953225,2.22054799963075,0.952865467036948
81,1.49618721539182,3.04636552682916,2.22149854405052,0.953287412044985
81.1,1.49399188352584,3.04499540386649,2.22241723407235,0.953700149867876
81.2,1.49183455325587,3.04365432016741,2.22330484121819,0.95410354164839
81.3,1.48971478262703,3.04234214297225,2.22416212418245,0.954497471650452
81.4,1.48763213685993,3.04105871829438,2.22498982900734,0.954881846159775
81.5,1.48558618805663,3.03980387195702,2.22578868925861,0.955256592412298
81.6,1.48357651492113,3.03857741061051,2.22655942620086,0.955621657550346
81.7,1.48160270249428,3.03737912272953,2.22730274897223,0.955977007606584
81.8,1.47966434190279,3.03620877959004,2.22801935475796,0.956322626515666
81.9,1.47776103012206,3.03506613622545,2.22870992896244,0.956658515153464
82,1.47589236975281,3.03395093236205,2.22937514537956,0.956984690403825
82.1,1.47405796881077,3.03286289333311,2.2300156663608,0.957301184252598
82.2,1.47225744052973,3.03180173097187,2.23063214298107,0.957608042908851
82.3,1.47049040317717,3.03076714448298,2.23122521520183,0.957905325952965
82.4,1.46875647988244,3.0297588212924,2.23179551203128,0.958193105511397
82.5,1.46705529847722,3.02877643787589,2.23234365168155,0.958471465457894
82.6,1.46538649134766,3.02781966056573,2.23287024172254,0.958740500640749
82.7,1.46374969529832,3.02688814633599,2.23337587923238,0.959000316135902
82.8,1.46214455142724,3.02598154356623,2.23386115094421,0.959251026525461
82.9,1.46057070501198,3.02509949278382,2.23432663338931,0.959492755201339
83,1.4590278054063,3.02424162738488,2.2347728930364,0.95972563369359
83.1,1.45751550594715,3.02340757433408,2.23520048642701,0.959949801023099
83.2,1.45603346387159,3.02259695484341,2.23560996030684,0.960165403078167
83.3,1.45458134024344,3.02180938503014,2.23600185175313,0.96037259201462
83.4,1.45315879988919,3.02104447655408,2.23637668829785,0.960571525678948
83.5,1.45176551134295,3.02030183723463,2.23673498804688,0.960762367054099
83.6,1.45040114680002,3.01958107164744,2.23707725979493,0.960945283727398
83.7,1.44906538207889,3.01888178170149,2.23740400313638,0.961120447380184
83.8,1.44775789659117,3.01820356719634,2.23771570857202,0.961288033298644
83.9,1.44647837331928,3.01754602636027,2.2380128576115,0.961448219905399
84,1.44522649880149,3.01690875636939,2.23829592287189,0.961601188311322
84.1,1.444001963124,3.01629135384813,2.23856536817201,0.96174712188712
84.2,1.44280445991982,3.01569341535144,2.2388216486228,0.961886205854158
84.3,1.44163368637393,3.01511453782907,2.23906521071374,0.962018626894043
84.4,1.44048934323476,3.01455431907219,2.23929649239528,0.96214457277645
84.5,1.43937113483124,3.01401235814296,2.23951592315751,0.962264232004684
84.6,1.43827876909553,3.01348825578707,2.23972392410496,0.962377793478487
84.7,1.43721195759084,3.01298161483001,2.23992090802776,0.962485446173554
84.8,1.43617041554414,3.01249204055712,2.2401072794691,0.962587378837274
84.9,1.43515386188358,3.01201914107809,2.24028343478926,0.962683779700181
85,1.43416201928004,3.01156252767611,2.24044976222606,0.962774836202605
85.1,1.43319461419292,3.01112181514221,2.24060664195201,0.962860734736045
85.2,1.43225137691948,3.01069662209501,2.2407544461282,0.96294166039871
85.3,1.43133204164779,3.01028657128652,2.24089353895499,0.963017796764813
85.4,1.4304363465128,3.00989128989419,2.24102427671964,0.963089325667046
85.5,1.42956403365542,3.00951040979973,2.24114700784094,0.963156426991812
85.6,1.42871484928421,3.00914356785499,2.24126207291102,0.963219278486686
85.7,1.42788854373952,3.00879040613545,2.24136980473432,0.963278055579663
85.8,1.4270848715598,3.00845057218158,2.24147052836398,0.963332931209702
85.9,1.42630359154988,3.00812371922854,2.2415645611356,0.963384075668113
86,1.42554446685086,3.00780950642456,2.24165221269857,0.963431656450326
86.1,1.42480726501155,3.00750759903841,2.24173378504503,0.96347583811759
86.2,1.42409175806109,3.00721766865644,2.24180957253661,0.963516782168162
86.3,1.42339772258258,3.00693939336929,2.241879861929,0.963554646917571
86.4,1.42272493978755,3.00667245794899,2.2419449323945,0.963589587387481
86.5,1.42207319559098,3.00641655401659,2.24200505554257,0.963621755202794
86.6,1.42144228068673,3.00617138020071,2.24206049543862,0.96365129849655
86.7,1.42083199062312,3.0059366422874,2.24211150862098,0.963678361822222
86.8,1.42024212587858,3.00571205336171,2.24215834411627,0.963703086073043
86.9,1.419672491937,3.00549733394118,2.2422012434532,0.963725608407948
87,1.41912289936285,3.00529221210169,2.2422404406749,0.963746062183787
87.1,1.41859316387558,3.0050964235959,2.24227616234989,0.963764576893433
87.2,1.41808310642349,3.00490971196475,2.24230862758183,0.963781278109442
87.3,1.41759255325658,3.00473182864213,2.24233804801795,0.96379628743291
87.4,1.41712133599846,3.00456253305317,2.24236462785649,0.963809722447208
87.5,1.416669291717,3.00440159270641,2.2423885638531,0.963821696676274
87.6,1.41623626299371,3.00424878328003,2.24241004532621,0.963832319547134
87.7,1.41582209799162,3.00410388870262,2.24242925416165,0.963841696356378
87.8,1.41542665052156,3.0039667012285,2.24244636481644,0.963849928240279
87.9,1.41504978010669,3.00383702150807,2.24246154432177,0.963857112148291
88,1.41469135204523,3.00371465865331,2.24247495228552,0.963863340819645
88.1,1.41435123747114,3.00359943029869,2.24248674089399,0.963868702762807
88.2,1.41402931341272,3.0034911626577,2.24249705491328,0.96387328223753
88.3,1.41372546284914,3.00338969057531,2.24250603169012,0.963877159239274
88.4,1.41343957476447,3.00329485757638,2.24251380115233,0.963880409485782
88.5,1.41317154419952,3.00320651591047,2.24252048580895,0.963883104405578
88.6,1.41292127230105,3.00312452659295,2.24252620075004,0.963885311128208
88.7,1.41268866636852,3.00304875944285,2.24253105364631,0.963887092476017
88.8,1.41247363989812,3.0029790931174,2.24253514474847,0.963888506957297
88.9,1.41227611262414,3.0029154151436,2.24253856688651,0.963889608760631
89,1.4120960105575,3.00285762194678,2.24254140546882,0.96389044775028
89.1,1.41193326602148,3.00280561887646,2.24254373848127,0.963891069462473
89.2,1.41178781768451,3.00275932022948,2.24254563648622,0.963891515102455
89.3,1.41165961058998,3.00271864927068,2.24254716262158,0.963891821542191
89.4,1.4115485961831,3.002683538251,2.24254837259983,0.963892021318604
89.5,1.41145473233463,3.00265392842334,2.24254931470715,0.963892142632248
89.6,1.41137798336158,3.00262977005611,2.2425500298026,0.96389220934633
89.7,1.41131832004472,3.00261102244457,2.24255055131733,0.963892240986019
89.8,1.41127571964305,3.00259765392001,2.24255090525407,0.963892252737963
89.9,1.41125016590495,3.0025896418569,2.24255111018652,0.963892255449958
90,1.41124164907623,3.00258697267791,2.24255117725906,0.963892255630755
