Azimuth_deg,MSE,FinalMaxMin,MaxMin,RadarOnly
-90,1.5662516534505,3.36345089306848,2.24442976851785,0.963896002638139
-89.9,1.56624784698938,3.36344722801604,2.24442977658512,0.96389600245734
-89.8,1.56623643238388,3.36343623688153,2.24442979681442,0.963895999745364
-89.7,1.5662174239683,3.36341793173437,2.2444298172882,0.963895987993508
-89.6,1.56619084563571,3.36339233269326,2.24442981814405,0.96389595635405
-89.5,1.56615673084167,3.36335946793075,2.24442977157496,0.963895889640454
-89.4,1.56611512260963,3.36331937367958,2.2444296418296,0.963895768327698
-89.3,1.56606607353772,3.3632720942407,2.24442938521277,0.963895568552745
-89.2,1.56600964580721,3.36321768199313,2.24442895008584,0.96389526211525
-89.1,1.56594591119242,3.36315619740538,2.2444282768673,0.963894816478527
-89,1.56587495107233,3.3630877090485,2.24442729803331,0.963894194770882
-88.9,1.56579685644366,3.36301229361074,2.24442593811822,0.963893355787366
-88.8,1.56571172793568,3.36293003591356,2.2444241137152,0.963892253992089
-88.7,1.56561967582657,3.36284102892917,2.2444217334767,0.963890839521152
-88.6,1.56552082006155,3.36274537379919,2.24441869811492,0.96388905818637
-88.5,1.5654152902726,3.36264317985465,2.24441490040219,0.963886851479879
-88.4,1.5653032258,3.36253456463697,2.24441022517113,0.963884156579791
-88.3,1.56518477571559,3.36241965391995,2.24440454931478,0.963880906357052
-88.2,1.56506009884784,3.36229858173257,2.24439774178641,0.963877029383663
-88.1,1.56492936380878,3.36217149038249,2.24438966359912,0.963872449942434
-88,1.56479274902276,3.36203853048007,2.24438016782515,0.963867088038489
-87.9,1.56465044275719,3.36189986096282,2.24436909959486,0.963860859412695
-87.8,1.56450264315522,3.36175564912006,2.24435629609529,0.963853675557234
-87.7,1.56434955827044,3.36160607061767,2.2443415865683,0.963845443733552
-87.6,1.56419140610366,3.36145130952259,2.24432479230816,0.963836066992907
-87.5,1.56402841464179,3.36129155832714,2.24430572665871,0.96382544419977
-87.4,1.5638608218989,3.36112701797282,2.24428419500975,0.963813470058323
-87.3,1.56368887595949,3.36095789787322,2.24425999479284,0.963800035142341
-87.2,1.5635128350241,3.3607844159362,2.24423291547636,0.963785025928726
-87.1,1.56333296745719,3.36060679858473,2.2442027385597,0.963768324834967
-87,1.56314955183749,3.36042528077644,2.24416923756666,0.963749810260866
-86.9,1.56296287701075,3.36024010602144,2.24413217803778,0.963729356634793
-86.8,1.56277324214511,3.36005152639826,2.24409131752177,0.963706834464831
-86.7,1.56258095678896,3.3598598025677,2.24404640556576,0.963682110395113
-86.6,1.56238634093158,3.35966520378409,2.24399718370437,0.963655047267721
-86.5,1.56218972506639,3.35946800790402,2.24394338544757,0.963625504190468
-86.4,1.56199145025714,3.35926850139193,2.24388473626715,0.963593336610951
-86.3,1.56179186820681,3.35906697932246,2.24382095358182,0.963558396397235
-86.2,1.56159134132961,3.35886374537923,2.24375174674073,0.963520531925548
-86.1,1.56139024282591,3.35865911184968,2.24367681700546,0.963479588175381
-86,1.56118895676022,3.35845339961568,2.24359585753028,0.963435406832397
-85.9,1.56098787814248,3.35824693813959,2.24350855334071,0.963387826399549
-85.8,1.56078741301239,3.35804006544546,2.24341458131013,0.963336682316826
-85.7,1.56058797852722,3.35783312809495,2.2433136101345,0.963281807090067
-85.6,1.5603900030529,3.3576264811577,2.24320530030504,0.963223030429253
-85.5,1.56019392625861,3.3574204881758,2.24308930407874,0.96316017939674
-85.4,1.56000019921487,3.35721552112184,2.24296526544668,0.963093078565876
-85.3,1.55980928449529,3.35701196035045,2.24283282010005,0.96302155019045
-85.2,1.55962165628192,3.35681019454268,2.24269159539374,0.962945414385446
-85.1,1.55943780047442,3.35661062064295,2.2425412103074,0.962864489319584
-85,1.55925821480302,3.35641364378829,2.24238127540404,0.962778591420084
-84.9,1.55908340894533,3.35621967722928,2.24221139278582,0.962687535590186
-84.8,1.55891390464721,3.35602914224234,2.24203115604719,0.962591135439865
-84.7,1.55875023584755,3.3558424680332,2.24184015022511,0.962489203530282
-84.6,1.55859294880722,3.35566009163072,2.24163795174641,0.962381551632415
-84.5,1.55844260224215,3.35548245777107,2.24142412837216,0.962267991000396
-84.4,1.55829976746057,3.35531001877153,2.24119823913887,0.962148332660074
-84.3,1.55816502850464,3.35514323439377,2.24095983429663,0.962022387713264
-84.2,1.55803898229629,3.35498257169594,2.24070845524405,0.961889967658229
-84.1,1.55792223878748,3.35482850487331,2.24044363445981,0.961750884726875
-84,1.5578154211149,3.35468151508702,2.24016489543098,0.961604952239188
-83.9,1.55771916575912,3.35454209028045,2.23987175257793,0.961451984975406
-83.8,1.55763412270827,3.35441072498282,2.23956371117571,0.961291799566427
-83.7,1.55756095562621,3.3542879200997,2.23924026727209,0.961124214902996
-83.6,1.55750034202536,3.35417418268982,2.23890090760197,0.960949052564111
-83.5,1.5574529734441,3.35407002572785,2.2385451094983,0.960766137265205
-83.4,1.55741955562873,3.3539759678529,2.23817234079943,0.960575297326565
-83.3,1.55740080872019,3.35389253310202,2.23778205975296,0.960376365162487
-83.2,1.55739746744531,3.35382025062852,2.23737371491586,0.960169177791645
-83.1,1.5574102813128,3.35375965440467,2.23694674505124,0.959953577369159
-83,1.55744001481383,3.35371128290831,2.23650057902142,0.959729411740814
-82.9,1.55748744762726,3.35367567879309,2.23603463567767,0.959496535019906
-82.8,1.55755337482951,3.35365338854192,2.2355483237463,0.959254808187137
-82.7,1.55763860710897,3.35364496210318,2.23504104171158,0.959004099714026
-82.6,1.55774397098499,3.35365095250951,2.23451217769519,0.958744286210217
-82.5,1.55787030903137,3.35367191547868,2.23396110933255,0.958475253095138
-82.4,1.5580184801043,3.35370840899631,2.23338720364596,0.958196895294368
-82.3,1.55818935957471,3.35376099288005,2.23278981691484,0.957909117961103
-82.2,1.55838383956487,3.35383022832493,2.23216829454305,0.957611837223062
-82.1,1.55860282918927,3.35391667742977,2.23152197092358,0.957304980955221
-82,1.55884725479965,3.35402090270401,2.23085016930071,0.956988489578601
-81.9,1.55911806023396,3.35414346655509,2.23015220162986,0.956662316885499
-81.8,1.55941620706934,3.35428493075604,2.22942736843547,0.956326430891391
-81.7,1.55974267487875,3.3544458558929,2.22867495866685,0.955980814713715
-81.6,1.56009846149136,3.35462680079205,2.22789424955268,0.955625467477831
-81.5,1.56048458325624,3.35482832192718,2.22708450645413,0.955260405250275
-81.4,1.56090207530945,3.35505097280569,2.22624498271708,0.954885661999515
-81.3,1.56135199184426,3.35529530333465,2.22537491952374,0.954501290584299
-81.2,1.5618354063841,3.355561859166,2.22447354574409,0.954107363769706
-81.1,1.56235341205842,3.35585118102113,2.22354007778749,0.953703975270971
-81,1.56290712188074,3.35616380399476,2.22257371945489,0.953291240825051
-80.9,1.56349766902913,3.35650025683822,2.22157366179227,0.952869299289985
-80.8,1.5641262071284,3.35686106122205,2.2205390829455,0.95243831377191
-80.7,1.5647939105341,3.3572467309783,2.21946914801754,0.951998472779713
-80.6,1.56550197461768,3.35765777132231,2.2183630089282,0.951549991407057
-80.5,1.56625161605283,3.35809467805464,2.21721980427735,0.951093112541735
-80.4,1.56704407310228,3.35855793674281,2.21603865921196,0.950628108101942
-80.3,1.56788060590511,3.35904802188366,2.21481868529791,0.950155280299298
-80.2,1.56876249676379,3.3595653960464,2.21355898039713,0.949674962928213
-80.1,1.56969105043084,3.36011050899666,2.21225862855086,0.949187522681198
-80,1.57066759439455,3.36068379680228,2.21091669986989,0.948693360489673
-79.9,1.57169347916332,3.36128568092087,2.20953225043252,0.948192912889732
-79.8,1.5727700785482,3.3619165672702,2.20810432219127,0.947686653412308
-79.7,1.57389878994308,3.36257684528154,2.20663194288919,0.947175093997095
-79.6,1.57508103460208,3.36326688693696,2.20511412598672,0.946658786429474
-79.5,1.57631825791356,3.36398704579108,2.20354987060019,0.946138323799746
-79.4,1.57761192967018,3.36473765597816,2.20193816145301,0.94561434198375
-79.3,1.5789635443345,3.3655190312054,2.20027796884073,0.945087521144001
-79.2,1.5803746212994,3.36633146373314,2.1985682486109,0.944558587250332
-79.1,1.5818467051428,3.36717522334327,2.1968079421594,0.944028313619011
-79,1.58338136587592,3.36805055629668,2.19499597644394,0.943497522469142
-78.9,1.58498019918452,3.36895768428078,2.19313126401657,0.94296708649519
-78.8,1.58664482666224,3.36989680334859,2.19121270307618,0.942437930454263
-78.7,1.58837689603553,3.3708680828503,2.18923917754267,0.941911032766868
-78.6,1.5901780813792,3.37187166435892,2.18720955715407,0.941387427129533
-78.5,1.59205008332188,3.37290766059126,2.1851226975882,0.940868204137904
-78.4,1.59399462924071,3.37397615432576,2.18297744061053,0.94035451291855
-78.3,1.59601347344422,3.37507719731886,2.18077261424969,0.939847562767824
-78.2,1.5981083973426,3.37621080922129,2.17850703300239,0.939348624795921
-78.1,1.60028120960462,3.37737697649633,2.17617949806944,0.938859033574228
-78,1.60253374630006,3.37857565134159,2.17378879762478,0.938380188784011
-77.9,1.60486787102685,3.37980675061629,2.17133370711894,0.93791355686424
-77.8,1.60728547502198,3.38107015477604,2.16881298961938,0.93746067265648
-77.7,1.60978847725507,3.38236570681715,2.166225396189,0.937023141044439
-77.6,1.61237882450368,3.38369321123258,2.1635696663053,0.93660263858589
-77.5,1.6150584914093,3.38505243298173,2.16084452832175,0.936200915134387
-77.4,1.61782948051296,3.3864430964765,2.1580486999738,0.935819795448273
-77.3,1.62069382226936,3.38786488458577,2.15518088893125,0.935461180784207
-77.2,1.62365357503842,3.38931743766104,2.15223979339934,0.935127050472522
-77.1,1.62671082505312,3.39080035258552,2.14922410277065,0.934819463471433
-77,1.6298676863625,3.39231318184944,2.14613249832988,0.934540559897165
-76.9,1.63312630074858,3.39385543265436,2.14296365401394,0.93429256252693
-76.8,1.63648883761609,3.3954265660489,2.13971623722931,0.934077778271464
-76.7,1.63995749385374,3.39702599609927,2.13638890972924,0.933898599614006
-76.6,1.64353449366585,3.39865308909706,2.13298032855279,0.93375750601214
-76.5,1.64722208837293,3.40030716280761,2.12948914702826,0.933657065259196
-76.4,1.65102255618029,3.40198748576179,2.12591401584307,0.933599934801477
-76.3,1.65493820191296,3.40369327659458,2.12225358418268,0.933588863007762
-76.2,1.65897135671599,3.40542370343336,2.1185065009406,0.933626690387207
-76.1,1.66312437771862,3.40717788333946,2.11467141600208,0.933716350751883
-76,1.66739964766108,3.40895488180607,2.11074698160355,0.933860872319887
-75.9,1.6717995744827,3.41075371231599,2.10673185377031,0.934063378755082
-75.8,1.67632659086991,3.41257333596259,2.10262469383462,0.934327090139297
-75.7,1.68098315376287,3.41441266113745,2.09842417003653,0.934655323872714
-75.6,1.68577174381946,3.41627054328825,2.09412895920965,0.935051495498318
-75.5,1.69069486483497,3.41814578475023,2.08973774855391,0.935519119445797
-75.4,1.69575504311663,3.42003713465516,2.0852492374979,0.936061809690721
-75.3,1.70095482681112,3.42194328892093,2.08066213965227,0.936683280324261
-75.2,1.70629678518406,3.42386289032574,2.0759751848566,0.937387346028971
-75.1,1.71178350785004,3.42579452867033,2.07118712132177,0.93817792245603
-75,1.71741760395178,3.4277367410318,2.06629671786936,0.939059026499165
-74.9,1.72320170128724,3.42968801211279,2.0613027662702,0.940034776460541
-74.8,1.72913844538325,3.43164677468948,2.05620408368362,0.941109392103861
-74.7,1.73523049851442,3.43361141016193,2.05099951519906,0.942287194589816
-74.6,1.74148053866606,3.43558024921039,2.04568793648135,0.943572606288951
-74.5,1.74789125843976,3.43755157256109,2.04026825652128,0.94497015046722
-74.4,1.7544653639006,3.43952361186474,2.03473942049246,0.946484450839112
-74.3,1.76120557336448,3.44149455069142,2.02910041271561,0.948120230983601
-74.2,1.76811461612472,3.44346252564482,2.02335025973114,0.94988231361783
-74.1,1.77519523111649,3.44542562759933,2.01748803348084,0.951775619723702
-74,1.78245016551806,3.44738190306298,2.01151285459907,0.953805167522383
-73.9,1.78988217328798,3.44932935566924,2.0054238958141,0.955976071291873
-73.8,1.79749401363672,3.45126594780051,1.99922038545919,0.958293540022646
-73.7,1.80528844943223,3.45318960234637,1.99290161109411,0.960762875906648
-73.6,1.81326824553812,3.45509820459874,1.98646692323593,0.963389472654723
-73.5,1.82143616708379,3.45698960428689,1.97991573919922,0.966178813637798
-73.4,1.8297949776655,3.4588616177542,1.97324754704441,0.969136469847071
-73.3,1.83834743747764,3.46071203027908,1.96646190963335,0.972268097668615
-73.2,1.84709630137358,3.46253859854184,1.95955846879073,0.975579436467903
-73.1,1.85604431685515,3.4643390532391,1.95253694956944,0.979076305979681
-73,1.86519422199038,3.46611110184741,1.94539716461815,0.982764603499012
-72.9,1.87454874325893,3.46785243153725,1.93813901864849,0.98665030086918
-72.8,1.88411059332455,3.4695607122382,1.9307625129993,0.99073944126235
-72.7,1.89388246873442,3.47123359985624,1.92326775029482,0.995038135749099
-72.6,1.90386704754485,3.47286873964343,1.91565493919324,0.999552559652951
-72.5,1.91406698687324,3.47446376971998,1.90792439922212,1.00428894868632
-72.4,1.92448492037602,3.47601632474877,1.90007656569611,1.00925359486442
-72.3,1.93512345565255,3.47752403976134,1.89211199471229,1.01445284219373
-72.2,1.94598517157504,3.47898455413486,1.88403136821841,1.01989308213216
-72.1,1.95707261554454,3.48039551571843,1.875835499148,1.02558074881795
-72,1.96838830067318,3.48175458510721,1.86752533661667,1.03152231406455
-71.9,1.97993470289299,3.48305944006221,1.85910197117291,1.03772428211936
-71.8,1.99171425799172,3.48430778007337,1.85056664009659,1.04419318418397
-71.7,2.00372935857609,3.48549733106265,1.8419207327374,1.0509355726941
-71.6,2.01598235096309,3.48662585022414,1.83316579588556,1.05795801535767
-71.5,2.02847553200015,3.48769113099702,1.82430353916601,1.06526708894972
-71.4,2.04121114581466,3.48869100816712,1.81533584044709,1.07286937286309
-71.3,2.05419138049429,3.48962336309215,1.80626475125413,1.08077144241429
-71.2,2.06741836469849,3.4904861290454,1.79709250217776,1.08897986190411
-71.1,2.08089416420294,3.49127729667176,1.78782150826607,1.09750117743317
-71,2.09462077837769,3.49199491954975,1.77845437438947,1.10634190947245
-70.9,2.10860013660073,3.49263711985271,1.7689939005663,1.11550854518982
-70.8,2.12283409460821,3.49320209410115,1.75944308723656,1.12500753053359
-70.7,2.13732443078299,3.49368811899855,1.7498051404707,1.13484526207438
-70.6,2.15207284238336,3.49409355734166,1.74008347710006,1.14502807860765
-70.5,2.16708094171345,3.49441686399607,1.73028172975422,1.1555622525187
-70.4,2.18235025223757,3.49465659192677,1.72040375179054,1.16645398091331
-70.3,2.19788220464029,3.49481139827367,1.71045362210056,1.17770937651691
-70.2,2.21367813283465,3.49488005046045,1.7004356497769,1.18933445834615
-70.1,2.22973926992052,3.49486143232509,1.69035437862398,1.20133514215679
-70,2.24606674409565,3.49475455025959,1.68021459149543,1.2137172306725
-69.9,2.26266157452189,3.49455853934583,1.67002131444002,1.22648640359967
-69.8,2.27952466714909,3.49427266947371,1.65977982063788,1.23964820743368
-69.7,2.29665681049953,3.49389635142742,1.6494956341079,1.25320804506269
-69.6,2.31405867141539,3.49342914292451,1.6391745331664,1.2671711651753
-69.5,2.33173079077257,3.49287075459245,1.62882255361749,1.28154265147934
-69.4,2.34967357916353,3.49222105586622,1.61844599165395,1.2963274117391
-69.3,2.36788731255228,3.49148008078993,1.60805140644753,1.31153016663898
-69.2,2.38637212790489,3.49064803370533,1.59764562240724,1.32715543848235
-69.1,2.40512801879854,3.4897252948086,1.58723573108312,1.34320753973441
-69,2.42415483101258,3.48871242555721,1.57682909269324,1.35969056141876
-68.9,2.44345225810509,3.48761017390721,1.56643333725066,1.37660836137774
-68.8,2.46301983697819,3.48641947936134,1.55605636526715,1.39396455240723
-68.7,2.4828569434359,3.48514147780754,1.54570634800996,1.41176249027685
-68.6,2.50296278773808,3.48377750612687,1.5353917272874,1.43000526164749
-68.5,2.52333641015408,3.48232910654971,1.52512121473917,1.44869567189807
-68.4,2.54397667651991,3.4807980307383,1.51490379060695,1.46783623287448
-68.3,2.56488227380264,3.47918624357328,1.50474870196028,1.48742915057358
-68.2,2.58605170567593,3.47749592662188,1.49466546035318,1.50747631277631
-68.1,2.60748328811047,3.47572948126444,1.48466383888651,1.52797927664371
-68,2.62917514498321,3.47388953145619,1.47475386865115,1.54893925629086
-67.9,2.65112520370938,3.47197892610063,1.46494583452712,1.57035711035366
-67.8,2.67333119090115,3.47000074101079,1.45525027031396,1.59223332956416
-67.7,2.69579062805686,3.46795828043413,1.44567795316759,1.61456802435043
-67.6,2.71850082728482,3.46585507811735,1.43623989731943,1.63736091247765
-67.5,2.74145888706565,3.46369489788667,1.42694734705375,1.66061130674706
-67.4,2.76466168805702,3.46148173371942,1.4178117689194,1.68431810277045
-67.3,2.78810588894485,3.45921980928288,1.40884484315285,1.70847976683773
-67.2,2.81178792234476,3.45691357691634,1.40005845428991,1.73309432389569
-67.1,2.83570399075788,3.45456771603245,1.39146468094406,1.75815934565666
-67,2.85985006258471,3.4521871309144,1.38307578473004,1.78367193885564
-66.9,2.88422186820104,3.44977694788555,1.3749041983123,1.80962873367535
-66.8,2.90881489609977,3.44734251182881,1.36696251255883,1.83602587235834
-66.7,2.93362438910236,3.44488938203333,1.3592634627816,1.86285899802629
-66.6,2.95864534064381,3.44242332734673,1.35181991404634,1.89012324372626
-66.5,2.98387249113484,3.43995032061183,1.34464484553553,1.91781322172423
-66.4,3.00930032440508,3.4374765323675,1.33775133394951,1.94592301306652
-66.3,3.03492306423087,3.43500832379409,1.33115253593236,1.97444615742952
-66.2,3.06073467095145,3.43255223888503,1.3248616695109,2.00337564327892
-66.1,3.08672883817707,3.43011499582691,1.31889199453618,2.03270389835911
-66,3.11289898959274,3.42770347757195,1.31325679211949,2.0624227805341
-65.9,3.13923827586112,3.4253247215875,1.30796934305609,2.09252356900101
-65.8,3.16573957162827,3.42298590876914,1.30304290523234,2.12299695589754
-65.7,3.19239547263561,3.42069435150494,1.29849069001401,2.15383303832459
-65.6,3.21919829294202,3.41845748088027,1.29432583761557,2.18502131080561
-65.5,3.24614006225925,3.41628283301438,1.29056139145304,2.21655065820368
-65.4,3.27321252340469,3.41417803452138,1.28721027148539,2.24840934911795
-65.3,3.30040712987479,3.41215078709076,1.28428524655197,2.28058502978048
-65.2,3.32771504354301,3.41020885118393,1.28179890571651,2.3130647184747
-65.1,3.3551271324862,3.40836002884633,1.27976362863127,2.34583480049657
-65,3.38263396894276,3.40661214563601,1.27819155493732,2.37888102367925
-64.9,3.4102258274073,3.40497303167286,1.27709455272118,2.41218849450233
-64.8,3.43789268286506,3.40345050181453,1.2764841860503,2.44574167480578
-64.7,3.46562420917097,3.40205233496823,1.27637168161418,2.47952437912952
-64.6,3.49340977757736,3.40078625255017,1.27676789450093,2.51351977269838
-64.5,3.521238455415,3.3996598961072,1.27768327314308,2.54771037007265
-64.4,3.5490990049324,3.3986808041186,1.27912782347004,2.58207803448386
-64.3,3.57697988229832,3.39785638799874,1.28111107230902,2.61660397787531
-64.2,3.60486923677283,3.39719390732476,1.28364203007947,2.65126876166631
-64.1,3.63275491005285,3.39670044431681,1.2867291528312,2.68605229825931
-64,3.66062443579776,3.39638287760182,1.29038030367978,2.72093385330819
-63.9,3.68846503934219,3.39624785529544,1.29460271369785,2.7558920487663
-63.8,3.71626363760214,3.39630176744024,1.29940294232489,2.7909048667319
-63.7,3.7440068391825,3.39655071784253,1.30478683736303,2.82594965410894
-63.6,3.77168094469335,3.39700049535342,1.31075949463075,2.86100312810025
-63.5,3.79927194728385,3.39765654464425,1.31732521735113,2.89604138255033
-63.4,3.82676553340271,3.39852393653037,1.32448747535631,2.93103989515439
-63.3,3.85414708379492,3.3996073379012,1.33224886419419,2.96597353554992
-63.2,3.88140167474559,3.40091098131907,1.34061106422882,3.00081657430716
-63.1,3.90851407958169,3.40243863435328,1.3495747998303,3.03554269283392
-63,3.93546877044434,3.40419356872026,1.35913979875542,3.07012499421058
-62.9,3.96224992034423,3.40617852930513,1.36930475182485,3.10453601497035
-62.8,3.98884140551445,3.40839570314421,1.380067273008,3.13874773784
-62.7,4.01522680807552,3.41084668845253,1.39142386003124,3.17273160545567
-62.6,4.04138941902871,3.41353246378476,1.40336985563039,3.20645853506865
-62.5,4.06731224159484,3.41645335742255,1.41589940957321,3.23989893425531
-62.4,4.09297799491698,3.41960901708547,1.42900544158234,3.27302271764579
-62.3,4.11836911814639,3.42299838006735,1.44267960529396,3.30579932468548
-62.2,4.14346777493293,3.42661964390397,1.45691225339241,3.33819773844356
-62.1,4.16825585834206,3.43047023768258,1.47169240406488,3.37018650548264
-62,4.19271499622202,3.43454679410788,1.48700770892575,3.40173375680376
-61.9,4.21682655704663,3.43884512244319,1.50284442256358,3.43280722988085
-61.8,4.24057165626021,3.44336018244971,1.51918737386842,3.4633742917989
-61.7,4.26393116315304,3.44808605945072,1.53601993930103,3.49340196351035
-61.6,4.28688570829729,3.45301594065147,1.55332401826949,3.52285694522419
-61.5,4.30941569157518,3.45814209284904,1.57108001078198,3.55170564294269
-61.4,4.33150129083259,3.46345584167013,1.58926679754829,3.5799141961607
-61.3,4.35312247119352,3.46894755247811,1.60786172270548,3.60744850674311
-61.2,4.37425899507231,3.47460661309369,1.62684057934599,3.63427426899605
-61.1,4.39489043292266,3.48042141847661,1.64617759802916,3.66035700094817
-61,4.41499617476393,3.48637935751854,1.66584543845928,3.68566207685859
-60.9,4.4345554425279,3.4924668020995,1.68581518451496,3.71015476096864
-60.8,4.45354730327024,3.49866909856281,1.7060563428167,3.7338002425151
-60.7,4.47195068329357,3.50497056176495,1.72653684502,3.75656367202334
-60.6,4.48974438323054,3.51135447185844,1.74722305402251,3.77841019889901
-60.5,4.50690709413755,3.51780307396745,1.76807977427394,3.79930501033822
-60.4,4.5234174146516,3.52429758091593,1.78907026637714,3.81921337157616
-60.3,4.53925386926472,3.53081817916938,1.81015626616819,3.83810066749533
-60.2,4.55439492777222,3.53734403815083,1.83129800846238,3.85593244561511
-60.1,4.56881902595305,3.54385332309164,1.85245425565079,3.87267446048509
-60,4.5825045875424,3.55032321157682,1.87358233133054,3.88829271950558
-59.9,4.59543004755809,3.55672991394323,1.89463815914863,3.90275353019921
-59.8,4.60757387704444,3.5630486976876,1.91557630703578,3.91602354895851
-59.7,4.61891460929866,3.56925391603868,1.93635003700324,3.92806983129516
-59.6,4.62943086764636,3.57531904084542,1.95691136066997,3.93885988361704
-59.5,4.63910139483416,3.58121669992976,1.97721110068354,3.94836171656035
-59.4,4.64790508410884,3.58691871904839,1.99719895819063,3.95654389990436
-59.3,4.65582101205318,3.59239616860397,2.01682358650779,3.96337561909722
-59.2,4.66282847325028,3.59761941524089,2.03603267113465,3.96882673342167
-59.1,4.6689070168482,3.60255817845505,2.05477301624431,3.97286783583013
-59,4.67403648509815,3.6071815923412,2.07299063777639,3.97547031447873
-58.9,4.67819705393916,3.61145827259383,2.09063086324894,3.97660641599068
-58.8,4.681369275703,3.61535638887101,2.10763843839474,3.9762493104788
-58.7,4.68353412401266,3.61884374262117,2.12395764071655,3.97437315835782
-58.6,4.68467304094748,3.62188785046507,2.13953240004383,3.97095317897644
-58.5,4.68476798654768,3.62445603321474,2.15430642616076,3.96596572109899
-58.4,4.68380149072985,3.62651551060135,2.16822334356168,3.95938833526622
-58.3,4.68175670768394,3.62803350177292,2.18122683337607,3.95119984806387
-58.2,4.67861747282088,3.62897733161086,2.19326078248943,3.94138043832695
-58.1,4.67436836233783,3.62931454290229,2.20426943987122,3.92991171530636
-58,4.66899475546609,3.62901301439162,2.2141975801033,3.91677679882335
-57.9,4.66248289946374,3.62804108472129,2.22299067408573,3.90196040143545
-57.8,4.65481997741249,3.62636768225693,2.23059506687745,3.88544891263544
-57.7,4.64599417887432,3.62396246077707,2.23695816261101,3.86723048510322
-57.6,4.63599477345974,3.62079594099136,2.24202861639989,3.84729512302701
-57.5,4.62481218735511,3.61683965783501,2.24575653313679,3.82563477250793
-57.4,4.61243808285163,3.61206631346962,2.24809367305956,3.80224341405859
-57.3,4.59886544091307,3.60644993590272,2.24899366393934,3.77711715720215
-57.2,4.58408864681341,3.59996604311964,2.24841221972261,3.75025433717475
-57.1,4.56810357886957,3.59259181260256,2.24630736543545,3.72165561372906
-57,4.55090770028647,3.5843062560911,2.24263966813411,3.6913240720319
-56.9,4.53250015412514,3.57509039941915,2.23737247366118,3.65926532564325
-56.8,4.51288186139578,3.56492746724126,2.23047214894144,3.62548762155798
-56.7,4.49205562226904,3.55380307244078,2.22190832952577,3.59000194728487
-56.6,4.47002622038984,3.54170540998992,2.21165417206484,3.55282213993067
-56.5,4.44680053026737,3.52862545500952,2.19968661136796,3.51396499724891
-56.4,4.42238762770518,3.51455716475385,2.18598662167517,3.47345039060545
-56.3,4.39679890322333,3.49949768422246,2.17053948174337,3.43130137980358
-56.2,4.37004817841325,3.48344755507774,2.15333504331925,3.38754432970204
-56.1,4.34215182515324,3.46641092752346,2.13436800254455,3.34220902854987
-56,4.31312888759949,3.44839577477533,2.11363817381037,3.29532880795071
-55.9,4.28300120685387,3.4294141097311,2.09115076554987,3.2469406643587
-55.8,4.25179354819525,3.40948220342332,2.06691665743014,3.19708538199553
-55.7,4.21953373074633,3.38862080481389,2.04095267837623,3.14580765706646
-55.6,4.1862527594322,3.36685536146568,2.01328188483251,3.09315622313977
-55.5,4.15198495907076,3.34421624060222,1.98393383863879,3.03918397754012
-55.4,4.11676811041849,3.3207389500431,1.95294488387164,2.98394810859272
-55.3,4.08064358797765,3.29646435847902,1.920358421974,2.9275102235397
-55.2,4.04365649935314,3.27143891452727,1.88622518447066,2.8699364769348
-55.1,4.00585582592907,3.24571486398582,1.85060350254051,2.81129769930664
-55,3.96729456461594,3.21935046468194,1.81355957269216,2.75166952586377
-54.9,3.92802987040053,3.19241019828946,1.77516771776501,2.69113252499814
-54.8,3.88812319941054,3.16496497846823,1.73551064245465,2.62977232632546
-54.7,3.84764045218607,3.13709235465837,1.69467968253891,2.56767974798296
-54.6,3.8066521168296,3.10887671084351,1.65277504696008,2.50495092288661
-54.5,3.76523341168582,3.08040945857792,1.60990605189861,2.44168742363077
-54.4,3.72346442718111,3.05178922355553,1.56619134595498,2.37799638569367
-54.3,3.68143026643211,3.02312202498256,1.52175912553938,2.31399062859287
-54.2,3.63922118421111,2.99452144700013,1.47674733955301,2.24978877461453
-54.1,3.59693272383505,2.96610880138996,1.43130388243103,2.18551536472013
-54,3.55466585152371,2.93801328078365,1.38558677460498,2.12130097121443
-53.9,3.51252708775141,2.91037210158548,1.33976432943199,2.05728230673729
-53.8,3.47062863509568,2.8833306358093,1.29401530563029,1.99360232912229
-53.7,3.42908850206572,2.85704253102304,1.24852904425359,1.93041034164393
-53.6,3.38803062237295,2.83166981758822,1.20350558923388,1.86786208815557
-53.5,3.34758496908622,2.80738300237873,1.1591557905198,1.80611984259984
-53.4,3.30788766309443,2.7843611481609,1.1157013888389,1.74535249235347
-53.3,3.26908107528106,2.76279193781779,1.07337508111563,1.68573561484919
-53.2,3.23131392179626,2.74287172260255,1.03242056558241,1.62745154689853
-53.1,3.1947413517954,2.72480555361136,0.993092565630407,1.57068944612066
-53,3.15952502699627,2.708807195673,0.955656831457916,1.51564534386524
-52.9,3.12583319239184,2.69509912286199,0.920390118588831,1.46252218900006
-52.8,3.09384073744085,2.68391249485444,0.887580142351115,1.41152988191813
-52.7,3.06372924704613,2.67548711336046,0.857525507426099,1.3628852981047
-52.6,3.03568704161818,2.67007135788442,0.830535611602794,1.31681230058994
-52.5,3.0099092055116,2.66792210008425,0.806930522898596,1.27354174060101
-52.4,2.98659760311343,2.66930459602445,0.787040829238256,1.2333114457162
-52.3,2.96596088185526,2.67449235564241,0.771207459916229,1.19636619481369
-52.2,2.94821446141599,2.68376698877717,0.759781478104884,1.16295767909989
-52.1,2.93358050837908,2.69741802714048,0.75312384371145,1.1333444484959
-52,2.9222878956067,2.71574272164529,0.751605145930489,1.10779184265633
-51.9,2.9145721455946,2.73904581454361,0.755605304886152,1.08657190589236
-51.8,2.9106753570746,2.76763928586667,0.765513241809414,1.06996328527084
-51.7,2.91084611413774,2.80184207370369,0.781726517249984,1.05825111116336
-51.6,2.91533937715908,2.8419797679018,0.804650936880399,1.05172685952372
-51.5,2.92441635481634,2.88838427681968,0.834700124511445,1.05068819517952
-51.4,2.93834435650828,2.9413934668196,0.872295062002723,1.05543879543329
-51.3,2.95739662449514,3.001350774238,0.917863595820533,1.06628815328115
-51.2,2.98185214510322,3.06860478963355,0.97183991006702,1.08355135957284
-51.1,3.01199543835803,3.14350881417221,1.03466396587918,1.10754886345518
-51,3.04811632543629,3.22642038807362,1.10678090717483,1.13860621046315
-50.9,3.09050967335598,3.31770079110924,1.18864043280345,1.17705375764761
-50.8,3.13947511635585,3.41771451521271,1.28069613524473,1.2232263651572
-50.7,3.19531675345154,3.52682870933467,1.38340480608412,1.27746306372393
-50.6,3.25834282169415,3.6454125967487,1.49722570858525,1.34010669753715
-50.5,3.32886534470011,3.77383686509216,1.62261981777136,1.41150354203014
-50.4,3.40719975606685,3.91247302950462,1.76004902852303,1.49200289614594
-50.3,3.49366449733845,4.06169276930765,1.90997533229683,1.58195664869586
-50.2,3.58858059023872,4.22186723875321,2.0728599631691,1.6817188184744
-50.1,3.69227118294579,4.39336635245217,2.24916251401026,1.7916450678486
-50,3.80506107024266,4.57655804618169,2.43934002369852,1.91209218959818
-49.9,3.92727618744192,4.77180751385704,2.64384603638569,2.04341756684426
-49.8,4.05924307805046,4.97947642154377,2.86312963393465,2.18597860597119
-49.7,4.20128833521072,5.19992209947499,3.09763444275379,2.34013214251528
-49.6,4.35373801702935,5.43349671313024,3.34779761636192,2.50623382006793
-49.5,4.51691703598195,5.68054641452324,3.6140487951247,2.68463744231846
-49.4,4.69114852266341,5.9414104749379,3.89680904471203,2.87569429844279
-49.3,4.87675316423723,6.21642040044313,4.19648977493311,3.07975246212902
-49.2,5.07404851802501,6.50589903160921,4.5134916407144,3.29715606461987
-49.1,5.28334830076632,6.81015962893879,4.84820342709104,3.52824454224289
-49,5.50496165417295,7.12950494561593,5.20100092018877,3.77335185899564
-48.9,5.73919238749606,7.46422628926618,5.57224576627714,4.03280570485056
-48.8,5.98633819792267,7.81460257450733,5.96228432107602,4.30692667054555
-48.7,6.2466898697184,8.18089936815824,6.37144649159957,4.59602739973149
-48.6,6.52053045313378,8.56336792905493,6.80004457291632,4.90041171945273
-48.5,6.80813442419638,8.96224424450684,7.24837208230078,5.22037375004734
-48.4,7.10976682661526,9.37774806550463,7.71670259334245,5.55619699566434
-48.3,7.42568239712955,9.81008194286561,8.20528857266406,5.90815341670699
-48.2,7.75612467574148,10.2594302665781,8.71436022198676,6.27650248562776
-48.1,8.10132510237983,10.7259583106733,9.2441243283562,6.66149022761381
-48,8.46150210164862,11.2098112860184,9.79476312541902,7.06334824781997
-47.9,8.83686015742249,11.7111134034876,10.3664331687072,7.482292746922
-47.8,9.22758887915723,12.2299669500209,10.9592642279503,7.91852352688012
-47.7,9.6338620618902,12.766451380133,11.5733581994937,8.37222298891974
-47.6,10.0558367420095,13.3206224254826,12.2087880419497,8.84355512585186
-47.5,10.493652250974,13.8925112251484,12.8655967382536,9.33266451097035
-47.4,10.9474292692668,14.4821234792967,13.5437962873329,9.83967528587708
-47.3,11.417268882963,15.0894386289493,14.2433667286249,10.3646901496953
-47.2,11.9032516453875,15.7144090645873,14.9642552027023,10.9077893522427
-47.1,12.4054366464304,16.3569593663346,15.7063750512771,11.4690296938387
-47,12.9238605921756,17.0169855784769,16.4696049598561,12.0484435345229
-46.9,13.4585368975794,17.6943545210721,17.2537881463213,12.6460378155607
-46.8,14.0094547950172,18.3889031413968,18.0587315986898,13.2617930962033
-46.7,14.5765784615865,19.1004379079603,18.8842053652859,13.8956626087577
-46.6,15.1598461681229,19.8287342497974,19.7299419005303,14.5475713351061
-46.5,15.7591694529453,20.5735360437103,20.5956354694999,15.2174151078884
-46.4,16.3744323234023,21.3345551520998,21.4809416143668,15.9050597396293
-46.3,17.0054904883337,22.111471013969,22.385476685757,16.6103401831578
-46.2,17.6521706246058,22.9039302916284,23.3088174419991,17.333059726715
-46.1,18.3142696809042,23.711546575565,24.2505007191485,18.0729892271967
-46,18.9915542219899,24.5339001498579,25.2100231745744,18.8298663850083
-45.9,19.6837598166417,25.3705378204436,26.1868411067993,19.6033950640427
-45.8,20.3905904725023,26.220972808435,27.1803703541548,20.3932446603008
-45.7,21.1117181210468,27.0846847105981,28.1899862747003,21.1990495226877
-45.6,21.8467821558666,27.9611195289748,29.2150238097052,22.0204084295078
-45.5,22.5953890274398,28.8496897715243,30.2547776328538,22.856884124168
-45.4,23.3571118975138,29.7497746255161,31.3085023871686,23.7080029135685
-45.3,24.1314903561778,30.6607202052783,32.3754130114798,24.5732543326199
-45.2,24.9180302046394,31.5818398757475,33.4546851580911,25.4520908782731
-45.1,25.7162033066419,32.5124146531174,34.5454557031001,26.3439278163794
-45,26.5254475113752,33.4516936837134,35.6468233506346,27.2481430646202
-44.9,27.3451666506283,34.3988948020473,36.7578493320543,28.1640771546497
-44.8,28.174730612824,35.3532051688294,37.8775582009542,29.0910332764871
-44.7,29.0134754964464,36.3137819895197,39.0049387245747,30.0282774080718
-44.6,29.8607038452353,37.2797533138135,40.138944871994,30.9750385327596
-44.5,30.7156849673713,38.250218916242,41.2784968992292,31.9305089473846
-44.4,31.5776553407097,39.2242512578741,42.4224825311312,32.8938446633484
-44.3,32.4458191059425,40.2008965288754,43.5697582396914,33.8641659030139
-44.2,33.319348649384,41.1791757714735,44.7191506181262,34.8405576934907
-44.1,34.1973852768664,42.1580860826454,45.869457849829,35.8220705596867
-44,35.079039980022,43.1366018956161,47.0194512710085,36.8077213182765
-43.9,35.9633942959987,44.113676339024,48.1678770255571,37.796493974002
-43.8,36.84950126142,45.0882426723719,49.313457810407,38.7873407194654
-43.7,37.7363864611482,46.0592157961449,50.4548947093539,39.7791830393137
-43.6,38.6230491721504,47.0254938347338,51.5908691130365,40.7709129194325
-43.5,39.5084636024969,47.9859597900622,52.7200447224793,41.7613941614782
-43.4,40.391580225237,48.9394832635737,53.8410696333151,42.749463802774
-43.3,41.271327206611,49.884922243991,54.952578497517,43.7339336412817
-43.2,42.146611927757,50.8211249580232,56.053194759191,44.7135918650364
-43.1,43.016322598763,51.7469317809528,57.1415329606893,45.6872047850954
-43,43.8793299636056,52.6611772038037,58.2162011150347,46.6535186707129
-42.9,44.7344890941922,53.562691853554,59.2758031403663,47.6112616850924
-42.8,45.5806412714008,54.4503045626339,60.3189413518495,48.559145919718
-42.7,46.4166159506854,55.3228444837235,61.3442190062345,49.495869524894
-42.6,47.2412328094755,56.1791432456488,62.3502428939869,50.4201189337536
-42.5,48.0533038732721,57.0180371459672,63.3356259736744,51.3305711766239
-42.4,48.8516357169994,57.8383693756285,64.2989900430495,52.2258962822541
-42.3,49.6350317378423,58.6389922709064,65.238968441051,53.104759762036
-42.2,50.4022944954599,59.4187695876138,66.1542087747214,53.9658251729683
-42.1,51.1522281151389,60.1765787924365,67.0433756648475,54.8077567547344
-42,51.8836407491187,60.9113133660643,67.9051535039309,55.6292221358899
-41.9,52.5953470909989,61.621885112646,68.738249219929,56.428895103785
-41.8,53.2861709378255,62.3072264699558,69.5413950390463,57.2054584324785
-41.7,53.9549477941401,62.9662928145392,70.3133512407092,57.9576067625433
-41.6,54.600527511981,63.5980647559964,71.0529088977401,58.6840495263132
-41.5,55.2217769605346,64.2015504144636,71.7588925946297,59.3835139117771
-41.4,55.8175827188582,64.7757876752823,72.4301631167267,60.0547478580041
-41.3,56.3868537848356,65.3198464147766,73.0656201030879,60.6965230746622
-41.2,56.9285242932757,65.8328306910203,73.6642046556896,61.3076380778995
-41.1,57.4415562358348,66.3138808934459,74.2249018976678,61.8869212345686
-41,57.9249421752258,66.7621758451406,74.7467434732525,62.4332338065149
-40.9,58.3777079459882,67.1769348516814,75.2288099820764,62.9454729864003
-40.8,58.798915333911,67.5574196903939,75.6702333405759,63.4225749163159
-40.7,59.1876647260525,67.9029365339668,76.0701990632677,63.8635176802326
-40.6,59.5430977231699,68.2128378024205,76.427948456764,64.2673242611666
-40.5,59.864399706264,68.4865239375195,76.7427807195048,64.6330654537859
-40.4,60.1508023488638,68.7234450938246,77.0140549403132,64.9598627230619
-40.3,60.4015860666237,68.9231027407088,77.2411919890395,65.2468909994797
-40.2,60.616082395777,69.0850511698133,77.4236762927417,65.4933814012544
-40.1,60.7936762919898,69.2088989025863,77.5610574910509,65.6986238739734
-40,60.9338083411944,69.2943099927366,77.6529519646061,65.8619697380829
-39.9,61.0359768740378,69.341005218646,77.6990442306872,65.9828341346725
-39.8,61.0997399756734,69.3487631610118,77.6990882004591,66.0606983600825
-39.7,61.1247173827505,69.3174211612402,77.6529082925347,66.0951120799601
-39.6,61.1105922596058,69.2468761563782,77.5604003978847,66.0856954135347
-39.5,61.057112845851,69.1370853866609,77.4215326914725,66.0321408790569
-39.4,60.9640939677711,68.98806697205,77.2363462863488,65.9342151915615
-39.3,60.8314184061968,68.7999003544674,77.004955726334,65.7917609043664
-39.2,60.659038113804,68.5727266027614,76.7275493138136,65.6046978860079
-39.1,60.4469752751049,68.3067485777968,76.4043892696048,65.3730246246403
-39,60.1953232027505,68.0022309554356,76.0358117222835,65.096819352292
-38.9,59.9042470641423,67.6595001055477,75.6222265248278,64.7762409817722
-38.8,59.5739844327654,67.2789438255955,75.1641168969021,64.4115298494582
-38.7,59.2048456590974,66.8610109277415,74.6620388915943,64.0030082576732
-38.6,58.7972140564237,66.4062106788435,74.1166206859183,63.5510808108677
-38.5,58.351545897388,65.9151120931334,73.5285616949056,63.0562345403676
-38.4,57.8683702176406,65.388343077811,72.8986315096296,62.5190388130267
-38.3,57.3482884235023,64.8265894322244,72.2276686600326,61.9401450197322
-38.2,56.7919737011425,64.2305937017603,71.5165792039658,61.3202860403521
-38.1,56.2001702253753,63.6011538880159,70.7663351443836,60.6602754823831
-38,55.5736921668075,62.9391220172821,69.9779726771838,59.9610066912532
-37.9,54.9134224967142,62.2454025698186,69.1525902727218,59.2234515309563
-37.8,54.2203115896869,61.5209507728597,68.2913465945729,58.4486589344408
-37.7,53.4953756247778,60.7667707607404,67.3954582596528,57.6377532239378
-37.6,52.7396947865586,59.9839136059769,66.4661974443429,56.7919322022018
-37.5,51.954411268219,59.173475225584,65.5048893417917,55.9124650164337
-37.4,51.1407270795419,58.3365941673412,64.5129094760856,55.0006897974703
-37.3,50.299901663318,57.4744492811472,63.4916808794854,54.0580110776459
-37.2,49.43324932448,56.5882572810171,62.4426711394231,53.085896991563
-37.1,48.5421364769677,55.679270203678,61.3673893224305,52.0858762648405
-37,47.6279787140553,54.7487727701081,60.2673827826373,51.059534996746
-36.9,46.6922377085891,53.798079656735,59.1442338629157,50.0085132434469
-36.8,45.7364179502975,52.8285326833648,57.9995564971766,48.9345014094426
-36.7,44.7620633280284,51.8414979252494,56.8349927227191,47.8392364555581
-36.6,43.7707535654599,50.838362757012,55.6522091119135,46.7244979326793
-36.5,42.7641005194918,49.8205328364481,54.452893132846,45.5921038511997
-36.4,41.7437443511768,48.7894290364838,53.2387494488755,44.4439063969143
-36.3,40.7113495796712,47.7464843338211,52.011496167346,43.2817875048377
-36.2,39.6686010302833,46.6931406630165,50.7728610479554,42.107654303141
-36.1,38.6171996882652,45.6308457449303,49.524577681515,40.9234344400843
-36,37.5588584705259,44.5610498986437,48.2683816500192,39.7310713074707
-35.9,36.4952979279481,43.4852028460772,47.0060066791144,38.532519174762
-35.8,35.4282418914461,42.4047505186439,45.7391807941678,37.3297382485629
-35.7,34.3594130753252,41.3211318753356,44.4696224912271,36.124689672706
-35.6,33.2905286518789,40.2357757416883,43.1990369342063,34.9193304846475
-35.5,32.2232958114864,39.1500976790676,41.929112189639,33.7156085443086
-35.4,31.1594073227566,38.0654968936934,40.6615155103073,32.5154574518663
-35.3,30.1005371074927,36.9833531947574,39.3978896789839,31.320791471315
-35.2,29.0483358454264,35.9050240108906,38.1398494234043,30.133500476872
-35.1,28.0044266237925,34.8318414741081,36.8889779134391,28.9554449394905
-35,26.9704006468799,33.7651095801948,35.6468233512334,27.7884509708769
-34.9,25.9478130206964,32.7061014342917,34.4148956648488,26.6343054424629
-34.8,24.9381786278363,31.6560565902181,33.194663315664,25.494751196783
-34.7,23.9429681075193,30.6161784917901,31.9875502294746,24.3714823686265
-34.6,22.9636039555956,29.587632024104,30.7949328608756,23.2661398331882
-34.5,22.0014567590739,28.5715411824187,29.6181374001195,22.1803067982225
-34.4,21.0578415794245,27.5689868659106,28.4584371312038,21.1155045569131
-34.3,20.1340144985504,26.5810048031824,27.317049949485,20.0731884178079
-34.2,19.2311693408895,25.6085836159871,26.1951360466027,19.0547438277299
-34.1,18.3504345846262,24.6526630271773,25.0937957699708,18.0614827030666
-34,17.4928704744405,23.7141322184185,24.0140676635189,17.0946399842608
-33.9,16.6594663476136,22.7938283427022,22.9569266957729,16.1553704276679
-33.8,15.8511381846471,21.892535196175,21.9232826807415,15.2447456482343
-33.7,15.0687263948217,21.0109820532533,20.9139788964168,14.3637514256502
-33.6,14.312993846351,20.1498426684308,19.9297909050333,13.5132852857853
-33.5,13.5846241499508,19.309734447609,18.9714255785269,12.6941543682945
-33.4,12.8842202037658,18.4912177911793,18.0395203319261,11.9070735903004
-33.3,12.2123030066697,17.694795610482,17.1346425666782,11.1526641150293
-33.2,11.5693107459807,16.9209130186468,16.2572893251688,10.4314521331818
-33.1,10.9555981646283,16.1699571961931,15.4078871569448,9.7438679636848
-33,10.3714362117535,15.4422574311344,14.5867921963877,9.09024547928095
-32.9,9.81701197965113,14.738085332697,13.794290450822,8.47082186118761
-32.8,9.29242892884707,14.0576552171271,13.0305982972806,7.88573768579067
-32.7,8.79770740197651,13.4011246634245,12.2958631853814,7.33503734504181
-32.6,8.33278542597191,12.768595236214,11.5901645430171,6.81866980090339
-32.5,7.89751980090552,12.1601133723427,10.9135148808079,6.33648967284089
-32.4,7.49168747265244,11.5756714271797,10.2658610905291,5.88825865599929
-32.3,7.11498718535957,11.0152088759972,9.64708593200517,5.47364726633026
-32.2,6.76704140852418,10.4786136652251,9.05700970225296,5.09223690755939
-32.1,6.44739853231079,9.96572370781154,8.49539207997601,4.74352225351067
-32,6.1555353235722,9.47632851637069,7.96193413785119,4.42691393794003
-31.9,5.89085963389243,9.01017096728367,7.45628051441557,4.14174154267927
-31.8,5.65271334984584,8.56694918841791,6.97802173675932,3.8872568735628
-31.7,5.44037557456944,8.14631856266487,6.52669668466092,3.66263751230867
-31.6,5.25306602868314,7.74789383905813,6.10179518626726,3.46699063125833
-31.5,5.08994865756724,7.37125134282734,5.70276073492433,3.29935705665292
-31.4,4.95013543102785,7.01593127537434,5.32899331631104,3.15871556494526
-31.3,4.83269032044922,6.68144009482251,4.97985233461582,3.04398739552056
-31.2,4.73663343765696,6.36725296749362,4.65465962612884,2.9540409621322
-31.1,4.66094531889942,6.07281628041092,4.3527025483042,2.88769674435869
-31,4.60457133660309,5.79755020471076,4.07323713207525,2.84373233945791
-30.9,4.56642622087469,5.54085129967272,3.81549128498654,2.82088765414191
-30.8,4.54539867211378,5.30209514694882,3.57866803253854,2.81787021502545
-30.7,4.54035604556648,5.08063900448696,3.36194878502551,2.83336057581725
-30.6,4.55014908820087,4.87582446960453,3.16449661708678,2.86601779873162
-30.5,4.57361670791718,4.68698014067387,2.9854595471853,2.91448498710238
-30.4,4.60959075482712,4.51342426693326,2.82397380427613,2.97739484578508
-30.3,4.65690079414772,4.35446737603513,2.67916706903226,3.05337524564134
-30.2,4.71437885015855,4.20941486908733,2.55016167715372,3.14105476821326
-30.1,4.7808641006691,4.07756957313283,2.43607777250119,3.23906820661902
-30,4.85520750153711,3.95823424124775,2.33603639806301,3.34606199873509
-29.9,4.93627632096861,3.85071399071705,2.24916251308699,3.4606995688772
-29.8,5.02295856361887,3.75431867006866,2.17458792508224,3.58166655445307
-29.7,5.11416726489819,3.66836514611183,2.11145412582146,3.70767589443402
-29.6,5.20884463636853,3.59217950252966,2.05891502094832,3.83747275698156
-29.5,5.30596604369529,3.52509914201979,2.01613954331618,3.96983928416662
-29.4,5.40454379929051,3.46647478445783,1.982314140751,4.10359913243319
-29.3,5.50363075254942,3.4156723540742,1.95664512954107,4.23762178828157
-29.2,5.60232366143665,3.37207474918303,1.93836090560553,4.37082663957868
-29.1,5.69976633012151,3.33508348858108,1.92671400598083,4.50218678393836
-29,5.79515249838692,3.30412022934093,1.92098301398541,4.63073255675239
-28.9,5.88772846964282,3.2786281513541,1.92047430217501,4.75555476268604
-28.8,5.97679546555552,3.25807320463307,1.92452360798085,4.87580759577812
-28.7,6.06171169655643,3.24194521605385,1.93249743772659,4.99071123469777
-28.6,6.14189413880952,3.22975885290822,1.94379429554351,5.09955410120238
-28.5,6.21682000959346,3.22105444133578,1.95784573454393,5.20169477140903
-28.4,6.28602793448338,3.21539863841492,1.97411722846471,5.29656353112516
-28.3,6.34911880119285,3.21238495740716,1.9921088628534,5.38366356817891
-28.2,6.40575629645283,3.2116341463662,2.01135584573376,5.46257179643566
-28.1,6.45566712385205,3.21279442103836,2.03142883855135,5.53293930797696
-28,6.49864090213724,3.21554155369139,2.05193410905937,5.59449145174386
-27.9,6.5345297450617,3.2195788202101,2.07251350865486,5.64702753879742
-27.8,6.56324752547123,3.22463680848602,2.09284427751263,5.69042017621819
-27.7,6.58476882791746,3.23047309180147,2.11263868168384,5.72461423354244
-27.6,6.59912759568274,3.23687177156175,2.1316434871232,5.74962544750682
-27.5,6.60641547967974,3.24364289435984,2.14963927638112,5.76553867273564
-27.4,6.60677989824314,3.25062174896157,2.16643961443784,5.77250578784469
-27.3,6.60042181835388,3.25766804937429,2.18189007086492,5.77074326824503
-27.2,6.58759327031767,3.26466501070349,2.19586710616868,5.7605294386966
-27.1,6.56859460935193,3.27151832500745,2.20827683079869,5.7422014203769
-27,6.54377153891118,3.27815504482798,2.2190536458877,5.71615178888469
-26.9,6.51351191189009,3.28452238250071,2.22815877532501,5.68282496118133
-26.8,6.4782423270811,3.29058643373131,2.23557869924868,5.64271333097584
-26.7,6.43842453941906,3.2963308342599,2.24132349947297,5.5963531734734
-26.6,6.39455170361454,3.30175535872474,2.24542512774025,5.54432034172274
-26.5,6.34714447175087,3.30687447107489,2.2479356080024,5.48722577800758
-26.4,6.29674696629292,3.31171583606846,2.24892518419019,5.42571086482205
-26.3,6.24392265072163,3.31631880152868,2.24848042512214,5.36044264094436
-26.2,6.18925012066164,3.32073286111055,2.24670229833208,5.2921089089678
-26.1,6.13331883890503,3.32501610735836,2.24370422465918,5.22141326135916
-26,6.07672483814879,3.3292336848066,2.23961012544272,5.14907005268533
-25.9,6.02006641555207,3.33345625279458,2.23455247409746,5.07579934607416
-25.8,5.96393984337912,3.33775846752786,2.22867036371327,5.0023218622524
-25.7,5.90893512002286,3.34221749272909,2.22210760212622,4.92935395962718
-25.6,5.85563178559986,3.34691154797619,2.21501084564685,4.85760267384644
-25.5,5.80459482606956,3.35191850352961,2.20752778230795,4.78776084508548
-25.4,5.75637068945806,3.35731453010317,2.19980537510844,4.72050236096079
-25.3,5.71148343726103,3.36317281163685,2.19198817528558,4.65647754246895
-25.2,5.67043105346071,3.36956232868667,2.18421671514532,4.59630869968736
-25.1,5.6336819328235,3.37654671955854,2.17662598942403,4.5405858831579
-25,5.6016715692457,3.38418322578328,2.16934403354654,4.48986285590621
-24.9,5.57479946389349,3.39252172795997,2.16249060648795,4.44465330993167
-24.8,5.55342627174072,3.40160387738929,2.15617598524507,4.40542734974166
-24.7,5.53787120384931,3.41146232827962,2.15049987718014,4.37260826410204
-24.6,5.52840970137016,3.42212007464054,2.14555045571903,4.34656960564231
-24.5,5.52527139577095,3.43358989528449,2.14140352407359,4.32763259629357
-24.4,5.52863836822993,3.44587390964182,2.13812181081648,4.31606387475944
-24.3,5.53864371947927,3.45896324636119,2.13575440027283,4.31207360033341
-24.2,5.55537045964543,3.47283782592083,2.13433629981008,4.31581392538815
-24.1,5.57885072582673,3.48746625772033,2.13388814521164,4.32737784678626
-24,5.60906533327992,3.5028058513627,2.1344160444161,4.3467984443058
-23.9,5.64594366416619,3.51880274107594,2.13591155899716,4.3740485119511
-23.8,5.68936389584569,3.535392121468,2.13835182185554,4.40904058574047
-23.7,5.73915356871664,3.55249859206213,2.1416997886991,4.45162736924144
-23.6,5.79509049158334,3.57003660732714,2.1459046200047,4.50160255577186
-23.5,5.85690398051713,3.58791102820238,2.15090218929348,4.55870204381792
-23.4,5.92427642515823,3.60601777042566,2.15661571271225,4.62260553984775
-23.3,5.996845174405,3.62424454430769,2.16295649410539,4.6929385403391
-23.2,6.07420473146357,3.64247167996385,2.16982477898815,4.7692746825035
-23.1,6.15590924629564,3.66057303141655,2.17711071009792,4.85113845089094
-23,6.24147529161874,3.67841695242372,2.18469537651142,4.93800822481496
-22.9,6.33038490679151,3.69586733637485,2.19245194767575,5.02931964935878
-22.8,6.42208889216903,3.71278471212856,2.20024688311467,5.12446931062455
-22.7,6.51601033485153,3.72902738724866,2.20794120804333,5.22281869388277
-22.6,6.61154834518276,3.74445262973201,2.21539184465699,5.32369840138028
-22.5,6.70808198189546,3.75891787901417,2.2224529884571,5.42641260478528
-22.4,6.80497434245768,3.77228197678956,2.22897751864348,5.53024370560006
-22.3,6.90157679395609,3.7844064079948,2.23481843133719,5.63445717536534
-22.2,6.99723331877029,3.79515654217798,2.23983028420744,5.73830654612859
-22.1,7.09128494835178,3.80440286541496,2.24387064095943,5.84103852045876
-22,7.18307425763145,3.81202219293619,2.24680150409924,5.94189816927375
-21.9,7.2719498919471,3.81789885269678,2.24849072442829,6.04013418491116
-21.8,7.35727109791129,3.82192583025638,2.24881337583404,6.13500415622488
-21.7,7.43841222933769,3.82400586553544,2.24765308413464,6.22577983203749
-21.6,7.51476719921189,3.82405249227978,2.24490329900394,6.31175233902415
-21.5,7.58575384873578,3.82199101139393,2.24046849834749,6.39223732005435
-21.4,7.65081820469371,3.81775938969614,2.2342653149194,6.46657995917435
-21.3,7.70943859678457,3.8113090761001,2.22622357546167,6.53415985977809
-21.2,7.76112960713796,3.80260572774012,2.21628724320945,6.59439574308838
-21.1,7.80544582498137,3.79162983912383,2.20441525523539,6.6467499348517
-21,7.84198538034873,3.77837726801708,2.19058224679962,6.69073260913782
-20.9,7.87039323181407,3.76285965243584,2.17477915562539,6.72590575932543
-20.8,7.89036418449283,3.74510471383651,2.15701369983083,6.75188686774365
-20.7,7.90164561597351,3.72515644235368,2.13731072410787,6.76835224701887
-20.6,7.90403988941545,3.70307516073105,2.11571240964746,6.77504002794215
-20.5,7.89740643476844,3.67893746441895,2.09227834425883,6.77175277061367
-20.4,7.88166348092752,3.65283603616925,2.0670854501147,6.75835967772965
-20.3,7.85678942362156,3.62487933433748,2.04022776756757,6.73479839114171
-20.2,7.82282381593815,3.59519115499865,2.01181609451908,6.70107635522833
-20.1,7.77986797059691,3.56391006889189,1.98197748187729,6.65727173315843
-20,7.72808516538787,3.53118873512312,1.9508545866999,6.60353386478574
-19.9,7.66770044557691,3.4971930944696,1.91860488568723,6.54008325767373
-19.8,7.5990000195346,3.46210144603881,1.88539975275122,6.4672111055994
-19.7,7.52233024635169,3.42610341193059,1.85142340543752,6.38527833180316
-19.6,7.43809621675171,3.38939879543047,1.81687172601088,6.29471415722545
-19.5,7.34675993118164,3.35219633911675,1.78195096402207,6.19601419697936
-19.4,7.24883808154118,3.31471239008898,1.74687632815028,6.08973809133558
-19.3,7.14489944558311,3.27716948031461,1.7118704760518,5.97650668052305
-19.2,7.03556190556656,3.23979483083841,1.67716191183678,5.85699873565536
-19.1,6.92148910525516,3.20281878930018,1.64298330163461,5.73194726106299
-19,6.80338676180677,3.16647321085483,1.60956971848858,5.6021353862231
-18.9,6.681998651486,3.13098979318001,1.5771568285357,5.46839186831571
-18.8,6.55810229042841,3.09659837678594,1.54597903107283,5.33158622917735
-18.7,6.43250433388056,3.06352522230431,1.51626756567925,5.19262355305201
-18.6,6.30603571941996,3.03199127682542,1.48824860005462,5.05243897403936
-18.5,6.17954658160629,3.00221044166991,1.46214131263457,4.91199188449093
-18.4,6.05390096731834,2.9743878542216,1.43815598436032,4.7722598977916
-18.3,5.92997138267684,2.94871819660716,1.41649211420038,4.63423260097153
-18.2,5.80863320392691,2.92538404408473,1.39733657314793,4.49890513440412
-18.1,5.69075898594866,2.90455426599536,1.38086181144562,4.3672716374498
-18,5.57721270316428,2.88638249203637,1.36722413371681,4.24031860028553
-17.9,5.46884395851029,2.87100565643418,1.35656205650955,4.11901816330781
-17.8,5.3664821968342,2.85854263232507,1.34899476248431,4.00432140640229
-17.7,5.27093095954723,2.84909296829629,1.34462066510029,3.89715167102325
-17.6,5.1829622176169,2.84273573859714,1.34351609717769,3.79839795841964
-17.5,5.10331082000638,2.83952851800253,1.34573413613675,3.70890844746956
-17.4,5.03266909446181,2.83950649170053,1.35130357804007,3.62948417544113
-17.3,4.97168163711075,2.84268170988459,1.36022807179645,3.56087292458124
-17.2,4.92094032666443,2.84904249596248,1.37248542402399,3.50376335674204
-17.1,4.88097959811547,2.85855301645096,1.38802708412343,3.45877943729168
-17,4.85227200969244,2.8711530197133,1.40677781808266,3.42647518832047
-16.9,4.83522413547828,2.8867577497188,1.42863557842626,3.40732980965191
-16.8,4.83017281452626,2.90525803996568,1.4534715765452,3.40174320440559
-16.7,4.83738178552086,2.926520591617,1.48113056239824,3.41003194384297
-16.6,4.85703873404185,2.95038843875797,1.51143131527426,3.43242570396688
-16.5,4.88925277730572,2.97668160250101,1.54416734795248,3.46906420385213
-16.4,4.9340524088919,3.00519793444684,1.57910782520154,3.51999467297099
-16.3,4.9913839234232,3.03571414876407,1.61599869612805,3.58516987185613
-16.2,5.06111033847524,3.06798704088369,1.65456403842944,3.66444668733206
-16.1,5.14301082815185,3.10175488952524,1.69450761113177,3.75758532026002
-16,5.23678067979896,3.13673903748804,1.73551461091261,3.86424908029907
-15.9,5.342031782256,3.17264564535942,1.77725362562917,3.98400479860836
-15.8,5.45829365087584,3.20916761102278,1.81937877720301,4.11632386572031
-15.7,5.58501499130549,3.24598664659877,1.86153204456561,4.2605838980269
-15.6,5.72156580072333,3.28277550323073,1.90334575595085,4.4160710324599
-15.5,5.86724000189956,3.31920033294077,1.94444523844411,4.58198284503744
-15.4,6.02125860210187,3.3549231756415,1.98445161136977,4.75743188501536
-15.3,6.18277336552915,3.38960455830024,2.02298470883065,4.94144981244667
-15.2,6.350870984645,3.42290619222462,2.05966611551314,5.13299212304271
-15.1,6.52457773251772,3.45449375347821,2.09412229874877,5.3309434403671
-15,6.70286457507783,3.48403973055038,2.12598781878637,5.5341233516051
-14.9,6.88465271909772,3.51122632260193,2.15490859828618,5.74129275946122
-14.8,7.06881956870015,3.53574837089415,2.18054523120605,5.95116071916827
-14.7,7.254205060335,3.55731630539079,2.20257631051844,6.16239172617044
-14.6,7.43961834344374,3.5756590880035,2.22070175358009,6.37361341678826
-14.5,7.62384477148019,3.59052713353918,2.23464610348238,6.58342464111297
-14.4,7.80565316558906,3.6016951891052,2.2441617843427,6.79040386452901
-14.3,7.98380331107882,3.60896515254,2.2490322882616,6.99311785164728
-14.2,8.15705364488017,3.6121688103656,2.24907527157105,7.19013058407091
-14.1,8.32416909046561,3.61117047580742,2.24414553803784,7.38001236132077
-14,8.48392899523859,3.60586950759775,2.23413788686652,7.56134903244348
-13.9,8.63513512418984,3.59620269057222,2.21898980366939,7.73275130431992
-13.8,8.77661966267571,3.5821464594864,2.19868397303674,7.89286407150021
-13.7,8.90725318050938,3.56371894801885,2.17325059195011,8.04037571152797
-13.6,9.0259525091739,3.54098184558926,2.14276946403176,8.17402728918354
-13.5,9.13168848387599,3.51404204540204,2.10737185551422,8.29262161288789
-13.4,9.2234935023629,3.48305306802446,2.06724209484095,8.39503208666591
-13.3,9.30046885292209,3.448216245822,2.02261889896883,8.48021130157397
-13.2,9.36179176478025,3.40978165469545,1.97379641073095,8.54719931135532
-13.1,9.40672213520518,3.36804878079225,1.92112493302859,8.59513153829209
-13,9.43460888899531,3.32336691119032,1.86501134714613,8.62324625677544
-12.9,9.44489592770564,3.27613523897184,1.80591920411775,8.63089160400628
-12.8,9.43712762790223,3.22680267460888,1.74436847980803,8.61753206946217
-12.7,9.41095384994937,3.17586735716502,1.68093498619445,8.58275441731052
-12.6,9.36613442130306,3.1238758604693,1.61624943324712,8.5262729988008
-12.5,9.30254306100001,3.07142209113108,1.5509961377787,8.44793441481697
-12.4,9.22017071497795,3.01914587702888,1.48591137767733,8.34772149219627
-12.3,9.11912827502447,2.96773124671124,1.42178139202246,8.22575654110658
-12.2,8.9996486575114,2.91790440198472,1.35944002970867,8.08230386469846
-12.1,8.86208822161039,2.87043138782138,1.29976605135243,7.91777149639125
-12,8.70692751038264,2.82611546558524,1.24368009141786,7.73271214448741
-11.9,8.53477130197174,2.7857941974429,1.19214128965888,7.52782332831555
-11.8,8.34634796207791,2.75033625167677,1.14614360312118,7.30394669474948
-11.7,8.14250809293511,2.72063794044838,1.10671181206678,7.06206650871307
-11.6,7.92422247812265,2.69761950335262,1.07489723526252,6.80330731613117
-11.5,7.69257932669507,2.68222115185123,1.05177317209791,6.52893078269189
-11.4,7.44878082428651,2.67539889136196,1.03843009095519,6.24033171672103
-11.3,7.1941390030072,2.67812013939998,1.03597058513151,5.93903328939948
-11.2,6.93007094607962,2.69135915970778,1.0455041193974,5.62668147045148
-11.1,6.65809334723183,2.71609233375897,1.06814159195511,5.30503870226559
-11,6.37981644884904,2.75329329237069,1.10498973812282,4.97597684014612
-10.9,6.09693738675929,2.80392793139746,1.15714540350505,4.64146939100659
-10.8,5.81123297326682,2.86894933659945,1.22568971570515,4.30358308727309
-10.7,5.52455195362514,2.94929264376965,1.3116821847828,3.96446883703767
-10.6,5.23880677453849,3.04586986106029,1.41615476364784,3.62635209556428
-10.5,4.95596490646787,3.15956468116319,1.54010590040502,3.29152270706783
-10.4,4.67803976448291,3.29122731156204,1.68449461531224,2.96232426924576
-10.3,4.40708127511473,3.44166935148468,1.85023463548365,2.64114307630558
-10.2,4.14516613911439,3.61165874443411,2.03818862075165,2.33039669918626
-10.1,3.89438784218949,3.80191483526248,2.24916251419313,2.03252226429357
-10,3.65684646765726,4.01310356067478,2.48390005072472,1.74996449433635
-9.89999999999999,3.43463836650953,4.24583280180006,2.74307745687294,1.48516357675255
-9.8,3.22984574161511,4.50064792705223,3.0272983743309,1.24054292672934
-9.69999999999999,3.04452620368176,4.77802755291765,3.3370890392215,1.01849691294196
-9.59999999999999,2.88070235715568,5.07837954955135,3.67289374809773,0.821378614852109
-9.5,2.74035147444129,5.40203731714715,4.03507064063165,0.651487680706309
-9.39999999999999,2.62539531668115,5.74925635796234,4.42388782767028,0.511058355259995
-9.3,2.53769015883616,6.12021116763819,4.83951989188205,0.402247745715027
-9.19999999999999,2.47901707595673,6.51499246806381,5.28204478658306,0.327124393401904
-9.09999999999999,2.45107254633644,6.93360480248696,5.75144115652357,0.287657217365035
-9,2.45545942569536,7.37596451189654,6.24758610244836,0.285704894224028
-8.89999999999999,2.49367834466117,7.8418981098841,6.77025340911771,0.323005736497715
-8.8,2.56711957960885,8.33114107125502,7.31911225420937,0.401168128998433
-8.69999999999999,2.67705544439844,8.84333704760952,7.89372641312323,0.52166157994803
-8.59999999999999,2.8246332477266,9.37803752095485,8.49355397218732,0.685808440148323
-8.5,3.01086885770063,9.93470190416824,9.1179475601421,0.894776339877731
-8.39999999999999,3.23664091186645,10.5126980947975,9.76615510505666,1.14957138920121
-8.3,3.50268570729915,11.1113034862949,10.4373211210363,1.45103218309743
-8.19999999999999,3.80959280151442,11.7297064383312,11.1304885262228,1.79982464825011
-8.09999999999999,4.1578013509037,12.3670082053421,11.8446009906774,2.19643776354359
-8,4.54759720916388,13.0222253199484,12.5785058098098,2.64118018128159
-7.89999999999999,4.97911080380265,13.6942924253566,13.330957296057,3.13417777093357
-7.8,5.45231580428637,14.3820655483216,14.1006206785775,3.67537210184605
-7.69999999999999,5.96702859078307,15.0843258017399,14.8860764978008,4.26451987586428
-7.59999999999999,6.52290852776432,15.7997835034641,15.6858254787794,4.90119331522495
-7.5,7.11945904200475,16.5270826954924,16.4982938644699,5.58478150544669
-7.39999999999999,7.75602949977275,17.2648060453157,17.3218391872999,6.31449268728351
-7.3,8.43181787328348,18.0114801089041,18.1547564547164,7.08935748616636
-7.19999999999999,9.14587418180708,18.7655809326073,18.9952847218444,7.90823306196674
-7.09999999999999,9.89710468821943,19.5255399691332,19.8416140219406,8.76980815640701
-7,10.6842768272906,20.2897502807804,20.6918926230294,9.67260901006415
-6.89999999999999,11.5060248376374,21.0565730012365,21.5442345769476,10.6150061156792
-6.8,12.3608560650676,21.8243440255313,22.3967275250444,11.5952217694491
-6.69999999999999,13.2471579010314,22.5913808961664,23.2474407229765,12.611338377161
-6.59999999999999,14.1632053160917,23.3559898520302,24.094433245418,13.6613074674607
-6.5,15.1071689447729,24.1164730054794,24.9357623301009,14.7429593602723
-6.39999999999999,16.0771236748447,24.8711356119045,25.7694918193969,15.8540134344083
-6.3,17.0710576910865,25.6182933952371,26.5937006566765,16.9920889347835
-6.19999999999999,18.0868819208728,26.356279892186,27.4064913939413,18.1547162563704
-6.09999999999999,19.122439826524,27.0834537775148,28.2059986667029,19.3393486391444
-6,20.1755174873282,27.7982061324171,28.9903975918284,20.5433742057873
-5.89999999999999,21.2438539124328,28.4989676179831,29.7579120440381,21.7641282718436
-5.8,22.3251515244757,29.1842155159131,30.5068227669737,22.9989058564001
-5.69999999999999,23.4170867528635,29.8524805990005,31.2354752752256,24.2449743201705
-5.59999999999999,24.5173206750192,30.5023537944827,31.9422875044315,25.4995860571329
-5.5,25.6235096437279,31.1324926041559,32.6257571675274,26.7599911656036
-5.39999999999999,26.7333158388938,31.7416272461399,33.284468776442,28.0234500248189
-5.3,27.8444176825978,32.3285664843845,33.917100289976,29.287245703752
-5.19999999999999,28.954520057303,32.8922031134073,34.5224293502883,30.5486961300157
-5.09999999999999,30.061364268385,33.4315190673405,35.0993390723139,31.8051659482601
-5,31.1627376938759,33.9455901241445,35.6468233525608,33.0540779995044
-4.89999999999999,32.2564830663644,34.4335901777895,36.163991666051,34.2929243552785
-4.8,33.3405073344135,34.894795053327,36.650073322691,35.5192768433242
-4.69999999999999,34.4127900535935,35.3285858420418,37.1044211570498,36.7307970048757
-4.59999999999999,35.4713912602852,35.7344517362844,37.5265146283819,37.9252454271784
-4.5,36.5144587847622,36.1119923461334,37.9159623107444,39.1004903989251
-4.39999999999999,37.5402349636846,36.4609194826899,38.2725037561998,40.2545158406164
-4.3,38.5470627160135,36.7810583955716,38.5960107173582,41.3854284665024
-4.19999999999999,39.5333909504654,37.0723484550196,38.8864877188733,42.4914641396857
-4.09999999999999,40.4977792769181,37.334843271954,39.1440719709422,43.5709933871229
-4,41.4389019986715,37.5687102522848,39.3690326213695,44.6225260466492
-3.89999999999999,42.3555513670737,37.774229584802,39.5617693462889,45.6447150236948
-3.8,43.2466400847684,37.9517926649997,39.7228102832099,46.636359141065
-3.69999999999999,44.1112030486343,38.1018999602343,39.8528093136178,47.5964050709527
-3.59999999999999,44.9483983283577,38.2251583246357,39.9525427059057,48.5239483442191
-3.5,45.7575073814773,38.3222777751969,40.0229051329253,49.4182334378794
-3.39999999999999,46.5379345106158,38.3940677434084,40.0649050818912,50.2786529476156
-3.3,47.289205573459,38.4414328196956,40.0796596777443,51.1047458579797
-3.19999999999999,48.0109659608051,38.4653680107209,40.0683889443514,51.8961949287122
-3.09999999999999,48.7029778626678,38.4669535323171,40.0324095310665,52.6528232212266
-3,49.3651168469467,38.4473491634196,39.9731279352007,53.3745897947944
-2.89999999999999,49.9973677795347,38.407788188825,39.8920332538032,54.0615846072371
-2.8,50.5998201189004,38.3495709609349,39.7906895008483,54.7140226599859
-2.69999999999999,51.1726626221375,38.2740581128035,39.6707275284244,55.3322374321586
-2.59999999999999,51.7161775031606,38.182663456815,39.5338365928191,55.9166736527899
-2.5,52.2307340871725,38.0768466051245,39.3817556084766,56.4678794645293
-2.39999999999999,52.7167820086513,37.9581053496277,39.2162641346569,56.9864980359316
-2.3,53.1748440029381,37.8279678406436,39.0391731412359,57.4732586829121
-2.19999999999999,53.6055083439933,37.6879846047044,38.852315601449,57.9289675629802
-2.09999999999999,54.0094209830305,37.5397204428427,38.6575369604772,58.354498008487
-2,54.3872774445211,37.3847462515298,38.4566855296126,58.7507805673137
-1.89999999999999,54.7398145374632,37.224630808959,38.2516028562984,59.1187928211603
-1.8,55.067801940834,37.0609325696688,38.0441141206238,59.4595490528689
-1.69999999999999,55.372033722773,36.8951915105698,37.83601860886,59.774089835022
-1.59999999999999,55.6533198532829,36.7289210712699,37.6290803143474,60.0634716123742
-1.5,55.9124777700748,36.5636002311808,37.425018715492,60.3287563505322
-1.39999999999999,56.1503240566312,36.4006657652551,37.2254997797953,60.5710013226605
-1.3,56.3676662906134,36.2415047193203,37.0321272417412,60.7912491048885
-1.19999999999999,56.565295119414,36.0874471448807,36.8464342009897,60.990517849522
-1.09999999999999,56.743976617944,35.9397591319317,36.6698750856977,61.1697919031367
-1,56.9044449816797,35.7996361767936,36.5038180239042,61.330012834157
-0.899999999999991,57.047395605567,35.668196920227,36.3495376637918,61.4720709316273
-0.799999999999997,57.1734785966293,35.54647728915,36.2082084812876,61.5967972335778
-0.699999999999989,57.2832927650506,35.4354250731495,36.0808986108894,61.7049561396943
-0.599999999999994,57.3773801351349,35.3358949646775,35.9685642328386,61.7972386589467
-0.5,57.4562210139054,35.2486440893564,35.8720445467949,61.874256338445
-0.399999999999991,57.5202296512083,35.1743280502099,35.7920573590435,61.936535915095
-0.299999999999997,57.5697505210754,35.1134975068844,35.7291953069796,61.9845147266566
-0.199999999999989,57.6050552497872,35.0665953080699,35.6839227411997,62.0185369135975
-0.0999999999999943,57.6263402115939,35.0339541923571,35.6565732819952,62.0388504377138
0,57.633724808441,35.0157950697244,35.6473480634205,62.0456049378986
0.0999999999999943,57.6272504453141,35.012225892723,35.6563146744002,62.0388504377138
0.199999999999989,57.6068802080225,35.0232411232676,35.683406802591,62.0185369135975
0.299999999999997,57.5724992453927,35.0487217977331,35.7284245829193,61.9845147266566
0.399999999999991,57.5239158529871,35.0884361898462,35.7910356489224,61.936535915095
0.5,57.4608632506277,35.1420410676482,35.870776881229,61.8742563384451
0.599999999999994,57.3830020412195,35.209083537616,35.9670568437598,61.7972386589467
0.699999999999989,57.2899233336683,35.2890034658793,36.0791588945277,61.7049561396943
0.799999999999997,57.1811525081065,35.3811364633787,36.2062449542847,61.5967972335778
0.899999999999991,57.0561535971966,35.4847174187947,36.3473599127325,61.4720709316273
1,56.9143342530242,35.5988845601503,36.5014366485943,61.3300128341571
1.09999999999999,56.7550512650282,35.7226840231758,36.6673016365576,61.1697919031368
1.19999999999999,56.5776165905904,35.855074901831,36.8436811109701,60.990517849522
1.3,56.3813038563278,35.9949347538259,37.0292077532039,60.7912491048885
1.39999999999999,56.1653552848422,36.1410655315835,37.2224278668324,60.5710013226606
1.5,55.9289889986827,36.2921999068546,37.4218090021871,60.3287563505323
1.59999999999999,55.6714066506087,36.4470079551376,37.6257479895068,60.0634716123743
1.69999999999999,55.3918013269026,36.6041041641979,37.8325793377649,59.7740898350221
1.8,55.0893656685059,36.7620547293126,38.0405839543714,59.4595490528691
1.89999999999999,54.7633001531333,36.9193850964151,38.2479981393148,59.1187928211604
2,54.4128214802881,37.0745877130752,38.4530228059306,58.7507805673139
2.09999999999999,54.0371710002493,37.2261299462394,38.653832879378,58.3544980084871
2.19999999999999,53.6356231276415,37.3724621248648,38.8485868230702,57.9289675629803
2.3,53.2074936801323,37.5120256650347,39.0354362427441,57.4732586829122
2.39999999999999,52.7521480831341,37.6432612348191,39.2125355175799,56.9864980359318
2.5,52.2690093821002,37.7646169160656,39.3780514077797,56.4678794645295
2.59999999999999,51.7575660051224,37.8745563204557,39.5301725882939,55.91667365279
2.69999999999999,51.2173792200154,37.971566617553,39.6671190589453,55.3322374321587
2.8,50.6480902319365,38.0541664331834,39.7871513820263,54.714022659986
2.89999999999999,50.0494268697995,38.1209135773348,39.8885796995444,54.0615846072372
3,49.4212098122996,38.1704125618303,39.9697724836493,53.3745897947946
3.09999999999999,48.76335830725,38.2013218693039,40.0291649753778,52.6528232212267
3.19999999999999,48.0758953411165,38.2123609365019,40.0652672687101,51.8961949287123
3.3,47.3589522191144,38.2023168166053,40.0766719990031,51.1047458579798
3.39999999999999,46.6127725199668,38.1700504871477,40.0620615971678,50.2786529476157
3.5,45.8377153933977,38.1145027721397,40.0202150734537,49.4182334378795
3.59999999999999,45.0342581726249,38.034699849222,39.950014297394,48.5239483442191
3.69999999999999,44.20299827848,37.9297583150237,39.8504497433211,47.5964050709528
3.8,43.3446543963209,37.7988897843952,39.7206256738799,46.6363591410651
3.89999999999999,42.4600669115437,37.6414050017955,39.5597647371154,45.6447150236949
4,41.5501975942566,37.4567174458345,39.3672119559811,44.6225260466492
4.09999999999999,40.6161285284901,37.2443464107762,39.1424380924871,43.570993387123
4.19999999999999,39.6590602861589,37.0039195516886,38.8850423721513,42.4914641396858
4.3,38.6803093508464,36.7351748828636,38.5947545579299,41.3854284665024
4.39999999999999,37.6813048012945,36.4379622221081,38.2714363663505,40.2545158406164
4.5,36.6635842692387,36.112244076502,37.9150822221381,39.1004903989251
4.59999999999999,35.628789190899,35.7580959682278,37.5258193511914,37.9252454271784
4.69999999999999,34.5786593759705,35.3757062020653,37.1039072153122,36.7307970048757
4.8,33.5150269223611,34.965375079111,36.6497362955937,35.5192768433242
4.89999999999999,32.4398095091256,34.5275135642007,36.1638262348164,34.2929243552784
5,31.3550031040584,34.0626414173706,35.6468233525615,33.0540779995044
5.09999999999999,30.2626741261804,33.5713848024757,35.0994975500188,31.80516594826
5.19999999999999,29.1649511068716,33.0544733887689,34.5227386246075,30.5486961300157
5.3,28.0640158966452,32.5127369638327,33.9175520175476,29.287245703752
5.39999999999999,26.9620944674997,31.9471015787105,33.285054020378,28.0234500248188
5.5,25.8614473634081,31.3585852484186,32.6264664691184,26.7599911656036
5.59999999999999,24.7643598538027,30.7482932331974,31.9431109572912,25.4995860571328
5.69999999999999,23.67313184685,30.1174129278907,31.2364026013429,24.2449743201705
5.8,22.5900676209046,29.4672083886972,30.5078433941334,22.9989058564
5.89999999999999,21.5174654337441,28.7990145282222,29.7590151840626,21.7641282718435
6,20.4576070700284,28.1142310112528,28.9915723190937,20.5433742057872
6.09999999999999,19.4127473878967,27.4143158849912,28.2072339963834,19.3393486391443
6.19999999999999,18.3851039256839,26.700778978583,27.4077763594429,18.1547162563703
6.3,17.3768466294498,25.9751751076907,26.5950243857301,16.9920889347834
6.39999999999999,16.3900877613257,25.2390971205621,25.7708436082936,15.8540134344082
6.5,15.4268720476304,24.494168822536,24.9371317155713,14.7429593602722
6.59999999999999,14.4891671242965,23.7420378162194,24.0958100736741,13.6613074674606
6.69999999999999,13.5788543353587,22.984368294643,23.2488152154625,12.6113383771609
6.8,12.6977199381525,22.2228338245784,22.3980903404645,11.595221769449
6.89999999999999,11.8474467664131,21.4591101568648,21.5455768691722,10.6150061156791
7,11.029606399707,20.6948681000634,20.6932060945112,9.67260901006404
7.09999999999999,10.2456518845797,19.9317664930296,19.8428909723057,8.7698081564069
7.19999999999999,9.4969110494641,19.1714453110771,18.9965180913626,7.90823306196663
7.3,8.78458045182514,18.4155189393098,18.1559398623898,7.08935748616625
7.39999999999999,8.10971999219896,17.6655696454266,17.3229669633516,6.31449268728339
7.5,7.47324822577539,16.9231412828657,16.4993610770548,5.58478150544658
7.59999999999999,6.87593839798386,16.1897332535664,15.686827954781,4.90119331522484
7.69999999999999,6.31841522619726,15.4667947578863,14.8870108376209,4.26451987586417
7.8,5.80115244520881,14.7557193573495,14.1014842648705,3.67537210184593
7.89999999999999,5.32447112957598,14.0578398739066,13.3317482964005,3.13417777093346
8,4.88853880130149,13.3744236472926,12.5792231733512,2.64118018128147
8.09999999999999,4.4933693266643,12.7066681698799,11.8452444388338,2.19643776354348
8.19999999999999,4.13882360134302,12.0556971161445,11.1310585375576,1.79982464825
8.3,3.82461101833374,11.4225567815285,10.437818910474,1.45103218309733
8.39999999999999,3.55029170856861,10.8082129430883,9.76658259763723,1.1495713892011
8.5,3.31527953962994,10.2135481518806,9.11830735955579,0.894776339877626
8.59999999999999,3.11884585354947,9.63935946458974,8.49384932436352,0.68580844014822
8.69999999999999,2.96012392041051,9.08635661942671,7.8939611651833,0.52166157994793
8.8,2.83811408036191,8.55516065887102,7.31929080912321,0.401168128998336
8.89999999999999,2.75168954272705,8.0463029993829,6.77038067643299,0.32300573649762
9,2.69960280717486,7.56022494579837,6.24766744548711,0.285704894223936
9.09999999999999,2.68049266843545,7.09727764575805,5.75148233646388,0.287657217364945
9.19999999999999,2.69289176280766,6.65772247720751,5.28205190386339,0.327124393401817
9.3,2.73523461174238,6.24173185977483,4.83949932538246,0.402247745714943
9.39999999999999,2.80586611510723,5.84939047867424,4.42384617213806,0.511058355259914
9.5,2.9030504443628,5.48069690772609,4.03501464282892,0.651487680706231
9.59999999999999,3.02498028381844,5.13556561613066,3.67283024215505,0.821378614852034
9.69999999999999,3.16978636640043,4.81382934179044,3.33702488168454,1.01849691294189
9.8,3.33554724896249,4.51524181226332,3.02724037938684,1.24054292672927
9.89999999999999,3.52029927110793,4.23948079284302,2.74303233223938,1.48516357675248
10,3.72204664077658,3.9861514398195,2.48387433467654,1.74996449433628
10.1,3.93877158947957,3.75478993567497,2.2491625141922,2.03252226429351
10.2,4.16844454004458,3.54486738182186,2.03822035413031,2.3303966991862
10.3,4.4090342300554,3.3557939234999,1.85030377261604,2.64114307630553
10.4,4.65851773483403,3.18692308061643,1.68460642568734,2.96232426924571
10.5,4.91489033481049,3.03755625764366,1.54026520199266,3.29152270706778
10.6,5.17617517344721,2.90694740518106,1.41636587592331,3.62635209556423
10.7,5.44043265352378,2.79430780544656,1.31194888574773,3.96446883703763
10.8,5.70576952152552,2.69881095378218,1.22601520321215,4.30358308727305
10.9,5.97034759210793,2.61959750824132,1.15753226116128,4.64146939100655
11,6.23239206710938,2.55578027946743,1.10543990601366,4.97597684014609
11.1,6.49019940633639,2.50644923337277,1.06865634239348,5.30503870226555
11.2,6.74214471033823,2.47067647957615,1.04608403786726,5.62668147045144
11.3,6.98668857858985,2.44752121915727,1.03661555655637,5.93903328939945
11.4,7.22238340990236,2.43603462602433,1.03913929138346,6.240331716721
11.5,7.44787911544913,2.43526463706626,1.05254506585806,6.52893078269186
11.6,7.66192821851239,2.44426062726258,1.07572957760145,6.80330731613114
11.7,7.86339031889702,2.46207794704572,1.10760165724553,7.06206650871305
11.8,8.0512359038962,2.487782300443,1.14708731790329,7.30394669474946
11.9,8.22454949170812,2.52045394386044,1.19313457208817,7.52782332831553
12,8.3825320972634,2.55919168679739,1.2447179947451,7.73271214448739
12.1,8.5245030145074,2.60311667729086,1.30084301293408,7.91777149639123
12.2,8.64990091326358,2.65137595647025,1.36054990466588,8.08230386469844
12.3,8.75828425285765,2.70314576824647,1.42291749141521,8.22575654110656
12.4,8.84933101868452,2.75763461185404,1.48706651091736,8.34772149219626
12.5,8.92283779182547,2.81408602669894,1.55216265897526,8.44793441481695
12.6,8.9787181656479,2.87178110072788,1.6174192911526,8.52627299880078
12.7,9.0170005270239,2.93004069531636,1.68209977739228,8.5827544173105
12.8,9.0378252233621,2.98822738146024,1.74551950476316,8.61753206946216
12.9,9.04144114004241,3.04574708384045,1.80704752569062,8.63089160400626
13,9.0282017160534,3.10205043110017,1.86610785115463,8.62324625677543
13.1,8.99856042864141,3.15663381241876,1.92218039042899,8.59513153829208
13.2,8.95306578057134,3.20904014217734,1.97480154097824,8.54719931135531
13.3,8.89235582615633,3.25885933617673,2.02356443410964,8.48021130157395
13.4,8.81715227452529,3.30572850448065,2.06811884388793,8.3950320866659
13.5,8.72825421065011,3.34933186750708,2.10817076864956,8.29262161288788
13.6,8.62653147643963,3.38940040346962,2.14348169618981,8.17402728918353
13.7,8.51291775571586,3.42571123667184,2.173867565334,8.04037571152796
13.8,8.38840340811543,3.45808677747288,2.19919743813232,7.89286407150021
13.9,8.25402809789705,3.48639362596642,2.21939189833093,7.73275130431991
14,8.11087326428677,3.51054125254132,2.23442119306267,7.56134903244348
14.1,7.96005448035135,3.5304804695157,2.2443031358635,7.38001236132076
14.2,7.80271374745924,3.54620170895312,2.24910079015016,7.19013058407091
14.3,7.64001177217241,3.55773312257536,2.24891995318802,6.99311785164728
14.4,7.47312027191171,3.56513852037928,2.2439064613309,6.790403864529
14.5,7.30321435496397,3.56851516514188,2.23424333792613,6.58342464111297
14.6,7.13146501935499,3.56799144045858,2.220147805746,6.37361341678826
14.7,6.9590318138105,3.56372441030157,2.2018681861317,6.16239172617044
14.8,6.78705570247786,3.5558972883107,2.17968070721745,5.95116071916827
14.9,6.61665217329561,3.54471683513764,2.15388624364288,5.74129275946122
15,6.44890462789238,3.53041070215737,2.12480701006333,5.5341233516051
15.1,6.28485808868316,3.5132247397414,2.09278323053282,5.3309434403671
15.2,6.12551325642727,3.49342028805733,2.05816980546764,5.13299212304271
15.3,5.97182094893639,3.47127146802357,2.0213329974049,4.94144981244667
15.4,5.8246769488872,3.44706248960844,1.9826471561537,4.75743188501536
15.5,5.6849172858256,3.42108499412746,1.94249150320487,4.58198284503744
15.6,5.55331397446116,3.39363544656259,1.90124699442394,4.41607103245991
15.7,5.43057122826706,3.36501259321184,1.85929327910835,4.2605838980269
15.8,5.31732216423888,3.33551499918046,1.81700577245251,4.11632386572031
15.9,5.21412601144584,3.3054386793542,1.77475285734039,3.98400479860836
16,5.12146583275363,3.27507483555625,1.73289323018394,3.86424908029907
16.1,5.03974676582582,3.24470771159123,1.69177340425628,3.75758532026003
16.2,4.96929478624378,3.21461257682764,1.65172538263861,3.66444668733207
16.3,4.91035599234275,3.18505384787392,1.61306451152174,3.58516987185613
16.4,4.86309640816233,3.15628335676855,1.57608752318288,3.51999467297099
16.5,4.82760229777515,3.12853877294177,1.5410707765089,3.46906420385213
16.6,4.80388098120348,3.10204218502036,1.50826870146617,3.43242570396689
16.7,4.79186213917958,3.07699884734841,1.47791245243479,3.41003194384298
16.8,4.79139959116881,3.05359609489227,1.45020877384147,3.40174320440559
16.9,4.80227352836911,3.03200242899428,1.42533908004896,3.40732980965191
17,4.82419318084391,3.01236677524748,1.40345875000118,3.42647518832048
17.1,4.8567998955495,2.99481791358611,1.38469663568973,3.45877943729168
17.2,4.89967059979659,2.9794640795352,1.36915478210932,3.50376335674204
17.3,4.95232162265021,2.96639273444106,1.35690835501385,3.56087292458125
17.4,5.01421284493181,2.95567050142093,1.34800577148011,3.62948417544114
17.5,5.08475214685269,2.94734326273077,1.3424690270395,3.70890844746956
17.6,5.16330012088447,2.94143641326011,1.34029421195676,3.79839795841965
17.7,5.24917501626792,2.93795526392856,1.34145220812473,3.89715167102326
17.8,5.34165788057909,2.93688558788417,1.34588955701178,4.00432140640229
17.9,5.43999786301626,2.93819430159441,1.35352948814878,4.11901816330781
18,5.54341764354266,2.94183027217977,1.36427309678009,4.24031860028553
18.1,5.65111895172012,2.94772524167184,1.37800065853199,4.36727163744981
18.2,5.76228813899626,2.95579485828464,1.39457306827581,4.49890513440412
18.3,5.87610176835844,2.96593980427314,1.41383338978427,4.63423260097153
18.4,5.99173218564143,2.9780470095178,1.43560850230039,4.7722598977916
18.5,6.10835303736242,2.99199093961981,1.45971082976036,4.91199188449093
18.6,6.22514470075508,3.00763494702049,1.4859401381351,5.05243897403936
18.7,6.34129959267342,3.02483267346871,1.51408538618103,5.19262355305201
18.8,6.45602732522674,3.04342949205339,1.54392661481711,5.33158622917735
18.9,6.56855967738379,3.06326397699315,1.57523686037227,5.4683918683157
19,6.67815535332959,3.08416938942968,1.60778407707216,5.60213538622309
19.1,6.78410450006773,3.10597516760577,1.64133305435564,5.73194726106299
19.2,6.88573295861626,3.12850841001878,1.67564731492514,5.85699873565536
19.3,6.98240622513587,3.15159534042445,1.71049097983843,5.97650668052304
19.4,7.07353310044154,3.17506274392111,1.74563058743833,6.08973809133557
19.5,7.15856900856618,3.19873936376595,1.78083685348643,6.19601419697936
19.6,7.23701896735478,3.22245724906131,1.81588636051246,6.29471415722545
19.7,7.30844019645347,3.24605304399319,1.85056316510763,6.38527833180315
19.8,7.3724443505041,3.26936920990437,1.88466031267068,6.46721110559939
19.9,7.42869936784662,3.29225517213386,1.91798124995609,6.54008325767372
20,7.4769309275521,3.31456838424916,1.95034112666575,6.60353386478573
20.1,7.51692351014309,3.33617530303193,1.9815679782641,6.65727173315841
20.2,7.54852105989016,3.35695226834677,2.01150378317436,6.70107635522832
20.3,7.57162724908765,3.37678628281949,2.0400053885229,6.7347983911417
20.4,7.58620534719333,3.39557568707248,2.06694529963458,6.75835967772964
20.5,7.59227770015104,3.41323072710191,2.09221232953436,6.77175277061366
20.6,7.5899248275888,3.42967401123171,2.11571210577545,6.77504002794213
20.7,7.57928414788184,3.44484085493401,2.13736743298243,6.76835224701885
20.8,7.56054834328089,3.45867951266185,2.15711851056299,6.75188686774363
20.9,7.53396337941458,3.47115129668967,2.17492300609795,6.72590575932542
21,7.49982619547332,3.48223058379683,2.19075598595797,6.6907326091378
21.1,7.45848208325632,3.49190471145198,2.20460970571142,6.64674993485169
21.2,7.41032177500715,3.50017376595791,2.21649326387464,6.59439574308836
21.3,7.35577826156426,3.50705026579161,2.22643212350695,6.53415985977808
21.4,7.29532336380609,3.51255874411796,2.23446750706323,6.46657995917434
21.5,7.2294640816669,3.5167352351642,2.2406556707803,6.39223732005434
21.6,7.15873874613487,3.51962666981035,2.24506706568586,6.31175233902414
21.7,7.08371300061178,3.52129018637574,2.24778539307483,6.22577983203748
21.8,7.00497563881274,3.52179236315909,2.24890656299361,6.13500415622486
21.9,6.92313432700868,3.52120837981645,2.24853756490451,6.04013418491115
22,6.83881123886512,3.51962111513484,2.24679526026669,5.94189816927374
22.1,6.75263863140665,3.51712018917685,2.24380510726361,5.84103852045875
22.2,6.66525439073616,3.51380095813112,2.23969982832807,5.73830654612858
22.3,6.57729757606655,3.5097634705034,2.23461803146184,5.63445717536533
22.4,6.48940399037872,3.5051113935215,2.22870279661692,5.53024370560005
22.5,6.40220180561034,3.49995091880423,2.2221002385984,5.42641260478527
22.6,6.31630726970634,3.49438965645855,2.21495805806357,5.32369840138028
22.7,6.2323205221325,3.48853552682024,2.20742409222982,5.22281869388277
22.8,6.15082154357265,3.4824956590429,2.19964487686393,5.12446931062454
22.9,6.07236626450383,3.47637530566655,2.19176423100928,5.02931964935878
23,5.99748285618349,3.47027678216353,2.183921875717,4.93800822481495
23.1,5.92666822629246,3.46429844026634,2.17625209778307,4.85113845089094
23.2,5.86038474006975,3.45853368363041,2.1688824691591,4.7692746825035
23.3,5.79905718625785,3.45307003407854,2.16193263230175,4.6929385403391
23.4,5.74307000556099,3.44798825631318,2.15551316125843,4.62260553984775
23.5,5.69276479761403,3.44336154857188,2.14972450775781,4.55870204381793
23.6,5.64843812067807,3.43925480624271,2.14465604098671,4.50160255577186
23.7,5.61033959642985,3.43572396495299,2.14038518909405,4.45162736924144
23.8,5.57867033031035,3.4328154291005,2.1369766897729,4.40904058574048
23.9,5.55358165595086,3.43056559121451,2.1344819565363,4.3740485119511
24,5.53517421021862,3.4290004469185,2.13293856652761,4.34679844430581
24.1,5.52349734342708,3.42813530962139,2.13236987489644,4.32737784678626
24.2,5.51854886725105,3.42797462839382,2.1327847599308,4.31581392538816
24.3,5.52027514088671,3.42851191179426,2.1341775022722,4.31207360033342
24.4,5.52857149401056,3.42972975970095,2.13652780065634,4.31606387475945
24.5,5.54328298313197,3.43160000448532,2.13980092572477,4.32763259629358
24.6,5.56420547601204,3.43408396213295,2.14394801254715,4.34656960564232
24.7,5.59108705694663,3.43713279318598,2.14890649158499,4.37260826410205
24.8,5.6236297438948,3.44068797264903,2.1546006569218,4.40542734974167
24.9,5.66149150668417,3.44468186727438,2.16094236968657,4.44465330993168
25,5.70428857385145,3.4490384179251,2.16783189371236,4.48986285590622
25.1,5.75159801408815,3.45367392401185,2.17515885960537,4.54058588315791
25.2,5.80296057676611,3.45849792631345,2.1828033525566,4.59630869968737
25.3,5.85788377462169,3.4634141838284,2.19063711841295,4.65647754246896
25.4,5.91584519038925,3.46832173966585,2.19852488174215,4.7205023609608
25.5,5.97629598799819,3.47311607037664,2.20632576888078,4.78776084508549
25.6,6.0386646078898,3.47769031254831,2.21389482825006,4.85760267384645
25.7,6.10236062507458,3.48193655994819,2.2210846395653,4.92935395962719
25.8,6.16677874774061,3.48574722399713,2.22774700295422,5.00232186225241
25.9,6.23130293354329,3.48901644989647,2.23373469844052,5.07579934607417
26,6.2953106001575,3.49164158031498,2.23890330574526,5.14907005268534
26.1,6.3581769062564,3.49352465817293,2.24311307391215,5.22141326135917
26.2,6.4192790787986,3.49457395973861,2.24623082987538,5.2921089089678
26.3,6.47800076235557,3.49470554898091,2.24813191476389,5.36044264094437
26.4,6.53373636619433,3.49384484390072,2.24870213647284,5.42571086482205
26.5,6.58589538494529,3.49192818539537,2.24783972683533,5.48722577800759
26.6,6.63390666892809,3.48890439909427,2.24545729159409,5.54432034172275
26.7,6.6772226205785,3.48473634054186,2.24148374130535,5.59635317347341
26.8,6.71532329391146,3.47940241409468,2.23586619130474,5.64271333097585
26.9,6.74772037456688,3.47289805594412,2.2285718189288,5.68282496118133
27,6.77396101870937,3.46523717177319,2.21958966631315,5.71615178888469
27.1,6.79363152988731,3.45645351970581,2.20893237728029,5.7422014203769
27.2,6.80636085389304,3.44660202940746,2.1966378570841,5.76052943869659
27.3,6.81182387269964,3.43576004844677,2.18277084409285,5.77074326824503
27.4,6.8097444796734,3.42402850732681,2.16742438286637,5.77250578784469
27.5,6.79989841946797,3.41153299494071,2.15072118851318,5.76553867273564
27.6,6.78211587728856,3.39842473659674,2.13281489269833,5.74962544750681
27.7,6.75628380356563,3.38488146719062,2.11389116220766,5.72461423354243
27.8,6.72234796148809,3.37110819257629,2.09416868155907,5.69042017621818
27.9,6.68031468630997,3.35733783269648,2.07389999178,5.64702753879741
28,6.6302523468506,3.34383174057932,2.05337217814108,5.59449145174385
28.1,6.57229250115218,3.33088009188412,2.0329074003447,5.53293930797695
28.2,6.5066307398279,3.31880214028481,2.01286325940978,5.46257179643565
28.3,6.43352721222291,3.30794633460975,1.99363299626705,5.3836635681789
28.4,6.35330683210949,3.29869029430967,1.97564551787808,5.29656353112515
28.5,6.26635916123914,3.29144064049661,1.95936524751217,5.20169477140901
28.6,6.17313797066993,3.2866326804834,1.94529179665409,5.09955410120237
28.7,6.07416048136811,3.28472994445106,1.93395945686713,4.99071123469776
28.8,5.97000628714324,3.28622357357816,1.92593651079745,4.87580759577811
28.9,5.86131596450519,3.29163155967661,1.92182436237116,4.75555476268603
29,5.74878937552494,3.3014978370904,1.92225648710189,4.63073255675237
29.1,5.63318367123091,3.31639122832293,1.92789720428879,4.50218678393834
29.2,5.51531100447073,3.33690424556202,1.93944027373932,4.37082663957866
29.3,5.39603596251145,3.36365175096533,1.95760732049285,4.23762178828156
29.4,5.27627273093057,3.39726947925021,1.98314609184742,4.10359913243318
29.5,5.1569820015616,3.43841242679701,2.01682855179693,3.96983928416661
29.6,5.03916763839703,3.48775311212061,2.05944881876827,3.83747275698155
29.7,4.92387311641126,3.54597971318918,2.11182095330163,3.70767589443401
29.8,4.81217774924588,3.61379408766733,2.1747766030405,3.58166655445306
29.9,4.70519272259199,3.69190968273206,2.24916251308658,3.46069956887718
30,4.60405695090946,3.78104934165051,2.33583791042621,3.34606199873508
30.1,4.50993277583586,3.88194301481624,2.43567177174637,3.23906820661901
30.2,4.42400152525755,3.99532538341364,2.54953998452631,3.14105476821326
30.3,4.34745895253964,4.12193340431619,2.67832241181464,3.05337524564133
30.4,4.28151057583996,4.26250378522085,2.82289987157659,2.97739484578508
30.5,4.22736693776288,4.41777039937813,2.98415104192351,2.91448498710237
30.6,4.18623880584278,4.58846164959159,3.16294930391157,2.86601779873161
30.7,4.15933233448393,4.77529779143248,3.36015953391988,2.83336057581725
30.8,4.14784420902421,4.9789882258427,3.57663485788797,2.81787021502545
30.9,4.15295679253601,5.20022877148218,3.81321337990777,2.8208876541419
31,4.17583329583031,5.43969892731394,4.07071489782553,2.84373233945791
31.1,4.21761299089135,5.69805913601206,4.34993761861408,2.88769674435869
31.2,4.2794064876422,5.975948058823,4.65165488632544,2.9540409621322
31.3,4.36229109352825,6.27397987251143,4.976611935428,3.04398739552056
31.4,4.46730627491071,6.59274159897603,5.32552268227241,3.15871556494527
31.5,4.59544923868693,6.93279047802993,5.69906656731543,3.29935705665292
31.6,4.74767065190546,7.29465139370648,6.09788546056317,3.46699063125833
31.7,4.92487051642264,7.67881436427275,6.52258064247561,3.66263751230867
31.8,5.127894214861,8.08573210591286,6.97370987230364,3.88725687356281
31.9,5.35752874328035,8.51581767978211,7.45178455550998,4.14174154267928
32,5.61449914506749,8.96944223183287,7.95726702155949,4.42691393794004
32.1,5.89946515959138,9.44693283447262,8.49056792294975,4.74352225351068
32.2,6.21301809816765,9.94857043874207,9.05204376590035,5.0922369075594
32.3,6.55567795882925,10.4745879452901,9.64199458262055,5.47364726633027
32.4,6.92789079031894,11.0251684019823,10.2606617545415,5.8882586559993
32.5,7.33002631460614,11.6004433355069,10.908225995328,6.3364896728409
32.6,7.7623758160939,12.2004912238441,11.584805501883,6.8186698009034
32.7,8.2251503045242,12.8253361159387,12.2904542809206,7.33503734504182
32.8,8.71847895741798,13.4749464043665,13.0251606580272,7.88573768579069
32.9,9.24240784670837,14.149233756221,13.7888459754411,8.47082186118762
33,9.7968989530404,14.8480522068528,14.5813634840772,9.09024547928097
33.1,10.381829470031,15.5711974205002,15.4024974345985,9.74386796368481
33.2,10.9969913996081,16.3184061212269,16.2519623715958,10.4314521331818
33.3,11.6420914383867,17.0893556969623,17.1294026341885,11.1526641150293
33.4,12.3167511538949,17.8836639788055,18.0343920655988,11.9070735903004
33.5,13.0205074483398,18.7008891971171,18.9664339334878,12.6941543682946
33.6,13.7528133065061,19.540530115281,19.9249610620758,13.5132852857854
33.7,14.5130388233159,20.4020263413841,20.9093361763043,14.3637514256502
33.8,15.3004725055428,21.2847588174186,21.9188524575338,15.2447456482343
33.9,16.1143228411836,22.1880504849866,22.9527343095235,16.1553704276679
34,16.9537201290385,23.1111671258615,24.0101383326871,17.0946399842608
34.1,17.8177185601406,24.0533183751475,25.0901545038955,18.0614827030667
34.2,18.7052985418249,25.0136589041828,26.1918075583808,19.0547438277299
34.3,19.6153692544101,25.9912897697393,27.3140585695939,20.073188417808
34.4,20.5467714297204,26.9852599255163,28.4558067222036,21.1155045569131
34.5,21.4982803399712,27.9945678913649,29.6158912727615,22.1803067982225
34.6,22.4686089849031,29.0181635751615,30.7930936919403,23.2661398331882
34.7,23.4564114644656,30.0549502417399,31.9861399816478,24.3714823686265
34.8,24.4602865238281,31.1037866228136,33.1937031597554,25.494751196783
34.9,25.4787812570397,32.1634891613668,34.4144059046398,26.6343054424629
35,26.5103949552507,33.2328343835641,35.6468233512341,27.7884509708769
35.1,27.5535830850821,34.3105613908364,36.8894860298166,28.9554449394905
35.2,28.6067613824453,35.3953744644293,38.1408829383327,30.133500476872
35.3,29.668310046907,36.4859457743675,39.3994647386481,31.320791471315
35.4,30.7365780215415,37.5809181844837,40.6636470667802,32.5154574518663
35.5,31.8098873431204,38.6789081448902,41.9318139468307,33.7156085443086
35.6,32.8865375474649,39.7785086630334,43.2023212980699,34.9193304846475
35.7,33.964810114808,40.8782923442679,44.4735005243847,36.1246896727059
35.8,35.0429729401069,41.9768144927159,45.7436621751032,37.3297382485629
35.9,36.1192848133848,43.0726162630459,47.0110996660602,38.532519174762
36,37.1919998953783,44.1642278536981,48.2740930496449,39.7310713074707
36.1,38.2593721740158,45.2501717320225,49.530912822505,40.9234344400843
36.2,39.3196598875527,46.3289658817582,50.7798237595466,42.107654303141
36.3,40.371129900533,47.3991270632864,52.0190887628714,43.2817875048377
36.4,41.4120620191396,48.4591740771215,53.2469727143454,44.4439063969143
36.5,42.4407532329325,49.5076310211728,54.4617463205752,45.5921038511997
36.6,43.455521870444,50.5430305324044,55.6616899391854,46.7244979326793
36.7,44.4547116566156,51.5639170036528,56.8450973754581,47.8392364555581
36.8,45.4366956606037,52.5688497665204,58.0102796385812,48.9345014094426
36.9,46.3998801230611,53.5564062314496,59.1555686469871,50.0085132434469
37,47.342708152605,54.5251849762972,60.2793208725203,51.059534996746
37.1,48.2636632818114,55.4738087749771,61.3799209134653,52.0858762648404
37.2,49.1612728737328,56.4009275579986,62.4557849867933,53.0858969915629
37.3,50.0341113706009,57.3052212970247,63.5053643303268,54.0580110776459
37.4,50.8808033770729,58.1854028058893,64.5271485059092,55.0006897974703
37.5,51.70002657107,59.040220450844,65.5196685950594,55.9124650164337
37.6,52.4905144359767,59.8684607631622,66.4815002790185,56.7919322022017
37.7,53.2510588086806,60.6689509476009,67.411266795542,57.6377532239378
37.8,53.9805122386564,61.440561280608,68.3076417652503,58.4486589344408
37.9,54.6777901540198,62.1822073925669,69.1693518808365,59.2234515309563
38,55.3418728311968,62.8928524287894,69.9951794529214,59.9610066912532
38.1,55.9718071655716,63.5715090843887,70.7839648068567,60.6602754823831
38.2,56.5667082411837,64.2172415086093,71.5346085252952,61.3202860403521
38.3,57.1257606982452,64.8291670746302,72.2460735318765,61.9401450197322
38.4,57.6482198979362,65.4064580113123,72.9173870119112,62.5190388130267
38.5,58.1334128846112,65.9483428938122,73.5476421664854,63.0562345403676
38.6,58.5807391462031,66.4541079904512,74.1359997969533,63.5510808108677
38.7,58.9896711742509,66.9230984636769,74.6816897173248,64.0030082576732
38.8,59.3597548255972,67.3547194234237,75.1840119926046,64.4115298494582
38.9,59.6906094883919,67.748436831633,75.6423380016708,64.7762409817722
39,59.9819280556154,68.1037782571424,76.0561113238275,65.096819352292
39.1,60.2334767098784,68.4203334806103,76.424848448683,65.3730246246402
39.2,60.4450945237741,68.6977549495802,76.7481393095391,65.6046978860079
39.3,60.6166928805518,68.9357580842217,77.0256476409765,65.7917609043664
39.4,60.7482547203452,69.1341214347147,77.2571111618338,65.9342151915615
39.5,60.8398336176167,69.2926866916574,77.4423415852548,66.0321408790569
39.6,60.8915526958866,69.4113585512775,77.5812244579609,66.0856954135347
39.7,60.9036033861851,69.4901044376251,77.6737188313593,66.0951120799601
39.8,60.8762440360008,69.5289540842935,77.7198567675423,66.0606983600825
39.9,60.8097983758154,69.527998978584,77.719742683655,65.9828341346725
40,60.7046538505792,69.4873916713723,77.6735525385184,65.8619697380829
40.1,60.5612598237316,69.4073449562657,77.5815328657756,65.6986238739734
40.2,60.3801256615797,69.2881309219548,77.4439996581992,65.4933814012544
40.3,60.1618187060229,69.1300798819549,77.2613371081388,65.2468909994797
40.4,59.9069621437638,68.9335791862115,77.0339962094116,64.9598627230619
40.5,59.6162327802559,68.6990719193013,76.7624932262379,64.6330654537859
40.6,59.290358726725,68.4270554901954,76.4474080350991,64.2673242611666
40.7,58.9301170086544,68.1180801187738,76.0893823456516,63.8635176802326
40.8,58.5363311041495,67.7727472244742,75.6891178070551,63.4225749163159
40.9,58.1098684205917,67.3917077226393,75.2473740062831,62.9454729864003
41,57.6516377179593,66.9756602342808,74.7649663651626,62.4332338065149
41.1,57.1625864871371,66.5253492151185,74.2427639430465,61.8869212345686
41.2,56.643698291446,66.0415630098656,73.6816871521578,61.3076380778995
41.3,56.0959900795201,65.5251318378315,73.0827053927507,60.6965230746622
41.4,55.5205094775222,64.976925715985,72.4468346153208,60.0547478580041
41.5,54.9183320685327,64.3978523256798,71.7751348171578,59.3835139117771
41.6,54.2905586667749,63.7888548292783,71.0687074805734,58.6840495263132
41.7,53.6383125941357,63.1509096429283,70.3286929601506,57.9576067625434
41.8,52.9627369662345,62.4850241717426,69.5562678263599,57.2054584324786
41.9,52.2649919950533,61.792234513613,68.7526421728518,56.4288951037851
42,51.5462523149,61.0736031378505,67.9190568946949,55.62922213589
42.1,50.8077043382078,60.330216544787,67.0567809447524,54.8077567547344
42.2,50.0505436474064,59.5631829124022,66.1671085753055,53.9658251729683
42.3,49.2759724288069,58.7736297359491,65.251356571923,53.104759762036
42.4,48.4851969541504,57.9627014664458,64.3108614864485,52.2258962822541
42.5,47.6794251151606,57.1315571537865,63.3469768758386,51.330571176624
42.6,46.8598640161313,56.2813681000829,62.3610705534202,50.4201189337536
42.7,46.0277176292575,55.4133155287108,61.3545218589641,49.495869524894
42.8,45.1841845170956,54.5285882743667,60.328718953783,48.559145919718
42.9,44.3304556262103,53.6283804992778,59.2850561468564,47.6112616850925
43,43.467712155736,52.7138894405187,58.2249312577719,46.6535186707129
43.1,42.5971235042488,51.7863131932041,57.1497430220465,45.6872047850955
43.2,41.7198452980138,50.8468485341183,56.0608885441503,44.7135918650364
43.3,40.8370175033445,49.8966887901391,54.9597608033136,43.7339336412817
43.4,39.9497626254808,48.937021755595,53.8477462169383,42.749463802774
43.5,39.0591839960693,47.969027662468,52.7262222661745,41.7613941614782
43.6,38.1663641510096,46.9938772071318,51.5965551879532,40.7709129194325
43.7,37.2723633001165,46.0127296370775,50.460097737492,39.7791830393137
43.8,36.3782178897372,45.0267309008399,49.3181870250106,38.7873407194655
43.9,35.4849392591623,44.0370118641001,48.1721424301096,37.7964939740021
44,34.5935123913773,43.0446865946957,47.0232635969845,36.8077213182765
44.1,33.7048947584127,42.0508507190234,45.872828513355,35.8220705596867
44.2,32.8200152612774,41.0565798520753,44.7220916757074,34.8405576934907
44.3,31.9397732641906,40.0629281031046,43.5722823431558,33.8641659030139
44.4,31.0650377225757,39.0709266586709,42.4246028819464,32.8938446633484
44.5,30.1966464040281,38.0815824445716,41.2802272023405,31.9305089473846
44.6,29.3354052012398,37.0958768679272,40.1402992893347,30.9750385327596
44.7,28.4820875356369,36.1147646404479,39.005931828394,30.0282774080718
44.8,27.6374338502792,35.1391726836755,37.8782049271067,29.0910332764872
44.9,26.8021511903654,34.1699991167629,36.7581649333915,28.1640771546497
45,25.9769128695099,33.2081123271288,35.646823350634,27.2481430646203
45.1,25.1623582197729,32.2543501241042,34.5451558498647,26.3439278163794
45.2,24.3590924232733,31.3095189754721,33.4541013788474,25.4520908782731
45.3,23.5676864230568,30.3743933265923,32.3745613676968,24.5732543326199
45.4,22.7886769107611,29.4497150016038,31.3073990304161,23.7080029135685
45.5,22.0225663884921,28.5361926859981,30.2534387615123,22.856884124168
45.6,21.2698233022158,27.634501489673,29.2134656266356,22.0204084295078
45.7,20.5308822438713,26.745282589394,28.1882249459731,21.1990495226877
45.8,19.8061442193226,25.8691429494204,27.178421968936,20.3932446603008
45.9,19.0959769791927,25.0066551188879,26.1847216384812,19.6033950640427
46,18.4007154095598,24.1583571043855,25.2077484432349,18.8298663850082
46.1,17.7206619794453,23.3247523160189,24.2480863554155,18.0729892271967
46.2,17.0560872419807,22.5063095851137,23.3062788523906,17.333059726715
46.3,16.4072303861143,21.703463251586,22.3828290195606,16.6103401831578
46.4,15.7742998356955,20.9166133188846,21.4781997321161,15.9050597396293
46.5,15.1574738927694,20.146125674305,20.5928139130987,15.2174151078884
46.6,14.5569014219145,19.3923323723691,19.7270548650692,14.5475713351061
46.7,13.9727025724654,18.6555319788763,18.8812666725891,13.8956626087576
46.8,13.4049695354845,17.9359899731498,18.0557546726233,13.2617930962033
46.9,12.8537673323712,17.2339392059268,17.2507859898886,12.6460378155607
47,12.3191346320383,16.549580410279,16.4665901340989,12.0484435345228
47.1,11.8010845936218,15.883082762894,15.7033596559963,11.4690296938386
47.2,11.2996057317499,15.2345844930035,14.9612508590033,10.9077893522426
47.3,10.8146628014476,14.6041935362061,14.2403845632904,10.3646901496952
47.4,10.3461976998191,13.9919882304023,13.540846919018,9.83967528587703
47.5,9.89413038172351,13.3980180510418,12.8626902654927,9.33266451097031
47.6,9.45835978672838,12.8223043828691,12.2059340329602,8.84355512585181
47.7,9.03876477470956,12.2648413253485,11.5705656837561,8.37222298891969
47.8,8.63520506754946,11.7255965289551,10.9565416895388,7.91852352688007
47.9,8.24752219447175,11.2045120595268,10.3637885413418,7.48229274692195
48,7.87554043864474,10.7015052878916,9.79220378920349,7.06334824781991
48.1,7.5190677827784,10.2164698020077,9.24165710816427,6.66149022761376
48.2,7.17789685153791,9.74927633888826,8.71199138745336,6.27650248562771
48.3,6.85180584869594,9.29977373361496,8.20302383973576,5.90815341670694
48.4,6.54055948704653,8.86778988279339,7.71454712733742,5.55619699566428
48.5,6.24390990920597,8.45313271984799,7.24633050242528,5.22037375004728
48.6,5.96159759752998,8.05559119961122,6.79812095818231,4.90041171945267
48.7,5.69335227147947,7.67493628971864,6.36964438808491,4.59602739973143
48.8,5.43889377087269,7.31092196638776,5.96060675046678,4.30692667054549
48.9,5.19793292356404,6.96328621222355,5.57069523562908,4.0328057048505
49,4.97017239619524,6.63175201376817,5.19957943284346,3.77335185899558
49.1,4.75530752676661,6.31602835658667,4.84691249468053,3.52824454224283
49.2,4.55302713787785,6.0158112157585,4.51233229618678,3.29715606461981
49.3,4.36301432958956,5.73078453972821,4.19546258653058,3.07975246212896
49.4,4.18494725095473,5.4606212255511,3.89591413083201,2.87569429844272
49.5,4.0184998493673,5.20498408365708,3.6132858399941,2.68463744231839
49.6,3.86334259697039,4.96352679034437,3.3471658864543,2.50623382006787
49.7,3.71914319345938,4.7358948263041,3.0971328038791,2.34013214251522
49.8,3.58556724470651,4.52172639956919,2.86275656893121,2.18597860597113
49.9,3.46227891672104,4.32065335137222,2.64359966334471,2.0434175668442
50,3.34894156454506,4.13230204349069,2.43921811465168,1.91209218959813
50.1,3.24521833576739,3.95629422575165,2.24916251401181,1.79164506784854
50.2,3.15077274841776,3.79224788246077,2.07297900970486,1.68171881847434
50.3,3.0652692430797,3.63977805661493,1.91021027495361,1.58195664869581
50.4,2.98837370913445,3.49849765085072,1.76039644885314,1.49200289614589
50.5,2.91975398511775,3.3680182041729,1.62307604928857,1.41150354203008
50.6,2.8590803332387,3.24795064359994,1.49778685682996,1.3401066975371
50.7,2.80602588817306,3.13790600995317,1.38406676869736,1.27746306372388
50.8,2.7602670803035,3.03749615710631,1.28145462199244,1.22322636515716
50.9,2.72148403363616,2.94633442409956,1.18949098549458,1.17705375764756
51,2.68936093867589,2.86403627960874,1.10771891941869,1.13860621046311
51.1,2.66358640059284,2.79021993834479,1.03568470263001,1.10754886345514
51.2,2.643853763059,2.72450694904063,0.972938526905698,1.0835513595728
51.3,2.62986140817714,2.66652275376324,0.919035157925998,1.06628815328111
51.4,2.62131303296369,2.61589721836656,0.873534562767942,1.05543879543325
51.5,2.61791790288429,2.57226513397621,0.83600250376136,1.05068819517949
51.6,2.61939108297357,2.53526668947033,0.806011098651801,1.05172685952368
51.7,2.62545364710109,2.50454791499096,0.78313934709585,1.05825111116333
51.8,2.63583286597259,2.47976109658821,0.766973623592866,1.06996328527081
51.9,2.65026237447931,2.46056516216428,0.757108137031827,1.08657190589233
52,2.66848231902971,2.44662603894626,0.753145357103756,1.1077918426563
52.1,2.69023948551583,2.43761698277583,0.754696407898566,1.13334444849588
52.2,2.71528740858237,2.43321887955998,0.761381429069796,1.16295767909987
52.3,2.74338646287906,2.43312051927988,0.772829905012396,1.19636619481367
52.4,2.77430393698741,2.43701884300519,0.788680962556414,1.23331144571618
52.5,2.80781409072074,2.44461916340783,0.808583637734007,1.27354174060099
52.6,2.84369819650177,2.45563535931329,0.832197112228032,1.31681230058993
52.7,2.88174456552543,2.46979004486844,0.859190920157919,1.36288529810469
52.8,2.92174855941551,2.48681471394229,0.889245125902396,1.41152988191812
52.9,2.96351258808285,2.50644986041127,0.922050473698958,1.46252218900005
53,3.00684609449025,2.52844507501198,0.95730850979731,1.51564534386524
53.1,3.05156552702419,2.5525591194735,0.994731677977143,1.57068944612065
53.2,3.09749430016735,2.57855997866675,1.03404338927106,1.62745154689852
53.3,3.1444627441583,2.60622489153177,1.07497806676057,1.68573561484919
53.4,3.19230804431475,2.63534036156368,1.1172811663364,1.74535249235347
53.5,3.24087417068677,2.66570214765538,1.16070917433502,1.80611984259985
53.6,3.29001179869365,2.69711523610995,1.205029582981,1.86786208815557
53.7,3.33957822138573,2.72939379464755,1.25002084457875,1.93041034164393
53.8,3.38943725395784,2.76236110924114,1.29547230540907,1.9936023291223
53.9,3.43945913112593,2.79584950462227,1.3411841202944,2.0572823067373
54,3.48952039796295,2.82970024930295,1.38696714880263,2.12130097121443
54.1,3.53950379477283,2.86376344596167,1.43264283406259,2.18551536472014
54.2,3.58929813656443,2.897897908042,1.47804306516505,2.24978877461454
54.3,3.63879818766931,2.93197102340968,1.52301002412144,2.31399062859289
54.4,3.68790453202869,2.96585860591063,1.56739601834822,2.37799638569369
54.5,3.73652343965632,2.99944473566563,1.61106329963878,2.44168742363079
54.6,3.78456672976509,3.03262158893007,1.65388387057652,2.50495092288663
54.7,3.83195163102523,3.06528925833719,1.69573927933169,2.56767974798297
54.8,3.87860063940311,3.09735556433209,1.7365204037732,2.62977232632548
54.9,3.92444137400986,3.12873585859104,1.77612722581188,2.69113252499816
55,3.96940643136914,3.15935282020619,1.81446859687615,2.75166952586378
55.1,4.01343323849407,3.18913624540025,1.85146199540402,2.81129769930666
55.2,4.05646390514379,3.21802283151894,1.88703327721625,2.86993647693482
55.3,4.0984450756105,3.24595595603065,1.92111641961559,2.92751022353972
55.4,4.13932778036886,3.27288545124407,1.95365326003591,2.98394810859274
55.5,4.17906728790067,3.29876737543432,1.98459323004244,3.03918397754014
55.6,4.2176229569889,3.32356378104711,2.01389308546108,3.09315622313979
55.7,4.25495808975687,3.34724248062886,2.04151663339025,3.14580765706648
55.8,4.29103978571055,3.36977681110839,2.06743445682404,3.19708538199555
55.9,4.32583879702378,3.39114539703276,2.09162363758907,3.24694066435872
56,4.35932938528984,3.41133191333629,2.11406747827174,3.29532880795073
56.1,4.39148917994529,3.43032484819798,2.134755223785,3.34220902854989
56.2,4.42229903855591,3.44811726651822,2.15368178319685,3.38754432970206
56.3,4.45174290913925,3.46470657452125,2.17084745241511,3.4313013798036
56.4,4.47980769468204,3.4800942859649,2.18625763829484,3.47345039060546
56.5,4.50648311999702,3.49428579041468,2.19992258470716,3.51396499724892
56.6,4.53176160104848,3.50729012401379,2.21185710107953,3.55282213993068
56.7,4.55563811686299,3.51911974315658,2.22208029389021,3.59000194728489
56.8,4.57811008412785,3.52979030144737,2.23061530157063,3.62548762155799
56.9,4.59917723456779,3.53932043030238,2.23748903324231,3.65926532564326
57,4.61884149517802,3.54773152352811,2.24273191168664,3.69132407203191
57.1,4.63710687138046,3.55504752618493,2.24637762091889,3.72165561372907
57.2,4.65397933315888,3.56129472802112,2.24846285871021,3.75025433717476
57.3,4.66946670421838,3.5665015617391,2.24902709437499,3.77711715720216
57.4,4.68357855420478,3.57069840633186,2.24811233211446,3.80224341405859
57.5,4.69632609401035,3.57391739570601,2.2457628801818,3.82563477250794
57.6,4.70772207418306,3.5761922327844,2.24202512610815,3.84729512302701
57.7,4.71778068644907,3.57755800926062,2.23694731820509,3.86723048510322
57.8,4.72651746834979,3.57805103115594,2.23057935353405,3.88544891263544
57.9,4.7339492109879,3.57770865030896,2.22297257251022,3.90196040143545
58,4.74009386987008,3.57656910190809,2.21417956028551,3.91677679882335
58.1,4.74497047882787,3.57467134815806,2.20425395503301,3.92991171530635
58.2,4.7485990669923,3.57205492815227,2.19325026323363,3.94138043832694
58.3,4.7510005787926,3.56875981400579,2.18122368204566,3.95119984806387
58.4,4.75219679694472,3.56482627328537,2.1682299288171,3.95938833526621
58.5,4.75221026839032,3.56029473775737,2.15432507778239,3.96596572109898
58.6,4.75106423314366,3.55520567845748,2.13956540396595,3.97095317897642
58.7,4.74878255599945,3.54959948707203,2.12400723429813,3.97437315835781
58.8,4.74538966105189,3.54351636360512,2.1077068059318,3.97624931047878
58.9,4.74091046897207,3.53699621029316,2.09072013173214,3.97660641599066
59,4.7353703369884,3.5300785317144,2.07310287289706,3.97547031447872
59.1,4.72879500151231,3.52280234102955,2.05491021865114,3.97286783583011
59.2,4.72121052334993,3.51520607227753,2.03619677294267,3.96882673342165
59.3,4.71264323543827,3.50732749863985,2.01701644806048,3.96337561909719
59.4,4.70311969304371,3.49920365657689,1.9974223650754,3.95654389990434
59.5,4.6926666263589,3.49087077572983,1.9774667610001,3.94836171656032
59.6,4.6813108954338,3.48236421447368,1.95720090255051,3.93885988361702
59.7,4.66907944737571,3.47371840099836,1.93667500638268,3.92806983129513
59.8,4.65599927575289,3.46496677978766,1.91593816566998,3.91602354895848
59.9,4.64209738213602,3.45614176335951,1.89503828287746,3.90275353019918
60,4.62740073971187,3.44727468912429,1.87402200858282,3.88829271950555
60.1,4.61193625890383,3.43839578121332,1.85293468618697,3.87267446048505
60.2,4.59573075493392,3.42953411712424,1.83182030235084,3.85593244561507
60.3,4.57881091726162,3.42071759902625,1.81072144299036,3.83810066749529
60.4,4.5612032808357,3.4119729295643,1.78967925465636,3.81921337157612
60.5,4.54293419909517,3.4033255919986,1.76873341112246,3.79930501033818
60.6,4.5240298186575,3.39479983451297,1.74792208500083,3.77841019889897
60.7,4.50451605563189,3.38641865852397,1.72728192420236,3.7565636720233
60.8,4.48441857349749,3.37820381082102,1.70684803305621,3.73380024251506
60.9,4.46376276248694,3.37017577936689,1.68665395790167,3.7101547609686
61,4.4425737204169,3.36235379258744,1.66673167696415,3.68566207685855
61.1,4.42087623490873,3.3547558219794,1.6471115943268,3.66035700094812
61.2,4.39869476694343,3.34739858786529,1.62782253780875,3.634274268996
61.3,4.3760534356963,3.34029756812539,1.60889176056138,3.60744850674307
61.4,4.35297600459858,3.33346700973807,1.59034494619505,3.57991419616066
61.5,4.32948586857403,3.32691994296054,1.57220621724953,3.55170564294264
61.6,4.30560604240048,3.32066819798501,1.55449814682289,3.52285694522415
61.7,4.28135915014722,3.31472242390623,1.53724177317604,3.4934019635103
61.8,4.25676741564109,3.30909210983989,1.52045661713164,3.46337429179886
61.9,4.23185265391512,3.30378560803328,1.50416070208926,3.4328072298808
62,4.20663626359517,3.29881015881295,1.48837057648126,3.40173375680371
62.1,4.18113922018159,3.29417191721734,1.47310133849679,3.37018650548259
62.2,4.15538207018401,3.28987598116565,1.45836666290547,3.33819773844351
62.3,4.12938492606918,3.28592642101778,1.44417882981484,3.30579932468544
62.4,4.10316746198271,3.28232631038426,1.43054875520062,3.27302271764574
62.5,4.07674891020743,3.27907775804854,1.41748602305173,3.23989893425526
62.6,4.05014805832186,3.27618194086877,1.40499891897748,3.20645853506861
62.7,4.0233832470242,3.27363913752964,1.39309446512732,3.17273160545563
62.8,3.99647236858811,3.27144876301994,1.38177845627927,3.13874773783995
62.9,3.96943286591782,3.26960940371526,1.37105549695686,3.10453601497031
63,3.94228173217174,3.26811885295021,1.36092903943951,3.07012499421054
63.1,3.91503551092435,3.26697414696872,1.35140142253606,3.03554269283388
63.2,3.88771029683793,3.26617160114602,1.34247391099595,3.00081657430712
63.3,3.86032173681621,3.26570684637987,1.33414673543724,2.96597353554988
63.4,3.83288503161366,3.26557486555403,1.32641913267604,2.93103989515435
63.5,3.80541493787469,3.26577002998094,1.31928938634644,2.89604138255029
63.6,3.77792577057875,3.26628613573559,1.31275486770533,2.86100312810021
63.7,3.75043140586724,3.26711643979707,1.30681207652103,2.8259496541089
63.8,3.72294528423041,3.26825369591902,1.30145668195029,2.79090486673186
63.9,3.69548041403213,3.26969019015443,1.29668356331233,2.75589204876626
64,3.66804937535223,3.27141777596521,1.29248685067404,2.72093385330815
64.1,3.6406643241262,3.27342790885095,1.28885996516513,2.68605229825928
64.2,3.61333699656356,3.27571168043617,1.28579565894663,2.65126876166628
64.3,3.5860787138265,3.2782598519591,1.28328605476122,2.61660397787528
64.4,3.55890038695116,3.28106288710985,1.28132268499793,2.58207803448383
64.5,3.53181252199515,3.28411098416952,1.27989653020908,2.54771037007262
64.6,3.50482522539482,3.28739410740631,1.27899805702092,2.51351977269836
64.7,3.47794820951722,3.29090201768806,1.27861725538464,2.4795243791295
64.8,3.45119079839166,3.29462430227522,1.27874367511786,2.44574167480576
64.9,3.42456193360694,3.29855040376147,1.2793664616918,2.4121884945023
65,3.39807018036055,3.30266964813297,1.28047439122236,2.37888102367923
65.1,3.37172373364675,3.30697127192111,1.28205590462824,2.34583480049655
65.2,3.34553042457115,3.31144444842637,1.28409914092226,2.31306471847468
65.3,3.31949772677972,3.31607831299506,1.28659196960641,2.28058502978047
65.4,3.29363276299058,3.32086198733285,1.28952202214409,2.24840934911794
65.5,3.26794231161785,3.32578460284333,1.29287672248702,2.21655065820366
65.6,3.24243281347663,3.3308353229813,1.29664331663727,2.1850213108056
65.7,3.21711037855903,3.33600336461473,1.3008089012281,2.15383303832458
65.8,3.19198079287163,3.34127801839089,1.30536045111059,2.12299695589753
65.9,3.16704952532468,3.34664866810537,1.31028484593556,2.09252356900101
66,3.14232173466435,3.35210480907493,1.31556889572354,2.0624227805341
66.1,3.11780227643918,3.35763606551724,1.32119936541788,2.03270389835911
66.2,3.09349570999245,3.36323220694321,1.32716299841878,2.00337564327891
66.3,3.06940630547264,3.36888316356908,1.33344653909838,1.97444615742952
66.4,3.04553805085402,3.37457904075794,1.34003675429948,1.94592301306652
66.5,3.02189465896045,3.38031013250176,1.34692045382216,1.91781322172424
66.6,2.99847957448499,3.38606693395687,1.35408450990555,1.89012324372626
66.7,2.97529598099865,3.39184015304745,1.36151587571249,1.8628589980263
66.8,2.95234680794194,3.3976207211529,1.36920160282813,1.83602587235835
66.9,2.92963473759278,3.40339980289655,1.37712885778409,1.80962873367536
67,2.90716221200505,3.40916880505409,1.38528493762174,1.78367193885566
67.1,2.88493143991182,3.41491938460158,1.39365728450976,1.75815934565667
67.2,2.86294440358799,3.42064345592372,1.40223349943211,1.73309432389571
67.3,2.84120286566711,3.42633319720398,1.41100135496402,1.70847976683775
67.4,2.81970837590725,3.43198105601915,1.41994880715468,1.68431810277048
67.5,2.7984622779013,3.43757975416157,1.42906400653614,1.66061130674708
67.6,2.7774657157271,3.44312229171289,1.43833530827915,1.63736091247768
67.7,2.75671964053307,3.44860195039365,1.4477512815171,1.61456802435046
67.8,2.73622481705519,3.45401229621391,1.45730071786033,1.59223332956419
67.9,2.71598183006154,3.45934718144996,1.46697263912346,1.57035711035369
68,2.69599109072055,3.46460074597275,1.47675630428896,1.54893925629089
68.1,2.67625284288948,3.46976741795398,1.48664121573059,1.52797927664375
68.2,2.65676716931989,3.47484191397579,1.49661712472116,1.50747631277634
68.3,2.63753399777694,3.47981923857022,1.5066740362486,1.48742915057362
68.4,2.61855310706948,3.48469468321435,1.51680221316512,1.46783623287452
68.5,2.59982413298827,3.48946382480752,1.52699217969442,1.44869567189811
68.6,2.58134657414985,3.49412252365643,1.53723472432165,1.43000526164753
68.7,2.56311979774332,3.49866692099395,1.54752090209104,1.4117624902769
68.8,2.54514304517827,3.50309343605746,1.55784203633631,1.39396455240728
68.9,2.52741543763138,3.50739876275192,1.56818971986844,1.37660836137779
69,2.50993598149004,3.51157986592292,1.57855581564564,1.35969056141881
69.1,2.49270357369124,3.51563397726444,1.5889324569501,1.34320753973447
69.2,2.47571700695405,3.51955859088568,1.59931204709552,1.3271554384824
69.3,2.45897497490446,3.52335145856092,1.60968725868981,1.31153016663903
69.4,2.44247607709117,3.52701058468601,1.62005103247631,1.29632741173916
69.5,2.42621882389127,3.53053422096448,1.63039657577719,1.28154265147941
69.6,2.41020164130502,3.53392086084583,1.64071736056183,1.26717116517536
69.7,2.39442287563863,3.53716923373792,1.65100712116265,1.25320804506275
69.8,2.37888079807469,3.54027829901511,1.66125985166088,1.23964820743375
69.9,2.36357360912953,3.54324723984286,1.67146980296354,1.22648640359974
70,2.34849944299711,3.54607545683894,1.68163147959282,1.21371723067257
70.1,2.33365637177941,3.54876256159132,1.69173963620895,1.20133514215686
70.2,2.31904240960294,3.55130837005135,1.70178927388604,1.18933445834622
70.3,2.30465551662156,3.55371289582094,1.71177563616094,1.17770937651698
70.4,2.29049360290554,3.55597634335125,1.72169420487394,1.16645398091338
70.5,2.2765545322174,3.55809910107031,1.7315406958198,1.15556225251878
70.6,2.2628361256746,3.56008173445562,1.74131105422686,1.14502807860772
70.7,2.24933616529971,3.56192497906794,1.75100145008174,1.13484526207446
70.8,2.23605239745857,3.56362973356104,1.76060827331592,1.12500753053367
70.9,2.22298253618722,3.56519705268212,1.7701281288707,1.1155085451899
71,2.21012426640836,3.56662814027663,1.77955783165574,1.10634190947253
71.1,2.19747524703799,3.56792434231049,1.78889440141591,1.09750117743326
71.2,2.18503311398364,3.56908713992242,1.7981350575211,1.08897986190419
71.3,2.17279548303493,3.57011814251816,1.80727721369236,1.08077144241437
71.4,2.16075995264762,3.57101908091764,1.81631847267739,1.07286937286318
71.5,2.14892410662257,3.57179180056579,1.82525662088795,1.06526708894981
71.6,2.13728551668075,3.57243825481694,1.83408962301111,1.05795801535775
71.7,2.12584174493578,3.57296049830209,1.84281561660544,1.05093557269419
71.8,2.11459034626534,3.57336068038763,1.85143290669284,1.04419318418406
71.9,2.10352887058308,3.57364103873401,1.85993996035641,1.03772428211945
72,2.09265486501259,3.57380389296143,1.86833540135366,1.03152231406464
72.1,2.08196587596491,3.57385163842981,1.87661800475405,1.02558074881804
72.2,2.07145945112158,3.57378674013947,1.88478669160967,1.01989308213225
72.3,2.06113314132461,3.57361172675822,1.89284052366667,1.01445284219382
72.4,2.05098450237541,3.57332918478032,1.90077869812502,1.00925359486452
72.5,2.04101109674442,3.57294175282217,1.90860054245359,1.00428894868642
72.6,2.0312104951933,3.57245211605901,1.91630550926695,0.999552559653044
72.7,2.02158027831152,3.57186300080644,1.92389317126974,0.995038135749192
72.8,2.01211803796948,3.57117716925035,1.93136321627436,0.990739441262444
72.9,2.00282137868991,3.57039741432799,1.93871544229691,0.986650300869274
73,1.99368791893956,3.56952655476275,1.94594975273584,0.982764603499106
73.1,1.98471529234333,3.56856743025493,1.95306615163792,0.979076305979776
73.2,1.97590114882272,3.56752289682988,1.96006473905491,0.975579436467997
73.3,1.96724315566069,3.56639582234509,1.96694570649454,0.97226809766871
73.4,1.95873899849498,3.56518908215706,1.97370933246891,0.969136469847166
73.5,1.95038638224187,3.56390555494855,1.98035597814263,0.966178813637893
73.6,1.94218303195261,3.56254811871655,1.98688608308362,0.963389472654818
73.7,1.9341266936044,3.56111964692079,1.9933001611178,0.960762875906743
73.8,1.92621513482805,3.55962300479255,1.99959879629001,0.958293540022741
73.9,1.91844614557444,3.55806104580311,2.00578263893215,0.955976071291968
74,1.9108175387217,3.55643660829076,2.01185240183961,0.953805167522478
74.1,1.90332715062534,3.55475251224561,2.01780885655716,0.951775619723797
74.2,1.89597284161309,3.5530115562502,2.02365282977421,0.949882313617925
74.3,1.88875249642674,3.55121651457487,2.02938519983041,0.948120230983696
74.4,1.88166402461284,3.54937013442564,2.03500689333109,0.946484450839206
74.5,1.87470536086429,3.54747513334279,2.04051888187277,0.944970150467314
74.6,1.86787446531465,3.54553419674771,2.04592217887802,0.943572606289045
74.7,1.86116932378741,3.54354997563588,2.05121783653951,0.94228719458991
74.8,1.85458794800177,3.54152508441324,2.05640694287207,0.941109392103955
74.9,1.84812837573716,3.53946209887335,2.06149061887217,0.940034776460634
75,1.84178867095808,3.53736355431244,2.06647001578346,0.939059026499258
75.1,1.8355669239013,3.53523194377953,2.07134631246746,0.938177922456123
75.2,1.82946125112717,3.53306971645861,2.07612071287778,0.937387346029063
75.3,1.82346979553671,3.53087927617934,2.08079444363636,0.936683280324352
75.4,1.81759072635642,3.52866298005374,2.08536875171039,0.936061809690812
75.5,1.8118222390923,3.52642313723496,2.08984490218793,0.935519119445887
75.6,1.80616255545496,3.524162007795,2.09422417615047,0.935051495498408
75.7,1.80060992325729,3.52188180171808,2.0985078686407,0.934655323872804
75.8,1.79516261628642,3.51958467800607,2.10269728672337,0.934327090139386
75.9,1.7898189341514,3.51727274389238,2.10679374763711,0.93406337875517
76,1.78457720210829,3.5149480541611,2.11079857703537,0.933860872319975
76.1,1.77943577086397,3.51261261056753,2.11471310731418,0.93371635075197
76.2,1.7743930163603,3.51026836135677,2.11853867602443,0.933626690387294
76.3,1.76944733953986,3.50791720087676,2.12227662436667,0.933588863007848
76.4,1.76459716609478,3.50556096928205,2.12592829576595,0.933599934801562
76.5,1.75984094619989,3.5032014523251,2.12949503452455,0.933657065259281
76.6,1.75517715423158,3.5008403812313,2.1329781845502,0.933757506012224
76.7,1.75060428847349,3.49847943265428,2.13637908815761,0.933898599614088
76.8,1.74612087081035,3.49612022870811,2.13969908494072,0.934077778271547
76.9,1.74172544641106,3.49376433707289,2.14293951071373,0.934292562527011
77,1.73741658340221,3.49141327117033,2.14610169651815,0.934540559897245
77.1,1.73319287253304,3.48906849040598,2.14918696769397,0.934819463471513
77.2,1.72905292683294,3.48673140047473,2.15219664301229,0.935127050472601
77.3,1.72499538126251,3.48440335372643,2.15513203386747,0.935461180784285
77.4,1.72101889235905,3.48208564958836,2.15799444352616,0.93581979544835
77.5,1.71712213787758,3.47977953504131,2.16078516643137,0.936200915134463
77.6,1.71330381642809,3.47748620514632,2.16350548755901,0.936602638585966
77.7,1.70956264710996,3.47520680361902,2.166156681825,0.937023141044514
77.8,1.70589736914442,3.47294242344852,2.16874001354062,0.937460672656554
77.9,1.70230674150567,3.47069410755797,2.17125673591402,0.937913556864313
78,1.69878954255157,3.46846284950412,2.173708090596,0.938380188784083
78.1,1.69534456965444,3.46624959421284,2.17609530726766,0.938859033574299
78.2,1.69197063883279,3.46405523874823,2.17841960326833,0.939348624795991
78.3,1.68866658438444,3.46188063311241,2.18068218326157,0.939847562767894
78.4,1.68543125852184,3.45972658107369,2.18288423893738,0.940354512918619
78.5,1.6822635310099,3.45759384102051,2.18502694874888,0.940868204137971
78.6,1.67916228880707,3.45548312683883,2.1871114776815,0.9413874271296
78.7,1.67612643571012,3.45339510881065,2.18913897705306,0.941911032766934
78.8,1.67315489200294,3.45133041453144,2.19111058434287,0.942437930454328
78.9,1.67024659411002,3.44928962984427,2.19302742304835,0.942967086495254
79,1.66740049425483,3.44727329978862,2.19489060256744,0.943497522469205
79.1,1.66461556012364,3.44528192956187,2.19670121810528,0.944028313619073
79.2,1.66189077453492,3.4433159854915,2.19846035060375,0.944558587250394
79.3,1.65922513511485,3.44137589601623,2.20016906669211,0.945087521144062
79.4,1.65661765397915,3.43946205267412,2.20182841865773,0.945614341983809
79.5,1.65406735742144,3.43757481109635,2.20343944443528,0.946138323799804
79.6,1.65157328560846,3.43571449200451,2.20500316761306,0.946658786429531
79.7,1.64913449228233,3.43388138221031,2.20652059745541,0.947175093997151
79.8,1.64675004447006,3.43207573561602,2.20799272893984,0.947686653412364
79.9,1.6444190222005,3.43029777421421,2.20942054280772,0.948192912889786
80,1.64214051822881,3.42854768908552,2.21080500562746,0.948693360489727
80.1,1.63991363776867,3.42682564139322,2.21214706986912,0.949187522681251
80.2,1.6377374982323,3.4251317633733,2.21344767398939,0.949674962928265
80.3,1.63561122897836,3.42346615931886,2.21470774252601,0.950155280299349
80.4,1.63353397106789,3.42182890655801,2.21592818620065,0.950628108101991
80.5,1.63150487702821,3.42022005642394,2.21710990202944,0.951093112541784
80.6,1.62952311062497,3.41863963521649,2.21825377344028,0.951549991407105
80.7,1.62758784664224,3.41708764515409,2.21936067039603,0.95199847277976
80.8,1.62569827067072,3.41556406531547,2.22043144952298,0.952438313771956
80.9,1.62385357890412,3.4140688525702,2.22146695424387,0.95286929929003
81,1.62205297794351,3.41260194249744,2.22246801491464,0.953291240825096
81.1,1.62029568460981,3.4111632502922,2.2234354489644,0.953703975271015
81.2,1.61858092576423,3.40975267165845,2.22437006103797,0.954107363769749
81.3,1.61690793813669,3.4083700836887,2.22527264314048,0.954501290584341
81.4,1.61527596816208,3.40701534572931,2.2261439747834,0.954885661999556
81.5,1.61368427182437,3.40568830023121,2.2269848231316,0.955260405250316
81.6,1.61213211450835,3.40438877358561,2.22779594315091,0.95562546747787
81.7,1.61061877085908,3.40311657694422,2.2285780777558,0.955980814713753
81.8,1.60914352464876,3.40187150702387,2.22933195795674,0.956326430891429
81.9,1.60770566865103,3.40065334689489,2.23005830300684,0.956662316885536
82,1.60630450452256,3.39946186675346,2.23075782054759,0.956988489578637
82.1,1.6049393426917,3.39829682467718,2.23143120675303,0.957304980955256
82.2,1.60360950225425,3.39715796736427,2.23207914647261,0.957611837223096
82.3,1.60231431087601,3.39604503085572,2.23270231337183,0.957909117961137
82.4,1.60105310470205,3.39495774124064,2.23330137007093,0.958196895294401
82.5,1.59982522827261,3.39389581534455,2.23387696828116,0.95847525309517
82.6,1.59863003444534,3.3928589614007,2.23442974893853,0.958744286210248
82.7,1.59746688432388,3.39184687970425,2.23496034233476,0.959004099714057
82.8,1.59633514719242,3.39085926324943,2.23546936824539,0.959254808187166
82.9,1.5952342004563,3.38989579834966,2.23595743605485,0.959496535019935
83,1.5941634295883,3.38895616524073,2.23642514487835,0.959729411740842
83.1,1.59312222808054,3.38804003866707,2.23687308368058,0.959953577369186
83.2,1.59210999740178,3.38714708845125,2.23730183139098,0.960169177791671
83.3,1.59112614696002,3.38627698004683,2.2377119570157,0.960376365162513
83.4,1.59017009407008,3.38542937507466,2.23810401974597,0.96057529732659
83.5,1.58924126392616,3.38460393184286,2.23847856906309,0.960766137265229
83.6,1.58833908957903,3.38380030585062,2.23883614483971,0.960949052564134
83.7,1.5874630119179,3.38301815027596,2.23917727743776,0.961124214903019
83.8,1.58661247965646,3.38225711644781,2.23950248780253,0.961291799566449
83.9,1.58578694932328,3.38151685430238,2.23981228755345,0.961451984975427
84,1.58498588525614,3.38079701282436,2.24010717907111,0.961604952239209
84.1,1.58420875960022,3.38009724047292,2.24038765558082,0.961750884726895
84.2,1.58345505230995,3.37941718559291,2.24065420123263,0.961889967658248
84.3,1.58272425115434,3.37875649681152,2.24090729117793,0.962022387713282
84.4,1.58201585172568,3.37811482342061,2.24114739164252,0.962148332660092
84.5,1.58132935745132,3.37749181574499,2.24137495999634,0.962267991000413
84.6,1.58066427960849,3.37688712549707,2.2415904448199,0.962381551632432
84.7,1.58002013734192,3.37630040611791,2.24179428596741,0.962489203530299
84.8,1.57939645768411,3.37573131310532,2.24198691462669,0.962591135439881
84.9,1.57879277557807,3.37517950432889,2.24216875337597,0.962687535590201
85,1.5782086339025,3.37464464033267,2.24234021623764,0.962778591420098
85.1,1.57764358349895,3.37412638462552,2.242501708729,0.962864489319598
85.2,1.57709718320122,3.37362440395952,2.24265362791012,0.96294541438546
85.3,1.57656899986644,3.37313836859684,2.24279636242885,0.963021550190462
85.4,1.57605860840804,3.37266795256522,2.24293029256317,0.963093078565888
85.5,1.57556559183014,3.37221283390253,2.24305579026082,0.963160179396752
85.6,1.57508954126347,3.3717726948906,2.24317321917643,0.963223030429264
85.7,1.57463005600257,3.37134722227868,2.2432829347061,0.963281807090077
85.8,1.57418674354409,3.37093610749692,2.24338528401974,0.963336682316836
85.9,1.57375921962618,3.37053904685995,2.24348060609101,0.963387826399558
86,1.5733471082687,3.37015574176119,2.24356923172511,0.963435406832406
86.1,1.57295004181421,3.36978589885783,2.24365148358448,0.96347958817539
86.2,1.57256766096968,3.36942923024716,2.24372767621246,0.963520531925556
86.3,1.57219961484854,3.36908545363419,2.24379811605509,0.963558396397243
86.4,1.57184556101326,3.36875429249108,2.24386310148101,0.963593336610958
86.5,1.57150516551818,3.36843547620868,2.24392292279971,0.963625504190475
86.6,1.57117810295249,3.36812874024022,2.24397786227804,0.963655047267727
86.7,1.57086405648324,3.36783382623774,2.24402819415522,0.963682110395119
86.8,1.57056271789837,3.36755048218137,2.24407418465643,0.963706834464836
86.9,1.57027378764951,3.36727846250166,2.24411609200484,0.963729356634799
87,1.56999697489463,3.36701752819544,2.24415416643255,0.963749810260871
87.1,1.56973199754021,3.36676744693525,2.24418865019014,0.963768324834972
87.2,1.5694785822831,3.36652799317271,2.24421977755519,0.96378502592873
87.3,1.56923646465179,3.36629894823606,2.24424777483966,0.963800035142345
87.4,1.56900538904705,3.36608010042208,2.24427286039634,0.963813470058326
87.5,1.56878510878191,3.36587124508264,2.24429524462436,0.963825444199773
87.6,1.56857538612086,3.36567218470612,2.24431512997387,0.963836066992911
87.7,1.56837599231815,3.36548272899382,2.2443327109499,0.963845443733555
87.8,1.56818670765525,3.3653026949318,2.24434817411564,0.963853675557237
87.9,1.5680073214772,3.36513190685802,2.24436169809494,0.963860859412698
88,1.56783763222803,3.36497019652534,2.24437345357432,0.963867088038492
88.1,1.56767744748489,3.3648174031602,2.24438360330444,0.963872449942436
88.2,1.56752658399115,3.36467337351751,2.24439230210112,0.963877029383665
88.3,1.56738486768811,3.36453796193166,2.24439969684595,0.963880906357054
88.4,1.56725213374555,3.36441103036396,2.24440592648653,0.963884156579792
88.5,1.56712822659078,3.36429244844657,2.24441112203647,0.96388685147988
88.6,1.56701299993641,3.36418209352318,2.24441540657509,0.963889058186371
88.7,1.56690631680656,3.36407985068644,2.2444188952469,0.963890839521153
88.8,1.56680804956167,3.36398561281247,2.24442169526096,0.96389225399209
88.9,1.56671807992172,3.36389928059232,2.24442390589008,0.963893355787367
89,1.5666362989879,3.3638207625607,2.24442561846996,0.963894194770882
89.1,1.56656260726266,3.36374997512201,2.24442691639822,0.963894816478527
89.2,1.5664969146681,3.36368684257379,2.24442787513348,0.96389526211525
89.3,1.56643914056279,3.36363129712762,2.2444285621944,0.963895568552746
89.4,1.56638921375678,3.36358327892763,2.24442903715873,0.963895768327699
89.5,1.56634707252492,3.36354273606668,2.24442935166249,0.963895889640454
89.6,1.56631266461852,3.36350962460018,2.24442954939912,0.96389595635405
89.7,1.56628594727516,3.36348390855778,2.24442966611881,0.963895987993508
89.8,1.56626688722678,3.36346555995278,2.24442972962792,0.963895999745364
89.9,1.56625546070598,3.36345455878952,2.24442975978848,0.96389600245734
90,1.5662516534505,3.36345089306848,2.24442976851784,0.963896002638139
